ISO-10303-21;
HEADER;
FILE_DESCRIPTION(('KiCad electronic assembly'),'2;1');
FILE_NAME('pcb.step','2026-05-11T07:14:33',('Pcbnew'),('Kicad'),
  'Open CASCADE STEP processor 7.9','KiCad to STEP converter','Unknown'
  );
FILE_SCHEMA(('AUTOMOTIVE_DESIGN { 1 0 10303 214 1 1 1 1 }'));
ENDSEC;
DATA;
#1 = APPLICATION_PROTOCOL_DEFINITION('international standard',
  'automotive_design',2000,#2);
#2 = APPLICATION_CONTEXT(
  'core data for automotive mechanical design processes');
#3 = SHAPE_DEFINITION_REPRESENTATION(#4,#10);
#4 = PRODUCT_DEFINITION_SHAPE('','',#5);
#5 = PRODUCT_DEFINITION('design','',#6,#9);
#6 = PRODUCT_DEFINITION_FORMATION('','',#7);
#7 = PRODUCT('pcb 1','pcb 1','',(#8));
#8 = PRODUCT_CONTEXT('',#2,'mechanical');
#9 = PRODUCT_DEFINITION_CONTEXT('part definition',#2,'design');
#10 = SHAPE_REPRESENTATION('',(#11,#15),#19);
#11 = AXIS2_PLACEMENT_3D('',#12,#13,#14);
#12 = CARTESIAN_POINT('',(0.,0.,0.));
#13 = DIRECTION('',(0.,0.,1.));
#14 = DIRECTION('',(1.,0.,-0.));
#15 = AXIS2_PLACEMENT_3D('',#16,#17,#18);
#16 = CARTESIAN_POINT('',(0.,0.,0.));
#17 = DIRECTION('',(0.,0.,1.));
#18 = DIRECTION('',(1.,0.,-0.));
#19 = ( GEOMETRIC_REPRESENTATION_CONTEXT(3) 
GLOBAL_UNCERTAINTY_ASSIGNED_CONTEXT((#23)) GLOBAL_UNIT_ASSIGNED_CONTEXT(
(#20,#21,#22)) REPRESENTATION_CONTEXT('Context #1',
  '3D Context with UNIT and UNCERTAINTY') );
#20 = ( LENGTH_UNIT() NAMED_UNIT(*) SI_UNIT(.MILLI.,.METRE.) );
#21 = ( NAMED_UNIT(*) PLANE_ANGLE_UNIT() SI_UNIT($,.RADIAN.) );
#22 = ( NAMED_UNIT(*) SI_UNIT($,.STERADIAN.) SOLID_ANGLE_UNIT() );
#23 = UNCERTAINTY_MEASURE_WITH_UNIT(LENGTH_MEASURE(1.E-07),#20,
  'distance_accuracy_value','confusion accuracy');
#24 = PRODUCT_RELATED_PRODUCT_CATEGORY('part',$,(#7));
#25 = SHAPE_DEFINITION_REPRESENTATION(#26,#32);
#26 = PRODUCT_DEFINITION_SHAPE('','',#27);
#27 = PRODUCT_DEFINITION('design','',#28,#31);
#28 = PRODUCT_DEFINITION_FORMATION('','',#29);
#29 = PRODUCT('Denshi_fuka_PCB','Denshi_fuka_PCB','',(#30));
#30 = PRODUCT_CONTEXT('',#2,'mechanical');
#31 = PRODUCT_DEFINITION_CONTEXT('part definition',#2,'design');
#32 = ADVANCED_BREP_SHAPE_REPRESENTATION('',(#11,#33),#10518);
#33 = MANIFOLD_SOLID_BREP('',#34);
#34 = CLOSED_SHELL('',(#35,#75,#106,#137,#3069,#6001,#6013,#6030,#6047,
    #6064,#6081,#6098,#6115,#6132,#6149,#6166,#6183,#6200,#6217,#6234,
    #6251,#6268,#6285,#6302,#6319,#6336,#6353,#6370,#6387,#6404,#6421,
    #6438,#6455,#6472,#6489,#6506,#6523,#6540,#6557,#6574,#6591,#6608,
    #6625,#6642,#6659,#6676,#6693,#6710,#6727,#6744,#6761,#6778,#6795,
    #6812,#6829,#6846,#6863,#6880,#6897,#6914,#6931,#6948,#6965,#6982,
    #6999,#7016,#7033,#7050,#7067,#7084,#7101,#7118,#7135,#7152,#7169,
    #7186,#7203,#7220,#7237,#7254,#7271,#7288,#7305,#7322,#7339,#7356,
    #7373,#7390,#7407,#7424,#7441,#7458,#7475,#7492,#7509,#7526,#7543,
    #7560,#7577,#7594,#7611,#7628,#7645,#7662,#7679,#7696,#7713,#7730,
    #7747,#7764,#7781,#7798,#7815,#7832,#7849,#7866,#7883,#7900,#7917,
    #7934,#7951,#7968,#7985,#8002,#8019,#8036,#8053,#8070,#8087,#8104,
    #8121,#8138,#8155,#8172,#8189,#8206,#8223,#8240,#8257,#8274,#8291,
    #8308,#8325,#8342,#8359,#8376,#8393,#8410,#8427,#8444,#8461,#8478,
    #8495,#8512,#8529,#8546,#8563,#8580,#8597,#8614,#8631,#8648,#8665,
    #8682,#8699,#8716,#8733,#8750,#8767,#8784,#8801,#8818,#8835,#8852,
    #8869,#8886,#8903,#8920,#8937,#8954,#8971,#8988,#9005,#9022,#9039,
    #9056,#9073,#9090,#9107,#9124,#9141,#9158,#9175,#9192,#9209,#9226,
    #9243,#9260,#9277,#9294,#9311,#9328,#9345,#9362,#9379,#9396,#9413,
    #9430,#9447,#9464,#9481,#9498,#9515,#9532,#9549,#9566,#9583,#9600,
    #9617,#9634,#9651,#9668,#9685,#9702,#9719,#9736,#9753,#9770,#9787,
    #9804,#9821,#9838,#9855,#9872,#9889,#9906,#9923,#9940,#9957,#9974,
    #9991,#10008,#10025,#10042,#10059,#10076,#10093,#10110,#10127,#10144
    ,#10161,#10178,#10195,#10212,#10229,#10246,#10263,#10280,#10297,
    #10314,#10331,#10348,#10365,#10382,#10399,#10416,#10433,#10450,
    #10467,#10484,#10501));
#35 = ADVANCED_FACE('',(#36),#70,.T.);
#36 = FACE_BOUND('',#37,.T.);
#37 = EDGE_LOOP('',(#38,#48,#56,#64));
#38 = ORIENTED_EDGE('',*,*,#39,.T.);
#39 = EDGE_CURVE('',#40,#42,#44,.T.);
#40 = VERTEX_POINT('',#41);
#41 = CARTESIAN_POINT('',(155.508,-34.250003,0.));
#42 = VERTEX_POINT('',#43);
#43 = CARTESIAN_POINT('',(155.508,-34.250003,1.));
#44 = LINE('',#45,#46);
#45 = CARTESIAN_POINT('',(155.508,-34.250003,0.));
#46 = VECTOR('',#47,1.);
#47 = DIRECTION('',(0.,0.,1.));
#48 = ORIENTED_EDGE('',*,*,#49,.T.);
#49 = EDGE_CURVE('',#42,#50,#52,.T.);
#50 = VERTEX_POINT('',#51);
#51 = CARTESIAN_POINT('',(5.508,-34.250003,1.));
#52 = LINE('',#53,#54);
#53 = CARTESIAN_POINT('',(155.508,-34.250003,1.));
#54 = VECTOR('',#55,1.);
#55 = DIRECTION('',(-1.,0.,0.));
#56 = ORIENTED_EDGE('',*,*,#57,.F.);
#57 = EDGE_CURVE('',#58,#50,#60,.T.);
#58 = VERTEX_POINT('',#59);
#59 = CARTESIAN_POINT('',(5.508,-34.250003,0.));
#60 = LINE('',#61,#62);
#61 = CARTESIAN_POINT('',(5.508,-34.250003,0.));
#62 = VECTOR('',#63,1.);
#63 = DIRECTION('',(0.,0.,1.));
#64 = ORIENTED_EDGE('',*,*,#65,.F.);
#65 = EDGE_CURVE('',#40,#58,#66,.T.);
#66 = LINE('',#67,#68);
#67 = CARTESIAN_POINT('',(155.508,-34.250003,0.));
#68 = VECTOR('',#69,1.);
#69 = DIRECTION('',(-1.,0.,0.));
#70 = PLANE('',#71);
#71 = AXIS2_PLACEMENT_3D('',#72,#73,#74);
#72 = CARTESIAN_POINT('',(155.508,-34.250003,0.));
#73 = DIRECTION('',(0.,-1.,0.));
#74 = DIRECTION('',(-1.,0.,0.));
#75 = ADVANCED_FACE('',(#76),#101,.T.);
#76 = FACE_BOUND('',#77,.T.);
#77 = EDGE_LOOP('',(#78,#88,#94,#95));
#78 = ORIENTED_EDGE('',*,*,#79,.T.);
#79 = EDGE_CURVE('',#80,#82,#84,.T.);
#80 = VERTEX_POINT('',#81);
#81 = CARTESIAN_POINT('',(155.508,65.749997,0.));
#82 = VERTEX_POINT('',#83);
#83 = CARTESIAN_POINT('',(155.508,65.749997,1.));
#84 = LINE('',#85,#86);
#85 = CARTESIAN_POINT('',(155.508,65.749997,0.));
#86 = VECTOR('',#87,1.);
#87 = DIRECTION('',(0.,0.,1.));
#88 = ORIENTED_EDGE('',*,*,#89,.T.);
#89 = EDGE_CURVE('',#82,#42,#90,.T.);
#90 = LINE('',#91,#92);
#91 = CARTESIAN_POINT('',(155.508,65.749997,1.));
#92 = VECTOR('',#93,1.);
#93 = DIRECTION('',(0.,-1.,0.));
#94 = ORIENTED_EDGE('',*,*,#39,.F.);
#95 = ORIENTED_EDGE('',*,*,#96,.F.);
#96 = EDGE_CURVE('',#80,#40,#97,.T.);
#97 = LINE('',#98,#99);
#98 = CARTESIAN_POINT('',(155.508,65.749997,0.));
#99 = VECTOR('',#100,1.);
#100 = DIRECTION('',(0.,-1.,0.));
#101 = PLANE('',#102);
#102 = AXIS2_PLACEMENT_3D('',#103,#104,#105);
#103 = CARTESIAN_POINT('',(155.508,65.749997,0.));
#104 = DIRECTION('',(1.,0.,-0.));
#105 = DIRECTION('',(0.,-1.,0.));
#106 = ADVANCED_FACE('',(#107),#132,.T.);
#107 = FACE_BOUND('',#108,.T.);
#108 = EDGE_LOOP('',(#109,#110,#118,#126));
#109 = ORIENTED_EDGE('',*,*,#57,.T.);
#110 = ORIENTED_EDGE('',*,*,#111,.T.);
#111 = EDGE_CURVE('',#50,#112,#114,.T.);
#112 = VERTEX_POINT('',#113);
#113 = CARTESIAN_POINT('',(5.508,65.749997,1.));
#114 = LINE('',#115,#116);
#115 = CARTESIAN_POINT('',(5.508,-34.250003,1.));
#116 = VECTOR('',#117,1.);
#117 = DIRECTION('',(0.,1.,0.));
#118 = ORIENTED_EDGE('',*,*,#119,.F.);
#119 = EDGE_CURVE('',#120,#112,#122,.T.);
#120 = VERTEX_POINT('',#121);
#121 = CARTESIAN_POINT('',(5.508,65.749997,0.));
#122 = LINE('',#123,#124);
#123 = CARTESIAN_POINT('',(5.508,65.749997,0.));
#124 = VECTOR('',#125,1.);
#125 = DIRECTION('',(0.,0.,1.));
#126 = ORIENTED_EDGE('',*,*,#127,.F.);
#127 = EDGE_CURVE('',#58,#120,#128,.T.);
#128 = LINE('',#129,#130);
#129 = CARTESIAN_POINT('',(5.508,-34.250003,0.));
#130 = VECTOR('',#131,1.);
#131 = DIRECTION('',(0.,1.,0.));
#132 = PLANE('',#133);
#133 = AXIS2_PLACEMENT_3D('',#134,#135,#136);
#134 = CARTESIAN_POINT('',(5.508,-34.250003,0.));
#135 = DIRECTION('',(-1.,0.,0.));
#136 = DIRECTION('',(0.,1.,0.));
#137 = ADVANCED_FACE('',(#138,#149,#160,#171,#182,#193,#204,#215,#226,
    #237,#248,#259,#270,#281,#292,#303,#314,#325,#336,#347,#358,#369,
    #380,#391,#402,#413,#424,#435,#446,#457,#468,#479,#490,#501,#512,
    #523,#534,#545,#556,#567,#578,#589,#600,#611,#622,#633,#644,#655,
    #666,#677,#688,#699,#710,#721,#732,#743,#754,#765,#776,#787,#798,
    #809,#820,#831,#842,#853,#864,#875,#886,#897,#908,#919,#930,#941,
    #952,#963,#974,#985,#996,#1007,#1018,#1029,#1040,#1051,#1062,#1073,
    #1084,#1095,#1106,#1117,#1128,#1139,#1150,#1161,#1172,#1183,#1194,
    #1205,#1216,#1227,#1238,#1249,#1260,#1271,#1282,#1293,#1304,#1315,
    #1326,#1337,#1348,#1359,#1370,#1381,#1392,#1403,#1414,#1425,#1436,
    #1447,#1458,#1469,#1480,#1491,#1502,#1513,#1524,#1535,#1546,#1557,
    #1568,#1579,#1590,#1601,#1612,#1623,#1634,#1645,#1656,#1667,#1678,
    #1689,#1700,#1711,#1722,#1733,#1744,#1755,#1766,#1777,#1788,#1799,
    #1810,#1821,#1832,#1843,#1854,#1865,#1876,#1887,#1898,#1909,#1920,
    #1931,#1942,#1953,#1964,#1975,#1986,#1997,#2008,#2019,#2030,#2041,
    #2052,#2063,#2074,#2085,#2096,#2107,#2118,#2129,#2140,#2151,#2162,
    #2173,#2184,#2195,#2206,#2217,#2228,#2239,#2250,#2261,#2272,#2283,
    #2294,#2305,#2316,#2327,#2338,#2349,#2360,#2371,#2382,#2393,#2404,
    #2415,#2426,#2437,#2448,#2459,#2470,#2481,#2492,#2503,#2514,#2525,
    #2536,#2547,#2558,#2569,#2580,#2591,#2602,#2613,#2624,#2635,#2646,
    #2657,#2668,#2679,#2690,#2701,#2712,#2723,#2734,#2745,#2756,#2767,
    #2778,#2789,#2800,#2811,#2822,#2833,#2844,#2855,#2866,#2877,#2888,
    #2899,#2910,#2921,#2932,#2943,#2954,#2965,#2976,#2987,#2998,#3009,
    #3020,#3031,#3042,#3053),#3064,.F.);
#138 = FACE_BOUND('',#139,.F.);
#139 = EDGE_LOOP('',(#140,#141,#142,#148));
#140 = ORIENTED_EDGE('',*,*,#65,.F.);
#141 = ORIENTED_EDGE('',*,*,#96,.F.);
#142 = ORIENTED_EDGE('',*,*,#143,.F.);
#143 = EDGE_CURVE('',#120,#80,#144,.T.);
#144 = LINE('',#145,#146);
#145 = CARTESIAN_POINT('',(5.508,65.749997,0.));
#146 = VECTOR('',#147,1.);
#147 = DIRECTION('',(1.,0.,0.));
#148 = ORIENTED_EDGE('',*,*,#127,.F.);
#149 = FACE_BOUND('',#150,.F.);
#150 = EDGE_LOOP('',(#151));
#151 = ORIENTED_EDGE('',*,*,#152,.T.);
#152 = EDGE_CURVE('',#153,#153,#155,.T.);
#153 = VERTEX_POINT('',#154);
#154 = CARTESIAN_POINT('',(10.5,-30.9,0.));
#155 = CIRCLE('',#156,1.6);
#156 = AXIS2_PLACEMENT_3D('',#157,#158,#159);
#157 = CARTESIAN_POINT('',(10.5,-29.3,0.));
#158 = DIRECTION('',(-0.,0.,-1.));
#159 = DIRECTION('',(-0.,-1.,0.));
#160 = FACE_BOUND('',#161,.F.);
#161 = EDGE_LOOP('',(#162));
#162 = ORIENTED_EDGE('',*,*,#163,.T.);
#163 = EDGE_CURVE('',#164,#164,#166,.T.);
#164 = VERTEX_POINT('',#165);
#165 = CARTESIAN_POINT('',(23.976,-30.662003,0.));
#166 = CIRCLE('',#167,0.4);
#167 = AXIS2_PLACEMENT_3D('',#168,#169,#170);
#168 = CARTESIAN_POINT('',(23.976,-30.262003,0.));
#169 = DIRECTION('',(-0.,0.,-1.));
#170 = DIRECTION('',(-0.,-1.,0.));
#171 = FACE_BOUND('',#172,.F.);
#172 = EDGE_LOOP('',(#173));
#173 = ORIENTED_EDGE('',*,*,#174,.T.);
#174 = EDGE_CURVE('',#175,#175,#177,.T.);
#175 = VERTEX_POINT('',#176);
#176 = CARTESIAN_POINT('',(24.19,-27.868003,0.));
#177 = CIRCLE('',#178,0.4);
#178 = AXIS2_PLACEMENT_3D('',#179,#180,#181);
#179 = CARTESIAN_POINT('',(24.19,-27.468003,0.));
#180 = DIRECTION('',(-0.,0.,-1.));
#181 = DIRECTION('',(8.881784197001E-15,-1.,-0.));
#182 = FACE_BOUND('',#183,.F.);
#183 = EDGE_LOOP('',(#184));
#184 = ORIENTED_EDGE('',*,*,#185,.T.);
#185 = EDGE_CURVE('',#186,#186,#188,.T.);
#186 = VERTEX_POINT('',#187);
#187 = CARTESIAN_POINT('',(28.976,-30.662003,0.));
#188 = CIRCLE('',#189,0.4);
#189 = AXIS2_PLACEMENT_3D('',#190,#191,#192);
#190 = CARTESIAN_POINT('',(28.976,-30.262003,0.));
#191 = DIRECTION('',(-0.,0.,-1.));
#192 = DIRECTION('',(-0.,-1.,0.));
#193 = FACE_BOUND('',#194,.F.);
#194 = EDGE_LOOP('',(#195));
#195 = ORIENTED_EDGE('',*,*,#196,.T.);
#196 = EDGE_CURVE('',#197,#197,#199,.T.);
#197 = VERTEX_POINT('',#198);
#198 = CARTESIAN_POINT('',(28.508,-27.868003,0.));
#199 = CIRCLE('',#200,0.4);
#200 = AXIS2_PLACEMENT_3D('',#201,#202,#203);
#201 = CARTESIAN_POINT('',(28.508,-27.468003,0.));
#202 = DIRECTION('',(-0.,0.,-1.));
#203 = DIRECTION('',(-8.881784197001E-15,-1.,0.));
#204 = FACE_BOUND('',#205,.F.);
#205 = EDGE_LOOP('',(#206));
#206 = ORIENTED_EDGE('',*,*,#207,.T.);
#207 = EDGE_CURVE('',#208,#208,#210,.T.);
#208 = VERTEX_POINT('',#209);
#209 = CARTESIAN_POINT('',(38.922,-30.916003,0.));
#210 = CIRCLE('',#211,0.4);
#211 = AXIS2_PLACEMENT_3D('',#212,#213,#214);
#212 = CARTESIAN_POINT('',(38.922,-30.516003,0.));
#213 = DIRECTION('',(-0.,0.,-1.));
#214 = DIRECTION('',(-0.,-1.,0.));
#215 = FACE_BOUND('',#216,.F.);
#216 = EDGE_LOOP('',(#217));
#217 = ORIENTED_EDGE('',*,*,#218,.T.);
#218 = EDGE_CURVE('',#219,#219,#221,.T.);
#219 = VERTEX_POINT('',#220);
#220 = CARTESIAN_POINT('',(41.462,-30.916003,0.));
#221 = CIRCLE('',#222,0.4);
#222 = AXIS2_PLACEMENT_3D('',#223,#224,#225);
#223 = CARTESIAN_POINT('',(41.462,-30.516003,0.));
#224 = DIRECTION('',(-0.,0.,-1.));
#225 = DIRECTION('',(-0.,-1.,0.));
#226 = FACE_BOUND('',#227,.F.);
#227 = EDGE_LOOP('',(#228));
#228 = ORIENTED_EDGE('',*,*,#229,.T.);
#229 = EDGE_CURVE('',#230,#230,#232,.T.);
#230 = VERTEX_POINT('',#231);
#231 = CARTESIAN_POINT('',(44.002,-30.916003,0.));
#232 = CIRCLE('',#233,0.4);
#233 = AXIS2_PLACEMENT_3D('',#234,#235,#236);
#234 = CARTESIAN_POINT('',(44.002,-30.516003,0.));
#235 = DIRECTION('',(-0.,0.,-1.));
#236 = DIRECTION('',(1.7763568394E-14,-1.,-0.));
#237 = FACE_BOUND('',#238,.F.);
#238 = EDGE_LOOP('',(#239));
#239 = ORIENTED_EDGE('',*,*,#240,.T.);
#240 = EDGE_CURVE('',#241,#241,#243,.T.);
#241 = VERTEX_POINT('',#242);
#242 = CARTESIAN_POINT('',(38.922,-23.296003,0.));
#243 = CIRCLE('',#244,0.4);
#244 = AXIS2_PLACEMENT_3D('',#245,#246,#247);
#245 = CARTESIAN_POINT('',(38.922,-22.896003,0.));
#246 = DIRECTION('',(-0.,0.,-1.));
#247 = DIRECTION('',(-0.,-1.,0.));
#248 = FACE_BOUND('',#249,.F.);
#249 = EDGE_LOOP('',(#250));
#250 = ORIENTED_EDGE('',*,*,#251,.T.);
#251 = EDGE_CURVE('',#252,#252,#254,.T.);
#252 = VERTEX_POINT('',#253);
#253 = CARTESIAN_POINT('',(41.462,-23.296003,0.));
#254 = CIRCLE('',#255,0.4);
#255 = AXIS2_PLACEMENT_3D('',#256,#257,#258);
#256 = CARTESIAN_POINT('',(41.462,-22.896003,0.));
#257 = DIRECTION('',(-0.,0.,-1.));
#258 = DIRECTION('',(-0.,-1.,0.));
#259 = FACE_BOUND('',#260,.F.);
#260 = EDGE_LOOP('',(#261));
#261 = ORIENTED_EDGE('',*,*,#262,.T.);
#262 = EDGE_CURVE('',#263,#263,#265,.T.);
#263 = VERTEX_POINT('',#264);
#264 = CARTESIAN_POINT('',(44.002,-23.296003,0.));
#265 = CIRCLE('',#266,0.4);
#266 = AXIS2_PLACEMENT_3D('',#267,#268,#269);
#267 = CARTESIAN_POINT('',(44.002,-22.896003,0.));
#268 = DIRECTION('',(-0.,0.,-1.));
#269 = DIRECTION('',(1.7763568394E-14,-1.,-0.));
#270 = FACE_BOUND('',#271,.F.);
#271 = EDGE_LOOP('',(#272));
#272 = ORIENTED_EDGE('',*,*,#273,.T.);
#273 = EDGE_CURVE('',#274,#274,#276,.T.);
#274 = VERTEX_POINT('',#275);
#275 = CARTESIAN_POINT('',(24.19,-15.168003,0.));
#276 = CIRCLE('',#277,0.4);
#277 = AXIS2_PLACEMENT_3D('',#278,#279,#280);
#278 = CARTESIAN_POINT('',(24.19,-14.768003,0.));
#279 = DIRECTION('',(-0.,0.,-1.));
#280 = DIRECTION('',(8.881784197001E-15,-1.,-0.));
#281 = FACE_BOUND('',#282,.F.);
#282 = EDGE_LOOP('',(#283));
#283 = ORIENTED_EDGE('',*,*,#284,.T.);
#284 = EDGE_CURVE('',#285,#285,#287,.T.);
#285 = VERTEX_POINT('',#286);
#286 = CARTESIAN_POINT('',(32.652,-19.232003,0.));
#287 = CIRCLE('',#288,0.4);
#288 = AXIS2_PLACEMENT_3D('',#289,#290,#291);
#289 = CARTESIAN_POINT('',(32.652,-18.832003,0.));
#290 = DIRECTION('',(-0.,0.,-1.));
#291 = DIRECTION('',(-0.,-1.,0.));
#292 = FACE_BOUND('',#293,.F.);
#293 = EDGE_LOOP('',(#294));
#294 = ORIENTED_EDGE('',*,*,#295,.T.);
#295 = EDGE_CURVE('',#296,#296,#298,.T.);
#296 = VERTEX_POINT('',#297);
#297 = CARTESIAN_POINT('',(28.508,-15.168003,0.));
#298 = CIRCLE('',#299,0.4);
#299 = AXIS2_PLACEMENT_3D('',#300,#301,#302);
#300 = CARTESIAN_POINT('',(28.508,-14.768003,0.));
#301 = DIRECTION('',(-0.,0.,-1.));
#302 = DIRECTION('',(-8.881784197001E-15,-1.,0.));
#303 = FACE_BOUND('',#304,.F.);
#304 = EDGE_LOOP('',(#305));
#305 = ORIENTED_EDGE('',*,*,#306,.T.);
#306 = EDGE_CURVE('',#307,#307,#309,.T.);
#307 = VERTEX_POINT('',#308);
#308 = CARTESIAN_POINT('',(32.572,-16.438003,0.));
#309 = CIRCLE('',#310,0.4);
#310 = AXIS2_PLACEMENT_3D('',#311,#312,#313);
#311 = CARTESIAN_POINT('',(32.572,-16.038003,0.));
#312 = DIRECTION('',(-0.,0.,-1.));
#313 = DIRECTION('',(-0.,-1.,0.));
#314 = FACE_BOUND('',#315,.F.);
#315 = EDGE_LOOP('',(#316));
#316 = ORIENTED_EDGE('',*,*,#317,.T.);
#317 = EDGE_CURVE('',#318,#318,#320,.T.);
#318 = VERTEX_POINT('',#319);
#319 = CARTESIAN_POINT('',(37.652,-19.232003,0.));
#320 = CIRCLE('',#321,0.4);
#321 = AXIS2_PLACEMENT_3D('',#322,#323,#324);
#322 = CARTESIAN_POINT('',(37.652,-18.832003,0.));
#323 = DIRECTION('',(-0.,0.,-1.));
#324 = DIRECTION('',(-0.,-1.,0.));
#325 = FACE_BOUND('',#326,.F.);
#326 = EDGE_LOOP('',(#327));
#327 = ORIENTED_EDGE('',*,*,#328,.T.);
#328 = EDGE_CURVE('',#329,#329,#331,.T.);
#329 = VERTEX_POINT('',#330);
#330 = CARTESIAN_POINT('',(37.652,-16.438003,0.));
#331 = CIRCLE('',#332,0.4);
#332 = AXIS2_PLACEMENT_3D('',#333,#334,#335);
#333 = CARTESIAN_POINT('',(37.652,-16.038003,0.));
#334 = DIRECTION('',(-0.,0.,-1.));
#335 = DIRECTION('',(-0.,-1.,0.));
#336 = FACE_BOUND('',#337,.F.);
#337 = EDGE_LOOP('',(#338));
#338 = ORIENTED_EDGE('',*,*,#339,.T.);
#339 = EDGE_CURVE('',#340,#340,#342,.T.);
#340 = VERTEX_POINT('',#341);
#341 = CARTESIAN_POINT('',(46.542,-30.916003,0.));
#342 = CIRCLE('',#343,0.4);
#343 = AXIS2_PLACEMENT_3D('',#344,#345,#346);
#344 = CARTESIAN_POINT('',(46.542,-30.516003,0.));
#345 = DIRECTION('',(-0.,0.,-1.));
#346 = DIRECTION('',(-0.,-1.,0.));
#347 = FACE_BOUND('',#348,.F.);
#348 = EDGE_LOOP('',(#349));
#349 = ORIENTED_EDGE('',*,*,#350,.T.);
#350 = EDGE_CURVE('',#351,#351,#353,.T.);
#351 = VERTEX_POINT('',#352);
#352 = CARTESIAN_POINT('',(46.542,-23.296003,0.));
#353 = CIRCLE('',#354,0.4);
#354 = AXIS2_PLACEMENT_3D('',#355,#356,#357);
#355 = CARTESIAN_POINT('',(46.542,-22.896003,0.));
#356 = DIRECTION('',(-0.,0.,-1.));
#357 = DIRECTION('',(-0.,-1.,0.));
#358 = FACE_BOUND('',#359,.F.);
#359 = EDGE_LOOP('',(#360));
#360 = ORIENTED_EDGE('',*,*,#361,.T.);
#361 = EDGE_CURVE('',#362,#362,#364,.T.);
#362 = VERTEX_POINT('',#363);
#363 = CARTESIAN_POINT('',(51.384,-18.233003,0.));
#364 = CIRCLE('',#365,0.375);
#365 = AXIS2_PLACEMENT_3D('',#366,#367,#368);
#366 = CARTESIAN_POINT('',(51.384,-17.858003,0.));
#367 = DIRECTION('',(-0.,0.,-1.));
#368 = DIRECTION('',(-0.,-1.,0.));
#369 = FACE_BOUND('',#370,.F.);
#370 = EDGE_LOOP('',(#371));
#371 = ORIENTED_EDGE('',*,*,#372,.T.);
#372 = EDGE_CURVE('',#373,#373,#375,.T.);
#373 = VERTEX_POINT('',#374);
#374 = CARTESIAN_POINT('',(53.384,-18.233003,0.));
#375 = CIRCLE('',#376,0.375);
#376 = AXIS2_PLACEMENT_3D('',#377,#378,#379);
#377 = CARTESIAN_POINT('',(53.384,-17.858003,0.));
#378 = DIRECTION('',(-0.,0.,-1.));
#379 = DIRECTION('',(-0.,-1.,0.));
#380 = FACE_BOUND('',#381,.F.);
#381 = EDGE_LOOP('',(#382));
#382 = ORIENTED_EDGE('',*,*,#383,.T.);
#383 = EDGE_CURVE('',#384,#384,#386,.T.);
#384 = VERTEX_POINT('',#385);
#385 = CARTESIAN_POINT('',(59.496,-18.978003,0.));
#386 = CIRCLE('',#387,0.4);
#387 = AXIS2_PLACEMENT_3D('',#388,#389,#390);
#388 = CARTESIAN_POINT('',(59.496,-18.578003,0.));
#389 = DIRECTION('',(-0.,0.,-1.));
#390 = DIRECTION('',(1.7763568394E-14,-1.,-0.));
#391 = FACE_BOUND('',#392,.F.);
#392 = EDGE_LOOP('',(#393));
#393 = ORIENTED_EDGE('',*,*,#394,.T.);
#394 = EDGE_CURVE('',#395,#395,#397,.T.);
#395 = VERTEX_POINT('',#396);
#396 = CARTESIAN_POINT('',(62.036,-18.978003,0.));
#397 = CIRCLE('',#398,0.4);
#398 = AXIS2_PLACEMENT_3D('',#399,#400,#401);
#399 = CARTESIAN_POINT('',(62.036,-18.578003,0.));
#400 = DIRECTION('',(-0.,0.,-1.));
#401 = DIRECTION('',(-0.,-1.,0.));
#402 = FACE_BOUND('',#403,.F.);
#403 = EDGE_LOOP('',(#404));
#404 = ORIENTED_EDGE('',*,*,#405,.T.);
#405 = EDGE_CURVE('',#406,#406,#408,.T.);
#406 = VERTEX_POINT('',#407);
#407 = CARTESIAN_POINT('',(51.368,-12.603003,0.));
#408 = CIRCLE('',#409,0.375);
#409 = AXIS2_PLACEMENT_3D('',#410,#411,#412);
#410 = CARTESIAN_POINT('',(51.368,-12.228003,0.));
#411 = DIRECTION('',(-0.,0.,-1.));
#412 = DIRECTION('',(-0.,-1.,0.));
#413 = FACE_BOUND('',#414,.F.);
#414 = EDGE_LOOP('',(#415));
#415 = ORIENTED_EDGE('',*,*,#416,.T.);
#416 = EDGE_CURVE('',#417,#417,#419,.T.);
#417 = VERTEX_POINT('',#418);
#418 = CARTESIAN_POINT('',(53.368,-12.603003,0.));
#419 = CIRCLE('',#420,0.375);
#420 = AXIS2_PLACEMENT_3D('',#421,#422,#423);
#421 = CARTESIAN_POINT('',(53.368,-12.228003,0.));
#422 = DIRECTION('',(-0.,0.,-1.));
#423 = DIRECTION('',(-0.,-1.,0.));
#424 = FACE_BOUND('',#425,.F.);
#425 = EDGE_LOOP('',(#426));
#426 = ORIENTED_EDGE('',*,*,#427,.T.);
#427 = EDGE_CURVE('',#428,#428,#430,.T.);
#428 = VERTEX_POINT('',#429);
#429 = CARTESIAN_POINT('',(59.75,-12.628003,0.));
#430 = CIRCLE('',#431,0.4);
#431 = AXIS2_PLACEMENT_3D('',#432,#433,#434);
#432 = CARTESIAN_POINT('',(59.75,-12.228003,0.));
#433 = DIRECTION('',(-0.,0.,-1.));
#434 = DIRECTION('',(-0.,-1.,0.));
#435 = FACE_BOUND('',#436,.F.);
#436 = EDGE_LOOP('',(#437));
#437 = ORIENTED_EDGE('',*,*,#438,.T.);
#438 = EDGE_CURVE('',#439,#439,#441,.T.);
#439 = VERTEX_POINT('',#440);
#440 = CARTESIAN_POINT('',(59.75,-9.834003,0.));
#441 = CIRCLE('',#442,0.4);
#442 = AXIS2_PLACEMENT_3D('',#443,#444,#445);
#443 = CARTESIAN_POINT('',(59.75,-9.434003,0.));
#444 = DIRECTION('',(-0.,0.,-1.));
#445 = DIRECTION('',(-0.,-1.,0.));
#446 = FACE_BOUND('',#447,.F.);
#447 = EDGE_LOOP('',(#448));
#448 = ORIENTED_EDGE('',*,*,#449,.T.);
#449 = EDGE_CURVE('',#450,#450,#452,.T.);
#450 = VERTEX_POINT('',#451);
#451 = CARTESIAN_POINT('',(64.576,-18.978003,0.));
#452 = CIRCLE('',#453,0.4);
#453 = AXIS2_PLACEMENT_3D('',#454,#455,#456);
#454 = CARTESIAN_POINT('',(64.576,-18.578003,0.));
#455 = DIRECTION('',(-0.,0.,-1.));
#456 = DIRECTION('',(-0.,-1.,0.));
#457 = FACE_BOUND('',#458,.F.);
#458 = EDGE_LOOP('',(#459));
#459 = ORIENTED_EDGE('',*,*,#460,.T.);
#460 = EDGE_CURVE('',#461,#461,#463,.T.);
#461 = VERTEX_POINT('',#462);
#462 = CARTESIAN_POINT('',(67.116,-18.978003,0.));
#463 = CIRCLE('',#464,0.4);
#464 = AXIS2_PLACEMENT_3D('',#465,#466,#467);
#465 = CARTESIAN_POINT('',(67.116,-18.578003,0.));
#466 = DIRECTION('',(-0.,0.,-1.));
#467 = DIRECTION('',(-0.,-1.,0.));
#468 = FACE_BOUND('',#469,.F.);
#469 = EDGE_LOOP('',(#470));
#470 = ORIENTED_EDGE('',*,*,#471,.T.);
#471 = EDGE_CURVE('',#472,#472,#474,.T.);
#472 = VERTEX_POINT('',#473);
#473 = CARTESIAN_POINT('',(69.656,-18.978003,0.));
#474 = CIRCLE('',#475,0.4);
#475 = AXIS2_PLACEMENT_3D('',#476,#477,#478);
#476 = CARTESIAN_POINT('',(69.656,-18.578003,0.));
#477 = DIRECTION('',(-0.,0.,-1.));
#478 = DIRECTION('',(-0.,-1.,0.));
#479 = FACE_BOUND('',#480,.F.);
#480 = EDGE_LOOP('',(#481));
#481 = ORIENTED_EDGE('',*,*,#482,.T.);
#482 = EDGE_CURVE('',#483,#483,#485,.T.);
#483 = VERTEX_POINT('',#484);
#484 = CARTESIAN_POINT('',(72.196,-18.978003,0.));
#485 = CIRCLE('',#486,0.4);
#486 = AXIS2_PLACEMENT_3D('',#487,#488,#489);
#487 = CARTESIAN_POINT('',(72.196,-18.578003,0.));
#488 = DIRECTION('',(-0.,0.,-1.));
#489 = DIRECTION('',(-0.,-1.,0.));
#490 = FACE_BOUND('',#491,.F.);
#491 = EDGE_LOOP('',(#492));
#492 = ORIENTED_EDGE('',*,*,#493,.T.);
#493 = EDGE_CURVE('',#494,#494,#496,.T.);
#494 = VERTEX_POINT('',#495);
#495 = CARTESIAN_POINT('',(74.736,-18.978003,0.));
#496 = CIRCLE('',#497,0.4);
#497 = AXIS2_PLACEMENT_3D('',#498,#499,#500);
#498 = CARTESIAN_POINT('',(74.736,-18.578003,0.));
#499 = DIRECTION('',(-0.,0.,-1.));
#500 = DIRECTION('',(3.5527136788E-14,-1.,-0.));
#501 = FACE_BOUND('',#502,.F.);
#502 = EDGE_LOOP('',(#503));
#503 = ORIENTED_EDGE('',*,*,#504,.T.);
#504 = EDGE_CURVE('',#505,#505,#507,.T.);
#505 = VERTEX_POINT('',#506);
#506 = CARTESIAN_POINT('',(77.276,-18.978003,0.));
#507 = CIRCLE('',#508,0.4);
#508 = AXIS2_PLACEMENT_3D('',#509,#510,#511);
#509 = CARTESIAN_POINT('',(77.276,-18.578003,0.));
#510 = DIRECTION('',(-0.,0.,-1.));
#511 = DIRECTION('',(-3.552713678801E-14,-1.,0.));
#512 = FACE_BOUND('',#513,.F.);
#513 = EDGE_LOOP('',(#514));
#514 = ORIENTED_EDGE('',*,*,#515,.T.);
#515 = EDGE_CURVE('',#516,#516,#518,.T.);
#516 = VERTEX_POINT('',#517);
#517 = CARTESIAN_POINT('',(79.816,-18.978003,0.));
#518 = CIRCLE('',#519,0.4);
#519 = AXIS2_PLACEMENT_3D('',#520,#521,#522);
#520 = CARTESIAN_POINT('',(79.816,-18.578003,0.));
#521 = DIRECTION('',(-0.,0.,-1.));
#522 = DIRECTION('',(-0.,-1.,0.));
#523 = FACE_BOUND('',#524,.F.);
#524 = EDGE_LOOP('',(#525));
#525 = ORIENTED_EDGE('',*,*,#526,.T.);
#526 = EDGE_CURVE('',#527,#527,#529,.T.);
#527 = VERTEX_POINT('',#528);
#528 = CARTESIAN_POINT('',(69.91,-12.628003,0.));
#529 = CIRCLE('',#530,0.4);
#530 = AXIS2_PLACEMENT_3D('',#531,#532,#533);
#531 = CARTESIAN_POINT('',(69.91,-12.228003,0.));
#532 = DIRECTION('',(-0.,0.,-1.));
#533 = DIRECTION('',(-0.,-1.,0.));
#534 = FACE_BOUND('',#535,.F.);
#535 = EDGE_LOOP('',(#536));
#536 = ORIENTED_EDGE('',*,*,#537,.T.);
#537 = EDGE_CURVE('',#538,#538,#540,.T.);
#538 = VERTEX_POINT('',#539);
#539 = CARTESIAN_POINT('',(69.91,-9.834003,0.));
#540 = CIRCLE('',#541,0.4);
#541 = AXIS2_PLACEMENT_3D('',#542,#543,#544);
#542 = CARTESIAN_POINT('',(69.91,-9.434003,0.));
#543 = DIRECTION('',(-0.,0.,-1.));
#544 = DIRECTION('',(-0.,-1.,0.));
#545 = FACE_BOUND('',#546,.F.);
#546 = EDGE_LOOP('',(#547));
#547 = ORIENTED_EDGE('',*,*,#548,.T.);
#548 = EDGE_CURVE('',#549,#549,#551,.T.);
#549 = VERTEX_POINT('',#550);
#550 = CARTESIAN_POINT('',(73.72,-13.390003,0.));
#551 = CIRCLE('',#552,0.4);
#552 = AXIS2_PLACEMENT_3D('',#553,#554,#555);
#553 = CARTESIAN_POINT('',(73.72,-12.990003,0.));
#554 = DIRECTION('',(-0.,0.,-1.));
#555 = DIRECTION('',(-0.,-1.,0.));
#556 = FACE_BOUND('',#557,.F.);
#557 = EDGE_LOOP('',(#558));
#558 = ORIENTED_EDGE('',*,*,#559,.T.);
#559 = EDGE_CURVE('',#560,#560,#562,.T.);
#560 = VERTEX_POINT('',#561);
#561 = CARTESIAN_POINT('',(32.572,-3.738003,0.));
#562 = CIRCLE('',#563,0.4);
#563 = AXIS2_PLACEMENT_3D('',#564,#565,#566);
#564 = CARTESIAN_POINT('',(32.572,-3.338003,0.));
#565 = DIRECTION('',(-0.,0.,-1.));
#566 = DIRECTION('',(-0.,-1.,0.));
#567 = FACE_BOUND('',#568,.F.);
#568 = EDGE_LOOP('',(#569));
#569 = ORIENTED_EDGE('',*,*,#570,.T.);
#570 = EDGE_CURVE('',#571,#571,#573,.T.);
#571 = VERTEX_POINT('',#572);
#572 = CARTESIAN_POINT('',(43.494,-7.040003,0.));
#573 = CIRCLE('',#574,0.4);
#574 = AXIS2_PLACEMENT_3D('',#575,#576,#577);
#575 = CARTESIAN_POINT('',(43.494,-6.640003,0.));
#576 = DIRECTION('',(-0.,0.,-1.));
#577 = DIRECTION('',(-0.,-1.,0.));
#578 = FACE_BOUND('',#579,.F.);
#579 = EDGE_LOOP('',(#580));
#580 = ORIENTED_EDGE('',*,*,#581,.T.);
#581 = EDGE_CURVE('',#582,#582,#584,.T.);
#582 = VERTEX_POINT('',#583);
#583 = CARTESIAN_POINT('',(37.652,-3.738003,0.));
#584 = CIRCLE('',#585,0.4);
#585 = AXIS2_PLACEMENT_3D('',#586,#587,#588);
#586 = CARTESIAN_POINT('',(37.652,-3.338003,0.));
#587 = DIRECTION('',(-0.,0.,-1.));
#588 = DIRECTION('',(-0.,-1.,0.));
#589 = FACE_BOUND('',#590,.F.);
#590 = EDGE_LOOP('',(#591));
#591 = ORIENTED_EDGE('',*,*,#592,.T.);
#592 = EDGE_CURVE('',#593,#593,#595,.T.);
#593 = VERTEX_POINT('',#594);
#594 = CARTESIAN_POINT('',(43.494,-2.976003,0.));
#595 = CIRCLE('',#596,0.4);
#596 = AXIS2_PLACEMENT_3D('',#597,#598,#599);
#597 = CARTESIAN_POINT('',(43.494,-2.576003,0.));
#598 = DIRECTION('',(-0.,0.,-1.));
#599 = DIRECTION('',(-0.,-1.,0.));
#600 = FACE_BOUND('',#601,.F.);
#601 = EDGE_LOOP('',(#602));
#602 = ORIENTED_EDGE('',*,*,#603,.T.);
#603 = EDGE_CURVE('',#604,#604,#606,.T.);
#604 = VERTEX_POINT('',#605);
#605 = CARTESIAN_POINT('',(37.906,6.983997,0.));
#606 = CIRCLE('',#607,0.6);
#607 = AXIS2_PLACEMENT_3D('',#608,#609,#610);
#608 = CARTESIAN_POINT('',(37.906,7.583997,0.));
#609 = DIRECTION('',(-0.,0.,-1.));
#610 = DIRECTION('',(-0.,-1.,0.));
#611 = FACE_BOUND('',#612,.F.);
#612 = EDGE_LOOP('',(#613));
#613 = ORIENTED_EDGE('',*,*,#614,.T.);
#614 = EDGE_CURVE('',#615,#615,#617,.T.);
#615 = VERTEX_POINT('',#616);
#616 = CARTESIAN_POINT('',(32.064,11.415997,0.));
#617 = CIRCLE('',#618,1.6);
#618 = AXIS2_PLACEMENT_3D('',#619,#620,#621);
#619 = CARTESIAN_POINT('',(32.064,13.015997,0.));
#620 = DIRECTION('',(-0.,0.,-1.));
#621 = DIRECTION('',(-0.,-1.,0.));
#622 = FACE_BOUND('',#623,.F.);
#623 = EDGE_LOOP('',(#624));
#624 = ORIENTED_EDGE('',*,*,#625,.T.);
#625 = EDGE_CURVE('',#626,#626,#628,.T.);
#626 = VERTEX_POINT('',#627);
#627 = CARTESIAN_POINT('',(53.654,-7.040003,0.));
#628 = CIRCLE('',#629,0.4);
#629 = AXIS2_PLACEMENT_3D('',#630,#631,#632);
#630 = CARTESIAN_POINT('',(53.654,-6.640003,0.));
#631 = DIRECTION('',(-0.,0.,-1.));
#632 = DIRECTION('',(1.7763568394E-14,-1.,-0.));
#633 = FACE_BOUND('',#634,.F.);
#634 = EDGE_LOOP('',(#635));
#635 = ORIENTED_EDGE('',*,*,#636,.T.);
#636 = EDGE_CURVE('',#637,#637,#639,.T.);
#637 = VERTEX_POINT('',#638);
#638 = CARTESIAN_POINT('',(59.496,-3.738003,0.));
#639 = CIRCLE('',#640,0.4);
#640 = AXIS2_PLACEMENT_3D('',#641,#642,#643);
#641 = CARTESIAN_POINT('',(59.496,-3.338003,0.));
#642 = DIRECTION('',(-0.,0.,-1.));
#643 = DIRECTION('',(1.7763568394E-14,-1.,-0.));
#644 = FACE_BOUND('',#645,.F.);
#645 = EDGE_LOOP('',(#646));
#646 = ORIENTED_EDGE('',*,*,#647,.T.);
#647 = EDGE_CURVE('',#648,#648,#650,.T.);
#648 = VERTEX_POINT('',#649);
#649 = CARTESIAN_POINT('',(62.036,-3.738003,0.));
#650 = CIRCLE('',#651,0.4);
#651 = AXIS2_PLACEMENT_3D('',#652,#653,#654);
#652 = CARTESIAN_POINT('',(62.036,-3.338003,0.));
#653 = DIRECTION('',(-0.,0.,-1.));
#654 = DIRECTION('',(-0.,-1.,0.));
#655 = FACE_BOUND('',#656,.F.);
#656 = EDGE_LOOP('',(#657));
#657 = ORIENTED_EDGE('',*,*,#658,.T.);
#658 = EDGE_CURVE('',#659,#659,#661,.T.);
#659 = VERTEX_POINT('',#660);
#660 = CARTESIAN_POINT('',(53.654,-2.976003,0.));
#661 = CIRCLE('',#662,0.4);
#662 = AXIS2_PLACEMENT_3D('',#663,#664,#665);
#663 = CARTESIAN_POINT('',(53.654,-2.576003,0.));
#664 = DIRECTION('',(-0.,0.,-1.));
#665 = DIRECTION('',(1.7763568394E-14,-1.,-0.));
#666 = FACE_BOUND('',#667,.F.);
#667 = EDGE_LOOP('',(#668));
#668 = ORIENTED_EDGE('',*,*,#669,.T.);
#669 = EDGE_CURVE('',#670,#670,#672,.T.);
#670 = VERTEX_POINT('',#671);
#671 = CARTESIAN_POINT('',(64.576,-3.738003,0.));
#672 = CIRCLE('',#673,0.4);
#673 = AXIS2_PLACEMENT_3D('',#674,#675,#676);
#674 = CARTESIAN_POINT('',(64.576,-3.338003,0.));
#675 = DIRECTION('',(-0.,0.,-1.));
#676 = DIRECTION('',(-0.,-1.,0.));
#677 = FACE_BOUND('',#678,.F.);
#678 = EDGE_LOOP('',(#679));
#679 = ORIENTED_EDGE('',*,*,#680,.T.);
#680 = EDGE_CURVE('',#681,#681,#683,.T.);
#681 = VERTEX_POINT('',#682);
#682 = CARTESIAN_POINT('',(67.116,-3.738003,0.));
#683 = CIRCLE('',#684,0.4);
#684 = AXIS2_PLACEMENT_3D('',#685,#686,#687);
#685 = CARTESIAN_POINT('',(67.116,-3.338003,0.));
#686 = DIRECTION('',(-0.,0.,-1.));
#687 = DIRECTION('',(-0.,-1.,0.));
#688 = FACE_BOUND('',#689,.F.);
#689 = EDGE_LOOP('',(#690));
#690 = ORIENTED_EDGE('',*,*,#691,.T.);
#691 = EDGE_CURVE('',#692,#692,#694,.T.);
#692 = VERTEX_POINT('',#693);
#693 = CARTESIAN_POINT('',(69.656,-3.738003,0.));
#694 = CIRCLE('',#695,0.4);
#695 = AXIS2_PLACEMENT_3D('',#696,#697,#698);
#696 = CARTESIAN_POINT('',(69.656,-3.338003,0.));
#697 = DIRECTION('',(-0.,0.,-1.));
#698 = DIRECTION('',(-0.,-1.,0.));
#699 = FACE_BOUND('',#700,.F.);
#700 = EDGE_LOOP('',(#701));
#701 = ORIENTED_EDGE('',*,*,#702,.T.);
#702 = EDGE_CURVE('',#703,#703,#705,.T.);
#703 = VERTEX_POINT('',#704);
#704 = CARTESIAN_POINT('',(71.728,-7.040003,0.));
#705 = CIRCLE('',#706,0.4);
#706 = AXIS2_PLACEMENT_3D('',#707,#708,#709);
#707 = CARTESIAN_POINT('',(71.728,-6.640003,0.));
#708 = DIRECTION('',(-0.,0.,-1.));
#709 = DIRECTION('',(-3.552713678801E-14,-1.,0.));
#710 = FACE_BOUND('',#711,.F.);
#711 = EDGE_LOOP('',(#712));
#712 = ORIENTED_EDGE('',*,*,#713,.T.);
#713 = EDGE_CURVE('',#714,#714,#716,.T.);
#714 = VERTEX_POINT('',#715);
#715 = CARTESIAN_POINT('',(77.57,-8.818003,0.));
#716 = CIRCLE('',#717,0.4);
#717 = AXIS2_PLACEMENT_3D('',#718,#719,#720);
#718 = CARTESIAN_POINT('',(77.57,-8.418003,0.));
#719 = DIRECTION('',(-0.,0.,-1.));
#720 = DIRECTION('',(-0.,-1.,0.));
#721 = FACE_BOUND('',#722,.F.);
#722 = EDGE_LOOP('',(#723));
#723 = ORIENTED_EDGE('',*,*,#724,.T.);
#724 = EDGE_CURVE('',#725,#725,#727,.T.);
#725 = VERTEX_POINT('',#726);
#726 = CARTESIAN_POINT('',(76.728,-7.040003,0.));
#727 = CIRCLE('',#728,0.4);
#728 = AXIS2_PLACEMENT_3D('',#729,#730,#731);
#729 = CARTESIAN_POINT('',(76.728,-6.640003,0.));
#730 = DIRECTION('',(-0.,0.,-1.));
#731 = DIRECTION('',(-3.552713678801E-14,-1.,0.));
#732 = FACE_BOUND('',#733,.F.);
#733 = EDGE_LOOP('',(#734));
#734 = ORIENTED_EDGE('',*,*,#735,.T.);
#735 = EDGE_CURVE('',#736,#736,#738,.T.);
#736 = VERTEX_POINT('',#737);
#737 = CARTESIAN_POINT('',(79.836,-6.278003,0.));
#738 = CIRCLE('',#739,0.4);
#739 = AXIS2_PLACEMENT_3D('',#740,#741,#742);
#740 = CARTESIAN_POINT('',(79.836,-5.878003,0.));
#741 = DIRECTION('',(-0.,0.,-1.));
#742 = DIRECTION('',(-3.552713678801E-14,-1.,0.));
#743 = FACE_BOUND('',#744,.F.);
#744 = EDGE_LOOP('',(#745));
#745 = ORIENTED_EDGE('',*,*,#746,.T.);
#746 = EDGE_CURVE('',#747,#747,#749,.T.);
#747 = VERTEX_POINT('',#748);
#748 = CARTESIAN_POINT('',(72.196,-3.738003,0.));
#749 = CIRCLE('',#750,0.4);
#750 = AXIS2_PLACEMENT_3D('',#751,#752,#753);
#751 = CARTESIAN_POINT('',(72.196,-3.338003,0.));
#752 = DIRECTION('',(-0.,0.,-1.));
#753 = DIRECTION('',(-0.,-1.,0.));
#754 = FACE_BOUND('',#755,.F.);
#755 = EDGE_LOOP('',(#756));
#756 = ORIENTED_EDGE('',*,*,#757,.T.);
#757 = EDGE_CURVE('',#758,#758,#760,.T.);
#758 = VERTEX_POINT('',#759);
#759 = CARTESIAN_POINT('',(74.736,-3.738003,0.));
#760 = CIRCLE('',#761,0.4);
#761 = AXIS2_PLACEMENT_3D('',#762,#763,#764);
#762 = CARTESIAN_POINT('',(74.736,-3.338003,0.));
#763 = DIRECTION('',(-0.,0.,-1.));
#764 = DIRECTION('',(3.5527136788E-14,-1.,-0.));
#765 = FACE_BOUND('',#766,.F.);
#766 = EDGE_LOOP('',(#767));
#767 = ORIENTED_EDGE('',*,*,#768,.T.);
#768 = EDGE_CURVE('',#769,#769,#771,.T.);
#769 = VERTEX_POINT('',#770);
#770 = CARTESIAN_POINT('',(77.276,-3.738003,0.));
#771 = CIRCLE('',#772,0.4);
#772 = AXIS2_PLACEMENT_3D('',#773,#774,#775);
#773 = CARTESIAN_POINT('',(77.276,-3.338003,0.));
#774 = DIRECTION('',(-0.,0.,-1.));
#775 = DIRECTION('',(-3.552713678801E-14,-1.,0.));
#776 = FACE_BOUND('',#777,.F.);
#777 = EDGE_LOOP('',(#778));
#778 = ORIENTED_EDGE('',*,*,#779,.T.);
#779 = EDGE_CURVE('',#780,#780,#782,.T.);
#780 = VERTEX_POINT('',#781);
#781 = CARTESIAN_POINT('',(79.816,-3.738003,0.));
#782 = CIRCLE('',#783,0.4);
#783 = AXIS2_PLACEMENT_3D('',#784,#785,#786);
#784 = CARTESIAN_POINT('',(79.816,-3.338003,0.));
#785 = DIRECTION('',(-0.,0.,-1.));
#786 = DIRECTION('',(-0.,-1.,0.));
#787 = FACE_BOUND('',#788,.F.);
#788 = EDGE_LOOP('',(#789));
#789 = ORIENTED_EDGE('',*,*,#790,.T.);
#790 = EDGE_CURVE('',#791,#791,#793,.T.);
#791 = VERTEX_POINT('',#792);
#792 = CARTESIAN_POINT('',(65.846,-0.690003,0.));
#793 = CIRCLE('',#794,0.4);
#794 = AXIS2_PLACEMENT_3D('',#795,#796,#797);
#795 = CARTESIAN_POINT('',(65.846,-0.290003,0.));
#796 = DIRECTION('',(-0.,0.,-1.));
#797 = DIRECTION('',(-0.,-1.,0.));
#798 = FACE_BOUND('',#799,.F.);
#799 = EDGE_LOOP('',(#800));
#800 = ORIENTED_EDGE('',*,*,#801,.T.);
#801 = EDGE_CURVE('',#802,#802,#804,.T.);
#802 = VERTEX_POINT('',#803);
#803 = CARTESIAN_POINT('',(73.466,-0.690003,0.));
#804 = CIRCLE('',#805,0.4);
#805 = AXIS2_PLACEMENT_3D('',#806,#807,#808);
#806 = CARTESIAN_POINT('',(73.466,-0.290003,0.));
#807 = DIRECTION('',(-0.,0.,-1.));
#808 = DIRECTION('',(-3.552713678801E-14,-1.,0.));
#809 = FACE_BOUND('',#810,.F.);
#810 = EDGE_LOOP('',(#811));
#811 = ORIENTED_EDGE('',*,*,#812,.T.);
#812 = EDGE_CURVE('',#813,#813,#815,.T.);
#813 = VERTEX_POINT('',#814);
#814 = CARTESIAN_POINT('',(76.768,-0.690003,0.));
#815 = CIRCLE('',#816,0.4);
#816 = AXIS2_PLACEMENT_3D('',#817,#818,#819);
#817 = CARTESIAN_POINT('',(76.768,-0.290003,0.));
#818 = DIRECTION('',(-0.,0.,-1.));
#819 = DIRECTION('',(-0.,-1.,0.));
#820 = FACE_BOUND('',#821,.F.);
#821 = EDGE_LOOP('',(#822));
#822 = ORIENTED_EDGE('',*,*,#823,.T.);
#823 = EDGE_CURVE('',#824,#824,#826,.T.);
#824 = VERTEX_POINT('',#825);
#825 = CARTESIAN_POINT('',(84.642,-31.932003,0.));
#826 = CIRCLE('',#827,0.4);
#827 = AXIS2_PLACEMENT_3D('',#828,#829,#830);
#828 = CARTESIAN_POINT('',(84.642,-31.532003,0.));
#829 = DIRECTION('',(-0.,0.,-1.));
#830 = DIRECTION('',(-0.,-1.,0.));
#831 = FACE_BOUND('',#832,.F.);
#832 = EDGE_LOOP('',(#833));
#833 = ORIENTED_EDGE('',*,*,#834,.T.);
#834 = EDGE_CURVE('',#835,#835,#837,.T.);
#835 = VERTEX_POINT('',#836);
#836 = CARTESIAN_POINT('',(84.642,-29.392003,0.));
#837 = CIRCLE('',#838,0.4);
#838 = AXIS2_PLACEMENT_3D('',#839,#840,#841);
#839 = CARTESIAN_POINT('',(84.642,-28.992003,0.));
#840 = DIRECTION('',(-0.,0.,-1.));
#841 = DIRECTION('',(-0.,-1.,0.));
#842 = FACE_BOUND('',#843,.F.);
#843 = EDGE_LOOP('',(#844));
#844 = ORIENTED_EDGE('',*,*,#845,.T.);
#845 = EDGE_CURVE('',#846,#846,#848,.T.);
#846 = VERTEX_POINT('',#847);
#847 = CARTESIAN_POINT('',(92.262,-31.932003,0.));
#848 = CIRCLE('',#849,0.4);
#849 = AXIS2_PLACEMENT_3D('',#850,#851,#852);
#850 = CARTESIAN_POINT('',(92.262,-31.532003,0.));
#851 = DIRECTION('',(-0.,0.,-1.));
#852 = DIRECTION('',(-0.,-1.,0.));
#853 = FACE_BOUND('',#854,.F.);
#854 = EDGE_LOOP('',(#855));
#855 = ORIENTED_EDGE('',*,*,#856,.T.);
#856 = EDGE_CURVE('',#857,#857,#859,.T.);
#857 = VERTEX_POINT('',#858);
#858 = CARTESIAN_POINT('',(92.262,-29.392003,0.));
#859 = CIRCLE('',#860,0.4);
#860 = AXIS2_PLACEMENT_3D('',#861,#862,#863);
#861 = CARTESIAN_POINT('',(92.262,-28.992003,0.));
#862 = DIRECTION('',(-0.,0.,-1.));
#863 = DIRECTION('',(-0.,-1.,0.));
#864 = FACE_BOUND('',#865,.F.);
#865 = EDGE_LOOP('',(#866));
#866 = ORIENTED_EDGE('',*,*,#867,.T.);
#867 = EDGE_CURVE('',#868,#868,#870,.T.);
#868 = VERTEX_POINT('',#869);
#869 = CARTESIAN_POINT('',(84.642,-26.852003,0.));
#870 = CIRCLE('',#871,0.4);
#871 = AXIS2_PLACEMENT_3D('',#872,#873,#874);
#872 = CARTESIAN_POINT('',(84.642,-26.452003,0.));
#873 = DIRECTION('',(-0.,0.,-1.));
#874 = DIRECTION('',(-0.,-1.,0.));
#875 = FACE_BOUND('',#876,.F.);
#876 = EDGE_LOOP('',(#877));
#877 = ORIENTED_EDGE('',*,*,#878,.T.);
#878 = EDGE_CURVE('',#879,#879,#881,.T.);
#879 = VERTEX_POINT('',#880);
#880 = CARTESIAN_POINT('',(84.642,-24.312003,0.));
#881 = CIRCLE('',#882,0.4);
#882 = AXIS2_PLACEMENT_3D('',#883,#884,#885);
#883 = CARTESIAN_POINT('',(84.642,-23.912003,0.));
#884 = DIRECTION('',(-0.,0.,-1.));
#885 = DIRECTION('',(-0.,-1.,0.));
#886 = FACE_BOUND('',#887,.F.);
#887 = EDGE_LOOP('',(#888));
#888 = ORIENTED_EDGE('',*,*,#889,.T.);
#889 = EDGE_CURVE('',#890,#890,#892,.T.);
#890 = VERTEX_POINT('',#891);
#891 = CARTESIAN_POINT('',(87.436,-21.478003,0.));
#892 = CIRCLE('',#893,0.4);
#893 = AXIS2_PLACEMENT_3D('',#894,#895,#896);
#894 = CARTESIAN_POINT('',(87.436,-21.078003,0.));
#895 = DIRECTION('',(-0.,0.,-1.));
#896 = DIRECTION('',(-0.,-1.,0.));
#897 = FACE_BOUND('',#898,.F.);
#898 = EDGE_LOOP('',(#899));
#899 = ORIENTED_EDGE('',*,*,#900,.T.);
#900 = EDGE_CURVE('',#901,#901,#903,.T.);
#901 = VERTEX_POINT('',#902);
#902 = CARTESIAN_POINT('',(92.262,-26.852003,0.));
#903 = CIRCLE('',#904,0.4);
#904 = AXIS2_PLACEMENT_3D('',#905,#906,#907);
#905 = CARTESIAN_POINT('',(92.262,-26.452003,0.));
#906 = DIRECTION('',(-0.,0.,-1.));
#907 = DIRECTION('',(-0.,-1.,0.));
#908 = FACE_BOUND('',#909,.F.);
#909 = EDGE_LOOP('',(#910));
#910 = ORIENTED_EDGE('',*,*,#911,.T.);
#911 = EDGE_CURVE('',#912,#912,#914,.T.);
#912 = VERTEX_POINT('',#913);
#913 = CARTESIAN_POINT('',(92.262,-24.312003,0.));
#914 = CIRCLE('',#915,0.4);
#915 = AXIS2_PLACEMENT_3D('',#916,#917,#918);
#916 = CARTESIAN_POINT('',(92.262,-23.912003,0.));
#917 = DIRECTION('',(-0.,0.,-1.));
#918 = DIRECTION('',(-0.,-1.,0.));
#919 = FACE_BOUND('',#920,.F.);
#920 = EDGE_LOOP('',(#921));
#921 = ORIENTED_EDGE('',*,*,#922,.T.);
#922 = EDGE_CURVE('',#923,#923,#925,.T.);
#923 = VERTEX_POINT('',#924);
#924 = CARTESIAN_POINT('',(101.66,-31.354003,0.));
#925 = CIRCLE('',#926,1.6);
#926 = AXIS2_PLACEMENT_3D('',#927,#928,#929);
#927 = CARTESIAN_POINT('',(101.66,-29.754003,0.));
#928 = DIRECTION('',(-0.,0.,-1.));
#929 = DIRECTION('',(-0.,-1.,0.));
#930 = FACE_BOUND('',#931,.F.);
#931 = EDGE_LOOP('',(#932));
#932 = ORIENTED_EDGE('',*,*,#933,.T.);
#933 = EDGE_CURVE('',#934,#934,#936,.T.);
#934 = VERTEX_POINT('',#935);
#935 = CARTESIAN_POINT('',(101.66,-26.698003,0.));
#936 = CIRCLE('',#937,0.5);
#937 = AXIS2_PLACEMENT_3D('',#938,#939,#940);
#938 = CARTESIAN_POINT('',(101.66,-26.198003,0.));
#939 = DIRECTION('',(-0.,0.,-1.));
#940 = DIRECTION('',(-0.,-1.,0.));
#941 = FACE_BOUND('',#942,.F.);
#942 = EDGE_LOOP('',(#943));
#943 = ORIENTED_EDGE('',*,*,#944,.T.);
#944 = EDGE_CURVE('',#945,#945,#947,.T.);
#945 = VERTEX_POINT('',#946);
#946 = CARTESIAN_POINT('',(101.66,-24.158003,0.));
#947 = CIRCLE('',#948,0.5);
#948 = AXIS2_PLACEMENT_3D('',#949,#950,#951);
#949 = CARTESIAN_POINT('',(101.66,-23.658003,0.));
#950 = DIRECTION('',(-0.,0.,-1.));
#951 = DIRECTION('',(-0.,-1.,0.));
#952 = FACE_BOUND('',#953,.F.);
#953 = EDGE_LOOP('',(#954));
#954 = ORIENTED_EDGE('',*,*,#955,.T.);
#955 = EDGE_CURVE('',#956,#956,#958,.T.);
#956 = VERTEX_POINT('',#957);
#957 = CARTESIAN_POINT('',(101.66,-21.618003,0.));
#958 = CIRCLE('',#959,0.5);
#959 = AXIS2_PLACEMENT_3D('',#960,#961,#962);
#960 = CARTESIAN_POINT('',(101.66,-21.118003,0.));
#961 = DIRECTION('',(-0.,0.,-1.));
#962 = DIRECTION('',(-0.,-1.,0.));
#963 = FACE_BOUND('',#964,.F.);
#964 = EDGE_LOOP('',(#965));
#965 = ORIENTED_EDGE('',*,*,#966,.T.);
#966 = EDGE_CURVE('',#967,#967,#969,.T.);
#967 = VERTEX_POINT('',#968);
#968 = CARTESIAN_POINT('',(82.356,-18.978003,0.));
#969 = CIRCLE('',#970,0.4);
#970 = AXIS2_PLACEMENT_3D('',#971,#972,#973);
#971 = CARTESIAN_POINT('',(82.356,-18.578003,0.));
#972 = DIRECTION('',(-0.,0.,-1.));
#973 = DIRECTION('',(-0.,-1.,0.));
#974 = FACE_BOUND('',#975,.F.);
#975 = EDGE_LOOP('',(#976));
#976 = ORIENTED_EDGE('',*,*,#977,.T.);
#977 = EDGE_CURVE('',#978,#978,#980,.T.);
#978 = VERTEX_POINT('',#979);
#979 = CARTESIAN_POINT('',(87.436,-16.478003,0.));
#980 = CIRCLE('',#981,0.4);
#981 = AXIS2_PLACEMENT_3D('',#982,#983,#984);
#982 = CARTESIAN_POINT('',(87.436,-16.078003,0.));
#983 = DIRECTION('',(-0.,0.,-1.));
#984 = DIRECTION('',(-0.,-1.,0.));
#985 = FACE_BOUND('',#986,.F.);
#986 = EDGE_LOOP('',(#987));
#987 = ORIENTED_EDGE('',*,*,#988,.T.);
#988 = EDGE_CURVE('',#989,#989,#991,.T.);
#989 = VERTEX_POINT('',#990);
#990 = CARTESIAN_POINT('',(92.008,-18.978003,0.));
#991 = CIRCLE('',#992,0.4);
#992 = AXIS2_PLACEMENT_3D('',#993,#994,#995);
#993 = CARTESIAN_POINT('',(92.008,-18.578003,0.));
#994 = DIRECTION('',(-0.,0.,-1.));
#995 = DIRECTION('',(-3.552713678801E-14,-1.,0.));
#996 = FACE_BOUND('',#997,.F.);
#997 = EDGE_LOOP('',(#998));
#998 = ORIENTED_EDGE('',*,*,#999,.T.);
#999 = EDGE_CURVE('',#1000,#1000,#1002,.T.);
#1000 = VERTEX_POINT('',#1001);
#1001 = CARTESIAN_POINT('',(92.008,-16.438003,0.));
#1002 = CIRCLE('',#1003,0.4);
#1003 = AXIS2_PLACEMENT_3D('',#1004,#1005,#1006);
#1004 = CARTESIAN_POINT('',(92.008,-16.038003,0.));
#1005 = DIRECTION('',(-0.,0.,-1.));
#1006 = DIRECTION('',(-3.552713678801E-14,-1.,0.));
#1007 = FACE_BOUND('',#1008,.F.);
#1008 = EDGE_LOOP('',(#1009));
#1009 = ORIENTED_EDGE('',*,*,#1010,.T.);
#1010 = EDGE_CURVE('',#1011,#1011,#1013,.T.);
#1011 = VERTEX_POINT('',#1012);
#1012 = CARTESIAN_POINT('',(88.96,-13.390003,0.));
#1013 = CIRCLE('',#1014,0.4);
#1014 = AXIS2_PLACEMENT_3D('',#1015,#1016,#1017);
#1015 = CARTESIAN_POINT('',(88.96,-12.990003,0.));
#1016 = DIRECTION('',(-0.,0.,-1.));
#1017 = DIRECTION('',(-3.552713678801E-14,-1.,0.));
#1018 = FACE_BOUND('',#1019,.F.);
#1019 = EDGE_LOOP('',(#1020));
#1020 = ORIENTED_EDGE('',*,*,#1021,.T.);
#1021 = EDGE_CURVE('',#1022,#1022,#1024,.T.);
#1022 = VERTEX_POINT('',#1023);
#1023 = CARTESIAN_POINT('',(92.008,-13.898003,0.));
#1024 = CIRCLE('',#1025,0.4);
#1025 = AXIS2_PLACEMENT_3D('',#1026,#1027,#1028);
#1026 = CARTESIAN_POINT('',(92.008,-13.498003,0.));
#1027 = DIRECTION('',(-0.,0.,-1.));
#1028 = DIRECTION('',(-3.552713678801E-14,-1.,0.));
#1029 = FACE_BOUND('',#1030,.F.);
#1030 = EDGE_LOOP('',(#1031));
#1031 = ORIENTED_EDGE('',*,*,#1032,.T.);
#1032 = EDGE_CURVE('',#1033,#1033,#1035,.T.);
#1033 = VERTEX_POINT('',#1034);
#1034 = CARTESIAN_POINT('',(92.008,-11.358003,0.));
#1035 = CIRCLE('',#1036,0.4);
#1036 = AXIS2_PLACEMENT_3D('',#1037,#1038,#1039);
#1037 = CARTESIAN_POINT('',(92.008,-10.958003,0.));
#1038 = DIRECTION('',(-0.,0.,-1.));
#1039 = DIRECTION('',(-3.552713678801E-14,-1.,0.));
#1040 = FACE_BOUND('',#1041,.F.);
#1041 = EDGE_LOOP('',(#1042));
#1042 = ORIENTED_EDGE('',*,*,#1043,.T.);
#1043 = EDGE_CURVE('',#1044,#1044,#1046,.T.);
#1044 = VERTEX_POINT('',#1045);
#1045 = CARTESIAN_POINT('',(101.66,-19.078003,0.));
#1046 = CIRCLE('',#1047,0.5);
#1047 = AXIS2_PLACEMENT_3D('',#1048,#1049,#1050);
#1048 = CARTESIAN_POINT('',(101.66,-18.578003,0.));
#1049 = DIRECTION('',(-0.,0.,-1.));
#1050 = DIRECTION('',(-0.,-1.,0.));
#1051 = FACE_BOUND('',#1052,.F.);
#1052 = EDGE_LOOP('',(#1053));
#1053 = ORIENTED_EDGE('',*,*,#1054,.T.);
#1054 = EDGE_CURVE('',#1055,#1055,#1057,.T.);
#1055 = VERTEX_POINT('',#1056);
#1056 = CARTESIAN_POINT('',(107.248,-18.978003,0.));
#1057 = CIRCLE('',#1058,0.4);
#1058 = AXIS2_PLACEMENT_3D('',#1059,#1060,#1061);
#1059 = CARTESIAN_POINT('',(107.248,-18.578003,0.));
#1060 = DIRECTION('',(-0.,0.,-1.));
#1061 = DIRECTION('',(3.5527136788E-14,-1.,-0.));
#1062 = FACE_BOUND('',#1063,.F.);
#1063 = EDGE_LOOP('',(#1064));
#1064 = ORIENTED_EDGE('',*,*,#1065,.T.);
#1065 = EDGE_CURVE('',#1066,#1066,#1068,.T.);
#1066 = VERTEX_POINT('',#1067);
#1067 = CARTESIAN_POINT('',(101.66,-16.538003,0.));
#1068 = CIRCLE('',#1069,0.5);
#1069 = AXIS2_PLACEMENT_3D('',#1070,#1071,#1072);
#1070 = CARTESIAN_POINT('',(101.66,-16.038003,0.));
#1071 = DIRECTION('',(-0.,0.,-1.));
#1072 = DIRECTION('',(-0.,-1.,0.));
#1073 = FACE_BOUND('',#1074,.F.);
#1074 = EDGE_LOOP('',(#1075));
#1075 = ORIENTED_EDGE('',*,*,#1076,.T.);
#1076 = EDGE_CURVE('',#1077,#1077,#1079,.T.);
#1077 = VERTEX_POINT('',#1078);
#1078 = CARTESIAN_POINT('',(107.248,-16.438003,0.));
#1079 = CIRCLE('',#1080,0.4);
#1080 = AXIS2_PLACEMENT_3D('',#1081,#1082,#1083);
#1081 = CARTESIAN_POINT('',(107.248,-16.038003,0.));
#1082 = DIRECTION('',(-0.,0.,-1.));
#1083 = DIRECTION('',(3.5527136788E-14,-1.,-0.));
#1084 = FACE_BOUND('',#1085,.F.);
#1085 = EDGE_LOOP('',(#1086));
#1086 = ORIENTED_EDGE('',*,*,#1087,.T.);
#1087 = EDGE_CURVE('',#1088,#1088,#1090,.T.);
#1088 = VERTEX_POINT('',#1089);
#1089 = CARTESIAN_POINT('',(101.66,-13.998003,0.));
#1090 = CIRCLE('',#1091,0.5);
#1091 = AXIS2_PLACEMENT_3D('',#1092,#1093,#1094);
#1092 = CARTESIAN_POINT('',(101.66,-13.498003,0.));
#1093 = DIRECTION('',(-0.,0.,-1.));
#1094 = DIRECTION('',(-0.,-1.,0.));
#1095 = FACE_BOUND('',#1096,.F.);
#1096 = EDGE_LOOP('',(#1097));
#1097 = ORIENTED_EDGE('',*,*,#1098,.T.);
#1098 = EDGE_CURVE('',#1099,#1099,#1101,.T.);
#1099 = VERTEX_POINT('',#1100);
#1100 = CARTESIAN_POINT('',(107.248,-13.898003,0.));
#1101 = CIRCLE('',#1102,0.4);
#1102 = AXIS2_PLACEMENT_3D('',#1103,#1104,#1105);
#1103 = CARTESIAN_POINT('',(107.248,-13.498003,0.));
#1104 = DIRECTION('',(-0.,0.,-1.));
#1105 = DIRECTION('',(3.5527136788E-14,-1.,-0.));
#1106 = FACE_BOUND('',#1107,.F.);
#1107 = EDGE_LOOP('',(#1108));
#1108 = ORIENTED_EDGE('',*,*,#1109,.T.);
#1109 = EDGE_CURVE('',#1110,#1110,#1112,.T.);
#1110 = VERTEX_POINT('',#1111);
#1111 = CARTESIAN_POINT('',(101.66,-11.458003,0.));
#1112 = CIRCLE('',#1113,0.5);
#1113 = AXIS2_PLACEMENT_3D('',#1114,#1115,#1116);
#1114 = CARTESIAN_POINT('',(101.66,-10.958003,0.));
#1115 = DIRECTION('',(-0.,0.,-1.));
#1116 = DIRECTION('',(-0.,-1.,0.));
#1117 = FACE_BOUND('',#1118,.F.);
#1118 = EDGE_LOOP('',(#1119));
#1119 = ORIENTED_EDGE('',*,*,#1120,.T.);
#1120 = EDGE_CURVE('',#1121,#1121,#1123,.T.);
#1121 = VERTEX_POINT('',#1122);
#1122 = CARTESIAN_POINT('',(107.248,-11.358003,0.));
#1123 = CIRCLE('',#1124,0.4);
#1124 = AXIS2_PLACEMENT_3D('',#1125,#1126,#1127);
#1125 = CARTESIAN_POINT('',(107.248,-10.958003,0.));
#1126 = DIRECTION('',(-0.,0.,-1.));
#1127 = DIRECTION('',(3.5527136788E-14,-1.,-0.));
#1128 = FACE_BOUND('',#1129,.F.);
#1129 = EDGE_LOOP('',(#1130));
#1130 = ORIENTED_EDGE('',*,*,#1131,.T.);
#1131 = EDGE_CURVE('',#1132,#1132,#1134,.T.);
#1132 = VERTEX_POINT('',#1133);
#1133 = CARTESIAN_POINT('',(149.92,-32.624003,0.));
#1134 = CIRCLE('',#1135,1.6);
#1135 = AXIS2_PLACEMENT_3D('',#1136,#1137,#1138);
#1136 = CARTESIAN_POINT('',(149.92,-31.024003,0.));
#1137 = DIRECTION('',(-0.,0.,-1.));
#1138 = DIRECTION('',(-1.7763568394E-14,-1.,0.));
#1139 = FACE_BOUND('',#1140,.F.);
#1140 = EDGE_LOOP('',(#1141));
#1141 = ORIENTED_EDGE('',*,*,#1142,.T.);
#1142 = EDGE_CURVE('',#1143,#1143,#1145,.T.);
#1143 = VERTEX_POINT('',#1144);
#1144 = CARTESIAN_POINT('',(149.92,-17.554003,0.));
#1145 = CIRCLE('',#1146,0.5);
#1146 = AXIS2_PLACEMENT_3D('',#1147,#1148,#1149);
#1147 = CARTESIAN_POINT('',(149.92,-17.054003,0.));
#1148 = DIRECTION('',(-0.,0.,-1.));
#1149 = DIRECTION('',(-0.,-1.,0.));
#1150 = FACE_BOUND('',#1151,.F.);
#1151 = EDGE_LOOP('',(#1152));
#1152 = ORIENTED_EDGE('',*,*,#1153,.T.);
#1153 = EDGE_CURVE('',#1154,#1154,#1156,.T.);
#1154 = VERTEX_POINT('',#1155);
#1155 = CARTESIAN_POINT('',(149.92,-15.014003,0.));
#1156 = CIRCLE('',#1157,0.5);
#1157 = AXIS2_PLACEMENT_3D('',#1158,#1159,#1160);
#1158 = CARTESIAN_POINT('',(149.92,-14.514003,0.));
#1159 = DIRECTION('',(-0.,0.,-1.));
#1160 = DIRECTION('',(-0.,-1.,0.));
#1161 = FACE_BOUND('',#1162,.F.);
#1162 = EDGE_LOOP('',(#1163));
#1163 = ORIENTED_EDGE('',*,*,#1164,.T.);
#1164 = EDGE_CURVE('',#1165,#1165,#1167,.T.);
#1165 = VERTEX_POINT('',#1166);
#1166 = CARTESIAN_POINT('',(149.92,-12.474003,0.));
#1167 = CIRCLE('',#1168,0.5);
#1168 = AXIS2_PLACEMENT_3D('',#1169,#1170,#1171);
#1169 = CARTESIAN_POINT('',(149.92,-11.974003,0.));
#1170 = DIRECTION('',(-0.,0.,-1.));
#1171 = DIRECTION('',(-0.,-1.,0.));
#1172 = FACE_BOUND('',#1173,.F.);
#1173 = EDGE_LOOP('',(#1174));
#1174 = ORIENTED_EDGE('',*,*,#1175,.T.);
#1175 = EDGE_CURVE('',#1176,#1176,#1178,.T.);
#1176 = VERTEX_POINT('',#1177);
#1177 = CARTESIAN_POINT('',(149.92,-9.934003,0.));
#1178 = CIRCLE('',#1179,0.5);
#1179 = AXIS2_PLACEMENT_3D('',#1180,#1181,#1182);
#1180 = CARTESIAN_POINT('',(149.92,-9.434003,0.));
#1181 = DIRECTION('',(-0.,0.,-1.));
#1182 = DIRECTION('',(-0.,-1.,0.));
#1183 = FACE_BOUND('',#1184,.F.);
#1184 = EDGE_LOOP('',(#1185));
#1185 = ORIENTED_EDGE('',*,*,#1186,.T.);
#1186 = EDGE_CURVE('',#1187,#1187,#1189,.T.);
#1187 = VERTEX_POINT('',#1188);
#1188 = CARTESIAN_POINT('',(82.57,-8.818003,0.));
#1189 = CIRCLE('',#1190,0.4);
#1190 = AXIS2_PLACEMENT_3D('',#1191,#1192,#1193);
#1191 = CARTESIAN_POINT('',(82.57,-8.418003,0.));
#1192 = DIRECTION('',(-0.,0.,-1.));
#1193 = DIRECTION('',(-0.,-1.,0.));
#1194 = FACE_BOUND('',#1195,.F.);
#1195 = EDGE_LOOP('',(#1196));
#1196 = ORIENTED_EDGE('',*,*,#1197,.T.);
#1197 = EDGE_CURVE('',#1198,#1198,#1200,.T.);
#1198 = VERTEX_POINT('',#1199);
#1199 = CARTESIAN_POINT('',(82.336,-6.278003,0.));
#1200 = CIRCLE('',#1201,0.4);
#1201 = AXIS2_PLACEMENT_3D('',#1202,#1203,#1204);
#1202 = CARTESIAN_POINT('',(82.336,-5.878003,0.));
#1203 = DIRECTION('',(-0.,0.,-1.));
#1204 = DIRECTION('',(-3.552713678801E-14,-1.,0.));
#1205 = FACE_BOUND('',#1206,.F.);
#1206 = EDGE_LOOP('',(#1207));
#1207 = ORIENTED_EDGE('',*,*,#1208,.T.);
#1208 = EDGE_CURVE('',#1209,#1209,#1211,.T.);
#1209 = VERTEX_POINT('',#1210);
#1210 = CARTESIAN_POINT('',(82.356,-3.738003,0.));
#1211 = CIRCLE('',#1212,0.4);
#1212 = AXIS2_PLACEMENT_3D('',#1213,#1214,#1215);
#1213 = CARTESIAN_POINT('',(82.356,-3.338003,0.));
#1214 = DIRECTION('',(-0.,0.,-1.));
#1215 = DIRECTION('',(-0.,-1.,0.));
#1216 = FACE_BOUND('',#1217,.F.);
#1217 = EDGE_LOOP('',(#1218));
#1218 = ORIENTED_EDGE('',*,*,#1219,.T.);
#1219 = EDGE_CURVE('',#1220,#1220,#1222,.T.);
#1220 = VERTEX_POINT('',#1221);
#1221 = CARTESIAN_POINT('',(87.944,-5.730003,0.));
#1222 = CIRCLE('',#1223,0.4);
#1223 = AXIS2_PLACEMENT_3D('',#1224,#1225,#1226);
#1224 = CARTESIAN_POINT('',(87.944,-5.330003,0.));
#1225 = DIRECTION('',(-0.,0.,-1.));
#1226 = DIRECTION('',(3.5527136788E-14,-1.,-0.));
#1227 = FACE_BOUND('',#1228,.F.);
#1228 = EDGE_LOOP('',(#1229));
#1229 = ORIENTED_EDGE('',*,*,#1230,.T.);
#1230 = EDGE_CURVE('',#1231,#1231,#1233,.T.);
#1231 = VERTEX_POINT('',#1232);
#1232 = CARTESIAN_POINT('',(92.008,-8.818003,0.));
#1233 = CIRCLE('',#1234,0.4);
#1234 = AXIS2_PLACEMENT_3D('',#1235,#1236,#1237);
#1235 = CARTESIAN_POINT('',(92.008,-8.418003,0.));
#1236 = DIRECTION('',(-0.,0.,-1.));
#1237 = DIRECTION('',(-3.552713678801E-14,-1.,0.));
#1238 = FACE_BOUND('',#1239,.F.);
#1239 = EDGE_LOOP('',(#1240));
#1240 = ORIENTED_EDGE('',*,*,#1241,.T.);
#1241 = EDGE_CURVE('',#1242,#1242,#1244,.T.);
#1242 = VERTEX_POINT('',#1243);
#1243 = CARTESIAN_POINT('',(92.008,-6.278003,0.));
#1244 = CIRCLE('',#1245,0.4);
#1245 = AXIS2_PLACEMENT_3D('',#1246,#1247,#1248);
#1246 = CARTESIAN_POINT('',(92.008,-5.878003,0.));
#1247 = DIRECTION('',(-0.,0.,-1.));
#1248 = DIRECTION('',(-3.552713678801E-14,-1.,0.));
#1249 = FACE_BOUND('',#1250,.F.);
#1250 = EDGE_LOOP('',(#1251));
#1251 = ORIENTED_EDGE('',*,*,#1252,.T.);
#1252 = EDGE_CURVE('',#1253,#1253,#1255,.T.);
#1253 = VERTEX_POINT('',#1254);
#1254 = CARTESIAN_POINT('',(92.008,-3.738003,0.));
#1255 = CIRCLE('',#1256,0.4);
#1256 = AXIS2_PLACEMENT_3D('',#1257,#1258,#1259);
#1257 = CARTESIAN_POINT('',(92.008,-3.338003,0.));
#1258 = DIRECTION('',(-0.,0.,-1.));
#1259 = DIRECTION('',(-3.552713678801E-14,-1.,0.));
#1260 = FACE_BOUND('',#1261,.F.);
#1261 = EDGE_LOOP('',(#1262));
#1262 = ORIENTED_EDGE('',*,*,#1263,.T.);
#1263 = EDGE_CURVE('',#1264,#1264,#1266,.T.);
#1264 = VERTEX_POINT('',#1265);
#1265 = CARTESIAN_POINT('',(84.388,-0.690003,0.));
#1266 = CIRCLE('',#1267,0.4);
#1267 = AXIS2_PLACEMENT_3D('',#1268,#1269,#1270);
#1268 = CARTESIAN_POINT('',(84.388,-0.290003,0.));
#1269 = DIRECTION('',(-0.,0.,-1.));
#1270 = DIRECTION('',(-0.,-1.,0.));
#1271 = FACE_BOUND('',#1272,.F.);
#1272 = EDGE_LOOP('',(#1273));
#1273 = ORIENTED_EDGE('',*,*,#1274,.T.);
#1274 = EDGE_CURVE('',#1275,#1275,#1277,.T.);
#1275 = VERTEX_POINT('',#1276);
#1276 = CARTESIAN_POINT('',(87.944,-0.730003,0.));
#1277 = CIRCLE('',#1278,0.4);
#1278 = AXIS2_PLACEMENT_3D('',#1279,#1280,#1281);
#1279 = CARTESIAN_POINT('',(87.944,-0.330003,0.));
#1280 = DIRECTION('',(-0.,0.,-1.));
#1281 = DIRECTION('',(3.5527136788E-14,-1.,-0.));
#1282 = FACE_BOUND('',#1283,.F.);
#1283 = EDGE_LOOP('',(#1284));
#1284 = ORIENTED_EDGE('',*,*,#1285,.T.);
#1285 = EDGE_CURVE('',#1286,#1286,#1288,.T.);
#1286 = VERTEX_POINT('',#1287);
#1287 = CARTESIAN_POINT('',(92.008,-1.198003,0.));
#1288 = CIRCLE('',#1289,0.4);
#1289 = AXIS2_PLACEMENT_3D('',#1290,#1291,#1292);
#1290 = CARTESIAN_POINT('',(92.008,-0.798003,0.));
#1291 = DIRECTION('',(-0.,0.,-1.));
#1292 = DIRECTION('',(-3.552713678801E-14,-1.,0.));
#1293 = FACE_BOUND('',#1294,.F.);
#1294 = EDGE_LOOP('',(#1295));
#1295 = ORIENTED_EDGE('',*,*,#1296,.T.);
#1296 = EDGE_CURVE('',#1297,#1297,#1299,.T.);
#1297 = VERTEX_POINT('',#1298);
#1298 = CARTESIAN_POINT('',(101.66,-8.918003,0.));
#1299 = CIRCLE('',#1300,0.5);
#1300 = AXIS2_PLACEMENT_3D('',#1301,#1302,#1303);
#1301 = CARTESIAN_POINT('',(101.66,-8.418003,0.));
#1302 = DIRECTION('',(-0.,0.,-1.));
#1303 = DIRECTION('',(-0.,-1.,0.));
#1304 = FACE_BOUND('',#1305,.F.);
#1305 = EDGE_LOOP('',(#1306));
#1306 = ORIENTED_EDGE('',*,*,#1307,.T.);
#1307 = EDGE_CURVE('',#1308,#1308,#1310,.T.);
#1308 = VERTEX_POINT('',#1309);
#1309 = CARTESIAN_POINT('',(101.66,-6.378003,0.));
#1310 = CIRCLE('',#1311,0.5);
#1311 = AXIS2_PLACEMENT_3D('',#1312,#1313,#1314);
#1312 = CARTESIAN_POINT('',(101.66,-5.878003,0.));
#1313 = DIRECTION('',(-0.,0.,-1.));
#1314 = DIRECTION('',(-0.,-1.,0.));
#1315 = FACE_BOUND('',#1316,.F.);
#1316 = EDGE_LOOP('',(#1317));
#1317 = ORIENTED_EDGE('',*,*,#1318,.T.);
#1318 = EDGE_CURVE('',#1319,#1319,#1321,.T.);
#1319 = VERTEX_POINT('',#1320);
#1320 = CARTESIAN_POINT('',(107.248,-8.818003,0.));
#1321 = CIRCLE('',#1322,0.4);
#1322 = AXIS2_PLACEMENT_3D('',#1323,#1324,#1325);
#1323 = CARTESIAN_POINT('',(107.248,-8.418003,0.));
#1324 = DIRECTION('',(-0.,0.,-1.));
#1325 = DIRECTION('',(3.5527136788E-14,-1.,-0.));
#1326 = FACE_BOUND('',#1327,.F.);
#1327 = EDGE_LOOP('',(#1328));
#1328 = ORIENTED_EDGE('',*,*,#1329,.T.);
#1329 = EDGE_CURVE('',#1330,#1330,#1332,.T.);
#1330 = VERTEX_POINT('',#1331);
#1331 = CARTESIAN_POINT('',(107.248,-6.278003,0.));
#1332 = CIRCLE('',#1333,0.4);
#1333 = AXIS2_PLACEMENT_3D('',#1334,#1335,#1336);
#1334 = CARTESIAN_POINT('',(107.248,-5.878003,0.));
#1335 = DIRECTION('',(-0.,0.,-1.));
#1336 = DIRECTION('',(3.5527136788E-14,-1.,-0.));
#1337 = FACE_BOUND('',#1338,.F.);
#1338 = EDGE_LOOP('',(#1339));
#1339 = ORIENTED_EDGE('',*,*,#1340,.T.);
#1340 = EDGE_CURVE('',#1341,#1341,#1343,.T.);
#1341 = VERTEX_POINT('',#1342);
#1342 = CARTESIAN_POINT('',(101.66,-3.838003,0.));
#1343 = CIRCLE('',#1344,0.5);
#1344 = AXIS2_PLACEMENT_3D('',#1345,#1346,#1347);
#1345 = CARTESIAN_POINT('',(101.66,-3.338003,0.));
#1346 = DIRECTION('',(-0.,0.,-1.));
#1347 = DIRECTION('',(-0.,-1.,0.));
#1348 = FACE_BOUND('',#1349,.F.);
#1349 = EDGE_LOOP('',(#1350));
#1350 = ORIENTED_EDGE('',*,*,#1351,.T.);
#1351 = EDGE_CURVE('',#1352,#1352,#1354,.T.);
#1352 = VERTEX_POINT('',#1353);
#1353 = CARTESIAN_POINT('',(107.248,-3.738003,0.));
#1354 = CIRCLE('',#1355,0.4);
#1355 = AXIS2_PLACEMENT_3D('',#1356,#1357,#1358);
#1356 = CARTESIAN_POINT('',(107.248,-3.338003,0.));
#1357 = DIRECTION('',(-0.,0.,-1.));
#1358 = DIRECTION('',(3.5527136788E-14,-1.,-0.));
#1359 = FACE_BOUND('',#1360,.F.);
#1360 = EDGE_LOOP('',(#1361));
#1361 = ORIENTED_EDGE('',*,*,#1362,.T.);
#1362 = EDGE_CURVE('',#1363,#1363,#1365,.T.);
#1363 = VERTEX_POINT('',#1364);
#1364 = CARTESIAN_POINT('',(110.55,-6.238003,0.));
#1365 = CIRCLE('',#1366,0.4);
#1366 = AXIS2_PLACEMENT_3D('',#1367,#1368,#1369);
#1367 = CARTESIAN_POINT('',(110.55,-5.838003,0.));
#1368 = DIRECTION('',(-0.,0.,-1.));
#1369 = DIRECTION('',(-3.552713678801E-14,-1.,0.));
#1370 = FACE_BOUND('',#1371,.F.);
#1371 = EDGE_LOOP('',(#1372));
#1372 = ORIENTED_EDGE('',*,*,#1373,.T.);
#1373 = EDGE_CURVE('',#1374,#1374,#1376,.T.);
#1374 = VERTEX_POINT('',#1375);
#1375 = CARTESIAN_POINT('',(107.248,-1.198003,0.));
#1376 = CIRCLE('',#1377,0.4);
#1377 = AXIS2_PLACEMENT_3D('',#1378,#1379,#1380);
#1378 = CARTESIAN_POINT('',(107.248,-0.798003,0.));
#1379 = DIRECTION('',(-0.,0.,-1.));
#1380 = DIRECTION('',(3.5527136788E-14,-1.,-0.));
#1381 = FACE_BOUND('',#1382,.F.);
#1382 = EDGE_LOOP('',(#1383));
#1383 = ORIENTED_EDGE('',*,*,#1384,.T.);
#1384 = EDGE_CURVE('',#1385,#1385,#1387,.T.);
#1385 = VERTEX_POINT('',#1386);
#1386 = CARTESIAN_POINT('',(101.66,0.225997,0.));
#1387 = CIRCLE('',#1388,0.5);
#1388 = AXIS2_PLACEMENT_3D('',#1389,#1390,#1391);
#1389 = CARTESIAN_POINT('',(101.66,0.725997,0.));
#1390 = DIRECTION('',(-0.,0.,-1.));
#1391 = DIRECTION('',(-0.,-1.,0.));
#1392 = FACE_BOUND('',#1393,.F.);
#1393 = EDGE_LOOP('',(#1394));
#1394 = ORIENTED_EDGE('',*,*,#1395,.T.);
#1395 = EDGE_CURVE('',#1396,#1396,#1398,.T.);
#1396 = VERTEX_POINT('',#1397);
#1397 = CARTESIAN_POINT('',(110.55,-1.238003,0.));
#1398 = CIRCLE('',#1399,0.4);
#1399 = AXIS2_PLACEMENT_3D('',#1400,#1401,#1402);
#1400 = CARTESIAN_POINT('',(110.55,-0.838003,0.));
#1401 = DIRECTION('',(-0.,0.,-1.));
#1402 = DIRECTION('',(-3.552713678801E-14,-1.,0.));
#1403 = FACE_BOUND('',#1404,.F.);
#1404 = EDGE_LOOP('',(#1405));
#1405 = ORIENTED_EDGE('',*,*,#1406,.T.);
#1406 = EDGE_CURVE('',#1407,#1407,#1409,.T.);
#1407 = VERTEX_POINT('',#1408);
#1408 = CARTESIAN_POINT('',(111.566,2.357997,0.));
#1409 = CIRCLE('',#1410,0.4);
#1410 = AXIS2_PLACEMENT_3D('',#1411,#1412,#1413);
#1411 = CARTESIAN_POINT('',(111.566,2.757997,0.));
#1412 = DIRECTION('',(-0.,0.,-1.));
#1413 = DIRECTION('',(-0.,-1.,0.));
#1414 = FACE_BOUND('',#1415,.F.);
#1415 = EDGE_LOOP('',(#1416));
#1416 = ORIENTED_EDGE('',*,*,#1417,.T.);
#1417 = EDGE_CURVE('',#1418,#1418,#1420,.T.);
#1418 = VERTEX_POINT('',#1419);
#1419 = CARTESIAN_POINT('',(115.376,0.325997,0.));
#1420 = CIRCLE('',#1421,0.4);
#1421 = AXIS2_PLACEMENT_3D('',#1422,#1423,#1424);
#1422 = CARTESIAN_POINT('',(115.376,0.725997,0.));
#1423 = DIRECTION('',(-0.,0.,-1.));
#1424 = DIRECTION('',(-0.,-1.,0.));
#1425 = FACE_BOUND('',#1426,.F.);
#1426 = EDGE_LOOP('',(#1427));
#1427 = ORIENTED_EDGE('',*,*,#1428,.T.);
#1428 = EDGE_CURVE('',#1429,#1429,#1431,.T.);
#1429 = VERTEX_POINT('',#1430);
#1430 = CARTESIAN_POINT('',(93.786,6.983997,0.));
#1431 = CIRCLE('',#1432,0.6);
#1432 = AXIS2_PLACEMENT_3D('',#1433,#1434,#1435);
#1433 = CARTESIAN_POINT('',(93.786,7.583997,0.));
#1434 = DIRECTION('',(-0.,0.,-1.));
#1435 = DIRECTION('',(-0.,-1.,0.));
#1436 = FACE_BOUND('',#1437,.F.);
#1437 = EDGE_LOOP('',(#1438));
#1438 = ORIENTED_EDGE('',*,*,#1439,.T.);
#1439 = EDGE_CURVE('',#1440,#1440,#1442,.T.);
#1440 = VERTEX_POINT('',#1441);
#1441 = CARTESIAN_POINT('',(101.66,2.765997,0.));
#1442 = CIRCLE('',#1443,0.5);
#1443 = AXIS2_PLACEMENT_3D('',#1444,#1445,#1446);
#1444 = CARTESIAN_POINT('',(101.66,3.265997,0.));
#1445 = DIRECTION('',(-0.,0.,-1.));
#1446 = DIRECTION('',(-0.,-1.,0.));
#1447 = FACE_BOUND('',#1448,.F.);
#1448 = EDGE_LOOP('',(#1449));
#1449 = ORIENTED_EDGE('',*,*,#1450,.T.);
#1450 = EDGE_CURVE('',#1451,#1451,#1453,.T.);
#1451 = VERTEX_POINT('',#1452);
#1452 = CARTESIAN_POINT('',(101.66,5.305997,0.));
#1453 = CIRCLE('',#1454,0.5);
#1454 = AXIS2_PLACEMENT_3D('',#1455,#1456,#1457);
#1455 = CARTESIAN_POINT('',(101.66,5.805997,0.));
#1456 = DIRECTION('',(-0.,0.,-1.));
#1457 = DIRECTION('',(-0.,-1.,0.));
#1458 = FACE_BOUND('',#1459,.F.);
#1459 = EDGE_LOOP('',(#1460));
#1460 = ORIENTED_EDGE('',*,*,#1461,.T.);
#1461 = EDGE_CURVE('',#1462,#1462,#1464,.T.);
#1462 = VERTEX_POINT('',#1463);
#1463 = CARTESIAN_POINT('',(105.47,4.389997,0.));
#1464 = CIRCLE('',#1465,0.4);
#1465 = AXIS2_PLACEMENT_3D('',#1466,#1467,#1468);
#1466 = CARTESIAN_POINT('',(105.47,4.789997,0.));
#1467 = DIRECTION('',(-0.,0.,-1.));
#1468 = DIRECTION('',(-0.,-1.,0.));
#1469 = FACE_BOUND('',#1470,.F.);
#1470 = EDGE_LOOP('',(#1471));
#1471 = ORIENTED_EDGE('',*,*,#1472,.T.);
#1472 = EDGE_CURVE('',#1473,#1473,#1475,.T.);
#1473 = VERTEX_POINT('',#1474);
#1474 = CARTESIAN_POINT('',(101.66,7.845997,0.));
#1475 = CIRCLE('',#1476,0.5);
#1476 = AXIS2_PLACEMENT_3D('',#1477,#1478,#1479);
#1477 = CARTESIAN_POINT('',(101.66,8.345997,0.));
#1478 = DIRECTION('',(-0.,0.,-1.));
#1479 = DIRECTION('',(-0.,-1.,0.));
#1480 = FACE_BOUND('',#1481,.F.);
#1481 = EDGE_LOOP('',(#1482));
#1482 = ORIENTED_EDGE('',*,*,#1483,.T.);
#1483 = EDGE_CURVE('',#1484,#1484,#1486,.T.);
#1484 = VERTEX_POINT('',#1485);
#1485 = CARTESIAN_POINT('',(101.66,10.385997,0.));
#1486 = CIRCLE('',#1487,0.5);
#1487 = AXIS2_PLACEMENT_3D('',#1488,#1489,#1490);
#1488 = CARTESIAN_POINT('',(101.66,10.885997,0.));
#1489 = DIRECTION('',(-0.,0.,-1.));
#1490 = DIRECTION('',(-0.,-1.,0.));
#1491 = FACE_BOUND('',#1492,.F.);
#1492 = EDGE_LOOP('',(#1493));
#1493 = ORIENTED_EDGE('',*,*,#1494,.T.);
#1494 = EDGE_CURVE('',#1495,#1495,#1497,.T.);
#1495 = VERTEX_POINT('',#1496);
#1496 = CARTESIAN_POINT('',(101.66,12.925997,0.));
#1497 = CIRCLE('',#1498,0.5);
#1498 = AXIS2_PLACEMENT_3D('',#1499,#1500,#1501);
#1499 = CARTESIAN_POINT('',(101.66,13.425997,0.));
#1500 = DIRECTION('',(-0.,0.,-1.));
#1501 = DIRECTION('',(-0.,-1.,0.));
#1502 = FACE_BOUND('',#1503,.F.);
#1503 = EDGE_LOOP('',(#1504));
#1504 = ORIENTED_EDGE('',*,*,#1505,.T.);
#1505 = EDGE_CURVE('',#1506,#1506,#1508,.T.);
#1506 = VERTEX_POINT('',#1507);
#1507 = CARTESIAN_POINT('',(105.47,14.549997,0.));
#1508 = CIRCLE('',#1509,0.4);
#1509 = AXIS2_PLACEMENT_3D('',#1510,#1511,#1512);
#1510 = CARTESIAN_POINT('',(105.47,14.949997,0.));
#1511 = DIRECTION('',(-0.,0.,-1.));
#1512 = DIRECTION('',(-0.,-1.,0.));
#1513 = FACE_BOUND('',#1514,.F.);
#1514 = EDGE_LOOP('',(#1515));
#1515 = ORIENTED_EDGE('',*,*,#1516,.T.);
#1516 = EDGE_CURVE('',#1517,#1517,#1519,.T.);
#1517 = VERTEX_POINT('',#1518);
#1518 = CARTESIAN_POINT('',(115.376,10.485997,0.));
#1519 = CIRCLE('',#1520,0.4);
#1520 = AXIS2_PLACEMENT_3D('',#1521,#1522,#1523);
#1521 = CARTESIAN_POINT('',(115.376,10.885997,0.));
#1522 = DIRECTION('',(-0.,0.,-1.));
#1523 = DIRECTION('',(-0.,-1.,0.));
#1524 = FACE_BOUND('',#1525,.F.);
#1525 = EDGE_LOOP('',(#1526));
#1526 = ORIENTED_EDGE('',*,*,#1527,.T.);
#1527 = EDGE_CURVE('',#1528,#1528,#1530,.T.);
#1528 = VERTEX_POINT('',#1529);
#1529 = CARTESIAN_POINT('',(111.566,12.517997,0.));
#1530 = CIRCLE('',#1531,0.4);
#1531 = AXIS2_PLACEMENT_3D('',#1532,#1533,#1534);
#1532 = CARTESIAN_POINT('',(111.566,12.917997,0.));
#1533 = DIRECTION('',(-0.,0.,-1.));
#1534 = DIRECTION('',(-0.,-1.,0.));
#1535 = FACE_BOUND('',#1536,.F.);
#1536 = EDGE_LOOP('',(#1537));
#1537 = ORIENTED_EDGE('',*,*,#1538,.T.);
#1538 = EDGE_CURVE('',#1539,#1539,#1541,.T.);
#1539 = VERTEX_POINT('',#1540);
#1540 = CARTESIAN_POINT('',(149.92,-7.394003,0.));
#1541 = CIRCLE('',#1542,0.5);
#1542 = AXIS2_PLACEMENT_3D('',#1543,#1544,#1545);
#1543 = CARTESIAN_POINT('',(149.92,-6.894003,0.));
#1544 = DIRECTION('',(-0.,0.,-1.));
#1545 = DIRECTION('',(-0.,-1.,0.));
#1546 = FACE_BOUND('',#1547,.F.);
#1547 = EDGE_LOOP('',(#1548));
#1548 = ORIENTED_EDGE('',*,*,#1549,.T.);
#1549 = EDGE_CURVE('',#1550,#1550,#1552,.T.);
#1550 = VERTEX_POINT('',#1551);
#1551 = CARTESIAN_POINT('',(149.92,-4.854003,0.));
#1552 = CIRCLE('',#1553,0.5);
#1553 = AXIS2_PLACEMENT_3D('',#1554,#1555,#1556);
#1554 = CARTESIAN_POINT('',(149.92,-4.354003,0.));
#1555 = DIRECTION('',(-0.,0.,-1.));
#1556 = DIRECTION('',(-0.,-1.,0.));
#1557 = FACE_BOUND('',#1558,.F.);
#1558 = EDGE_LOOP('',(#1559));
#1559 = ORIENTED_EDGE('',*,*,#1560,.T.);
#1560 = EDGE_CURVE('',#1561,#1561,#1563,.T.);
#1561 = VERTEX_POINT('',#1562);
#1562 = CARTESIAN_POINT('',(149.92,-2.314003,0.));
#1563 = CIRCLE('',#1564,0.5);
#1564 = AXIS2_PLACEMENT_3D('',#1565,#1566,#1567);
#1565 = CARTESIAN_POINT('',(149.92,-1.814003,0.));
#1566 = DIRECTION('',(-0.,0.,-1.));
#1567 = DIRECTION('',(-0.,-1.,0.));
#1568 = FACE_BOUND('',#1569,.F.);
#1569 = EDGE_LOOP('',(#1570));
#1570 = ORIENTED_EDGE('',*,*,#1571,.T.);
#1571 = EDGE_CURVE('',#1572,#1572,#1574,.T.);
#1572 = VERTEX_POINT('',#1573);
#1573 = CARTESIAN_POINT('',(149.92,0.225997,0.));
#1574 = CIRCLE('',#1575,0.5);
#1575 = AXIS2_PLACEMENT_3D('',#1576,#1577,#1578);
#1576 = CARTESIAN_POINT('',(149.92,0.725997,0.));
#1577 = DIRECTION('',(-0.,0.,-1.));
#1578 = DIRECTION('',(-0.,-1.,0.));
#1579 = FACE_BOUND('',#1580,.F.);
#1580 = EDGE_LOOP('',(#1581));
#1581 = ORIENTED_EDGE('',*,*,#1582,.T.);
#1582 = EDGE_CURVE('',#1583,#1583,#1585,.T.);
#1583 = VERTEX_POINT('',#1584);
#1584 = CARTESIAN_POINT('',(120.456,3.881997,0.));
#1585 = CIRCLE('',#1586,0.4);
#1586 = AXIS2_PLACEMENT_3D('',#1587,#1588,#1589);
#1587 = CARTESIAN_POINT('',(120.456,4.281997,0.));
#1588 = DIRECTION('',(-0.,0.,-1.));
#1589 = DIRECTION('',(3.5527136788E-14,-1.,-0.));
#1590 = FACE_BOUND('',#1591,.F.);
#1591 = EDGE_LOOP('',(#1592));
#1592 = ORIENTED_EDGE('',*,*,#1593,.T.);
#1593 = EDGE_CURVE('',#1594,#1594,#1596,.T.);
#1594 = VERTEX_POINT('',#1595);
#1595 = CARTESIAN_POINT('',(120.456,14.041997,0.));
#1596 = CIRCLE('',#1597,0.4);
#1597 = AXIS2_PLACEMENT_3D('',#1598,#1599,#1600);
#1598 = CARTESIAN_POINT('',(120.456,14.441997,0.));
#1599 = DIRECTION('',(-0.,0.,-1.));
#1600 = DIRECTION('',(3.5527136788E-14,-1.,-0.));
#1601 = FACE_BOUND('',#1602,.F.);
#1602 = EDGE_LOOP('',(#1603));
#1603 = ORIENTED_EDGE('',*,*,#1604,.T.);
#1604 = EDGE_CURVE('',#1605,#1605,#1607,.T.);
#1605 = VERTEX_POINT('',#1606);
#1606 = CARTESIAN_POINT('',(136.204,7.945997,0.));
#1607 = CIRCLE('',#1608,0.4);
#1608 = AXIS2_PLACEMENT_3D('',#1609,#1610,#1611);
#1609 = CARTESIAN_POINT('',(136.204,8.345997,0.));
#1610 = DIRECTION('',(-0.,0.,-1.));
#1611 = DIRECTION('',(-0.,-1.,0.));
#1612 = FACE_BOUND('',#1613,.F.);
#1613 = EDGE_LOOP('',(#1614));
#1614 = ORIENTED_EDGE('',*,*,#1615,.T.);
#1615 = EDGE_CURVE('',#1616,#1616,#1618,.T.);
#1616 = VERTEX_POINT('',#1617);
#1617 = CARTESIAN_POINT('',(149.92,5.305997,0.));
#1618 = CIRCLE('',#1619,0.5);
#1619 = AXIS2_PLACEMENT_3D('',#1620,#1621,#1622);
#1620 = CARTESIAN_POINT('',(149.92,5.805997,0.));
#1621 = DIRECTION('',(-0.,0.,-1.));
#1622 = DIRECTION('',(-0.,-1.,0.));
#1623 = FACE_BOUND('',#1624,.F.);
#1624 = EDGE_LOOP('',(#1625));
#1625 = ORIENTED_EDGE('',*,*,#1626,.T.);
#1626 = EDGE_CURVE('',#1627,#1627,#1629,.T.);
#1627 = VERTEX_POINT('',#1628);
#1628 = CARTESIAN_POINT('',(146.364,7.945997,0.));
#1629 = CIRCLE('',#1630,0.4);
#1630 = AXIS2_PLACEMENT_3D('',#1631,#1632,#1633);
#1631 = CARTESIAN_POINT('',(146.364,8.345997,0.));
#1632 = DIRECTION('',(-0.,0.,-1.));
#1633 = DIRECTION('',(-0.,-1.,0.));
#1634 = FACE_BOUND('',#1635,.F.);
#1635 = EDGE_LOOP('',(#1636));
#1636 = ORIENTED_EDGE('',*,*,#1637,.T.);
#1637 = EDGE_CURVE('',#1638,#1638,#1640,.T.);
#1638 = VERTEX_POINT('',#1639);
#1639 = CARTESIAN_POINT('',(149.92,7.845997,0.));
#1640 = CIRCLE('',#1641,0.5);
#1641 = AXIS2_PLACEMENT_3D('',#1642,#1643,#1644);
#1642 = CARTESIAN_POINT('',(149.92,8.345997,0.));
#1643 = DIRECTION('',(-0.,0.,-1.));
#1644 = DIRECTION('',(-0.,-1.,0.));
#1645 = FACE_BOUND('',#1646,.F.);
#1646 = EDGE_LOOP('',(#1647));
#1647 = ORIENTED_EDGE('',*,*,#1648,.T.);
#1648 = EDGE_CURVE('',#1649,#1649,#1651,.T.);
#1649 = VERTEX_POINT('',#1650);
#1650 = CARTESIAN_POINT('',(134.934,12.796997,0.));
#1651 = CIRCLE('',#1652,0.375);
#1652 = AXIS2_PLACEMENT_3D('',#1653,#1654,#1655);
#1653 = CARTESIAN_POINT('',(134.934,13.171997,0.));
#1654 = DIRECTION('',(-0.,0.,-1.));
#1655 = DIRECTION('',(-0.,-1.,0.));
#1656 = FACE_BOUND('',#1657,.F.);
#1657 = EDGE_LOOP('',(#1658));
#1658 = ORIENTED_EDGE('',*,*,#1659,.T.);
#1659 = EDGE_CURVE('',#1660,#1660,#1662,.T.);
#1660 = VERTEX_POINT('',#1661);
#1661 = CARTESIAN_POINT('',(136.204,12.796997,0.));
#1662 = CIRCLE('',#1663,0.375);
#1663 = AXIS2_PLACEMENT_3D('',#1664,#1665,#1666);
#1664 = CARTESIAN_POINT('',(136.204,13.171997,0.));
#1665 = DIRECTION('',(-0.,0.,-1.));
#1666 = DIRECTION('',(-0.,-1.,0.));
#1667 = FACE_BOUND('',#1668,.F.);
#1668 = EDGE_LOOP('',(#1669));
#1669 = ORIENTED_EDGE('',*,*,#1670,.T.);
#1670 = EDGE_CURVE('',#1671,#1671,#1673,.T.);
#1671 = VERTEX_POINT('',#1672);
#1672 = CARTESIAN_POINT('',(137.474,12.796997,0.));
#1673 = CIRCLE('',#1674,0.375);
#1674 = AXIS2_PLACEMENT_3D('',#1675,#1676,#1677);
#1675 = CARTESIAN_POINT('',(137.474,13.171997,0.));
#1676 = DIRECTION('',(-0.,0.,-1.));
#1677 = DIRECTION('',(-0.,-1.,0.));
#1678 = FACE_BOUND('',#1679,.F.);
#1679 = EDGE_LOOP('',(#1680));
#1680 = ORIENTED_EDGE('',*,*,#1681,.T.);
#1681 = EDGE_CURVE('',#1682,#1682,#1684,.T.);
#1682 = VERTEX_POINT('',#1683);
#1683 = CARTESIAN_POINT('',(149.92,10.385997,0.));
#1684 = CIRCLE('',#1685,0.5);
#1685 = AXIS2_PLACEMENT_3D('',#1686,#1687,#1688);
#1686 = CARTESIAN_POINT('',(149.92,10.885997,0.));
#1687 = DIRECTION('',(-0.,0.,-1.));
#1688 = DIRECTION('',(-0.,-1.,0.));
#1689 = FACE_BOUND('',#1690,.F.);
#1690 = EDGE_LOOP('',(#1691));
#1691 = ORIENTED_EDGE('',*,*,#1692,.T.);
#1692 = EDGE_CURVE('',#1693,#1693,#1695,.T.);
#1693 = VERTEX_POINT('',#1694);
#1694 = CARTESIAN_POINT('',(149.92,12.925997,0.));
#1695 = CIRCLE('',#1696,0.5);
#1696 = AXIS2_PLACEMENT_3D('',#1697,#1698,#1699);
#1697 = CARTESIAN_POINT('',(149.92,13.425997,0.));
#1698 = DIRECTION('',(-0.,0.,-1.));
#1699 = DIRECTION('',(-0.,-1.,0.));
#1700 = FACE_BOUND('',#1701,.F.);
#1701 = EDGE_LOOP('',(#1702));
#1702 = ORIENTED_EDGE('',*,*,#1703,.T.);
#1703 = EDGE_CURVE('',#1704,#1704,#1706,.T.);
#1704 = VERTEX_POINT('',#1705);
#1705 = CARTESIAN_POINT('',(12.41,23.817997,0.));
#1706 = CIRCLE('',#1707,1.8);
#1707 = AXIS2_PLACEMENT_3D('',#1708,#1709,#1710);
#1708 = CARTESIAN_POINT('',(12.41,25.617997,0.));
#1709 = DIRECTION('',(-0.,0.,-1.));
#1710 = DIRECTION('',(-0.,-1.,0.));
#1711 = FACE_BOUND('',#1712,.F.);
#1712 = EDGE_LOOP('',(#1713));
#1713 = ORIENTED_EDGE('',*,*,#1714,.T.);
#1714 = EDGE_CURVE('',#1715,#1715,#1717,.T.);
#1715 = VERTEX_POINT('',#1716);
#1716 = CARTESIAN_POINT('',(31.81,15.311997,0.));
#1717 = CIRCLE('',#1718,0.4);
#1718 = AXIS2_PLACEMENT_3D('',#1719,#1720,#1721);
#1719 = CARTESIAN_POINT('',(31.81,15.711997,0.));
#1720 = DIRECTION('',(-0.,0.,-1.));
#1721 = DIRECTION('',(-8.881784197001E-15,-1.,0.));
#1722 = FACE_BOUND('',#1723,.F.);
#1723 = EDGE_LOOP('',(#1724));
#1724 = ORIENTED_EDGE('',*,*,#1725,.T.);
#1725 = EDGE_CURVE('',#1726,#1726,#1728,.T.);
#1726 = VERTEX_POINT('',#1727);
#1727 = CARTESIAN_POINT('',(32.27,19.417997,0.));
#1728 = CIRCLE('',#1729,0.75);
#1729 = AXIS2_PLACEMENT_3D('',#1730,#1731,#1732);
#1730 = CARTESIAN_POINT('',(32.27,20.167997,0.));
#1731 = DIRECTION('',(-0.,0.,-1.));
#1732 = DIRECTION('',(-0.,-1.,0.));
#1733 = FACE_BOUND('',#1734,.F.);
#1734 = EDGE_LOOP('',(#1735));
#1735 = ORIENTED_EDGE('',*,*,#1736,.T.);
#1736 = EDGE_CURVE('',#1737,#1737,#1739,.T.);
#1737 = VERTEX_POINT('',#1738);
#1738 = CARTESIAN_POINT('',(32.27,24.867997,0.));
#1739 = CIRCLE('',#1740,0.75);
#1740 = AXIS2_PLACEMENT_3D('',#1741,#1742,#1743);
#1741 = CARTESIAN_POINT('',(32.27,25.617997,0.));
#1742 = DIRECTION('',(-0.,0.,-1.));
#1743 = DIRECTION('',(-0.,-1.,0.));
#1744 = FACE_BOUND('',#1745,.F.);
#1745 = EDGE_LOOP('',(#1746));
#1746 = ORIENTED_EDGE('',*,*,#1747,.T.);
#1747 = EDGE_CURVE('',#1748,#1748,#1750,.T.);
#1748 = VERTEX_POINT('',#1749);
#1749 = CARTESIAN_POINT('',(32.27,30.317997,0.));
#1750 = CIRCLE('',#1751,0.75);
#1751 = AXIS2_PLACEMENT_3D('',#1752,#1753,#1754);
#1752 = CARTESIAN_POINT('',(32.27,31.067997,0.));
#1753 = DIRECTION('',(-0.,0.,-1.));
#1754 = DIRECTION('',(-0.,-1.,0.));
#1755 = FACE_BOUND('',#1756,.F.);
#1756 = EDGE_LOOP('',(#1757));
#1757 = ORIENTED_EDGE('',*,*,#1758,.T.);
#1758 = EDGE_CURVE('',#1759,#1759,#1761,.T.);
#1759 = VERTEX_POINT('',#1760);
#1760 = CARTESIAN_POINT('',(37.906,31.875997,0.));
#1761 = CIRCLE('',#1762,0.6);
#1762 = AXIS2_PLACEMENT_3D('',#1763,#1764,#1765);
#1763 = CARTESIAN_POINT('',(37.906,32.475997,0.));
#1764 = DIRECTION('',(-0.,0.,-1.));
#1765 = DIRECTION('',(-0.,-1.,0.));
#1766 = FACE_BOUND('',#1767,.F.);
#1767 = EDGE_LOOP('',(#1768));
#1768 = ORIENTED_EDGE('',*,*,#1769,.T.);
#1769 = EDGE_CURVE('',#1770,#1770,#1772,.T.);
#1770 = VERTEX_POINT('',#1771);
#1771 = CARTESIAN_POINT('',(32.27,38.213997,0.));
#1772 = CIRCLE('',#1773,0.75);
#1773 = AXIS2_PLACEMENT_3D('',#1774,#1775,#1776);
#1774 = CARTESIAN_POINT('',(32.27,38.963997,0.));
#1775 = DIRECTION('',(-0.,0.,-1.));
#1776 = DIRECTION('',(-0.,-1.,0.));
#1777 = FACE_BOUND('',#1778,.F.);
#1778 = EDGE_LOOP('',(#1779));
#1779 = ORIENTED_EDGE('',*,*,#1780,.T.);
#1780 = EDGE_CURVE('',#1781,#1781,#1783,.T.);
#1781 = VERTEX_POINT('',#1782);
#1782 = CARTESIAN_POINT('',(47.05,15.311997,0.));
#1783 = CIRCLE('',#1784,0.4);
#1784 = AXIS2_PLACEMENT_3D('',#1785,#1786,#1787);
#1785 = CARTESIAN_POINT('',(47.05,15.711997,0.));
#1786 = DIRECTION('',(-0.,0.,-1.));
#1787 = DIRECTION('',(-0.,-1.,0.));
#1788 = FACE_BOUND('',#1789,.F.);
#1789 = EDGE_LOOP('',(#1790));
#1790 = ORIENTED_EDGE('',*,*,#1791,.T.);
#1791 = EDGE_CURVE('',#1792,#1792,#1794,.T.);
#1792 = VERTEX_POINT('',#1793);
#1793 = CARTESIAN_POINT('',(47.05,18.867997,0.));
#1794 = CIRCLE('',#1795,0.4);
#1795 = AXIS2_PLACEMENT_3D('',#1796,#1797,#1798);
#1796 = CARTESIAN_POINT('',(47.05,19.267997,0.));
#1797 = DIRECTION('',(-0.,0.,-1.));
#1798 = DIRECTION('',(-0.,-1.,0.));
#1799 = FACE_BOUND('',#1800,.F.);
#1800 = EDGE_LOOP('',(#1801));
#1801 = ORIENTED_EDGE('',*,*,#1802,.T.);
#1802 = EDGE_CURVE('',#1803,#1803,#1805,.T.);
#1803 = VERTEX_POINT('',#1804);
#1804 = CARTESIAN_POINT('',(60.258,15.819997,0.));
#1805 = CIRCLE('',#1806,0.4);
#1806 = AXIS2_PLACEMENT_3D('',#1807,#1808,#1809);
#1807 = CARTESIAN_POINT('',(60.258,16.219997,0.));
#1808 = DIRECTION('',(-0.,0.,-1.));
#1809 = DIRECTION('',(1.7763568394E-14,-1.,-0.));
#1810 = FACE_BOUND('',#1811,.F.);
#1811 = EDGE_LOOP('',(#1812));
#1812 = ORIENTED_EDGE('',*,*,#1813,.T.);
#1813 = EDGE_CURVE('',#1814,#1814,#1816,.T.);
#1814 = VERTEX_POINT('',#1815);
#1815 = CARTESIAN_POINT('',(57.21,18.867997,0.));
#1816 = CIRCLE('',#1817,0.4);
#1817 = AXIS2_PLACEMENT_3D('',#1818,#1819,#1820);
#1818 = CARTESIAN_POINT('',(57.21,19.267997,0.));
#1819 = DIRECTION('',(-0.,0.,-1.));
#1820 = DIRECTION('',(-0.,-1.,0.));
#1821 = FACE_BOUND('',#1822,.F.);
#1822 = EDGE_LOOP('',(#1823));
#1823 = ORIENTED_EDGE('',*,*,#1824,.T.);
#1824 = EDGE_CURVE('',#1825,#1825,#1827,.T.);
#1825 = VERTEX_POINT('',#1826);
#1826 = CARTESIAN_POINT('',(47.05,23.693997,0.));
#1827 = CIRCLE('',#1828,0.4);
#1828 = AXIS2_PLACEMENT_3D('',#1829,#1830,#1831);
#1829 = CARTESIAN_POINT('',(47.05,24.093997,0.));
#1830 = DIRECTION('',(-0.,0.,-1.));
#1831 = DIRECTION('',(-0.,-1.,0.));
#1832 = FACE_BOUND('',#1833,.F.);
#1833 = EDGE_LOOP('',(#1834));
#1834 = ORIENTED_EDGE('',*,*,#1835,.T.);
#1835 = EDGE_CURVE('',#1836,#1836,#1838,.T.);
#1836 = VERTEX_POINT('',#1837);
#1837 = CARTESIAN_POINT('',(57.21,23.693997,0.));
#1838 = CIRCLE('',#1839,0.4);
#1839 = AXIS2_PLACEMENT_3D('',#1840,#1841,#1842);
#1840 = CARTESIAN_POINT('',(57.21,24.093997,0.));
#1841 = DIRECTION('',(-0.,0.,-1.));
#1842 = DIRECTION('',(-0.,-1.,0.));
#1843 = FACE_BOUND('',#1844,.F.);
#1844 = EDGE_LOOP('',(#1845));
#1845 = ORIENTED_EDGE('',*,*,#1846,.T.);
#1846 = EDGE_CURVE('',#1847,#1847,#1849,.T.);
#1847 = VERTEX_POINT('',#1848);
#1848 = CARTESIAN_POINT('',(60.258,23.439997,0.));
#1849 = CIRCLE('',#1850,0.4);
#1850 = AXIS2_PLACEMENT_3D('',#1851,#1852,#1853);
#1851 = CARTESIAN_POINT('',(60.258,23.839997,0.));
#1852 = DIRECTION('',(-0.,0.,-1.));
#1853 = DIRECTION('',(1.7763568394E-14,-1.,-0.));
#1854 = FACE_BOUND('',#1855,.F.);
#1855 = EDGE_LOOP('',(#1856));
#1856 = ORIENTED_EDGE('',*,*,#1857,.T.);
#1857 = EDGE_CURVE('',#1858,#1858,#1860,.T.);
#1858 = VERTEX_POINT('',#1859);
#1859 = CARTESIAN_POINT('',(62.798,15.819997,0.));
#1860 = CIRCLE('',#1861,0.4);
#1861 = AXIS2_PLACEMENT_3D('',#1862,#1863,#1864);
#1862 = CARTESIAN_POINT('',(62.798,16.219997,0.));
#1863 = DIRECTION('',(-0.,0.,-1.));
#1864 = DIRECTION('',(-0.,-1.,0.));
#1865 = FACE_BOUND('',#1866,.F.);
#1866 = EDGE_LOOP('',(#1867));
#1867 = ORIENTED_EDGE('',*,*,#1868,.T.);
#1868 = EDGE_CURVE('',#1869,#1869,#1871,.T.);
#1869 = VERTEX_POINT('',#1870);
#1870 = CARTESIAN_POINT('',(65.338,15.819997,0.));
#1871 = CIRCLE('',#1872,0.4);
#1872 = AXIS2_PLACEMENT_3D('',#1873,#1874,#1875);
#1873 = CARTESIAN_POINT('',(65.338,16.219997,0.));
#1874 = DIRECTION('',(-0.,0.,-1.));
#1875 = DIRECTION('',(-0.,-1.,0.));
#1876 = FACE_BOUND('',#1877,.F.);
#1877 = EDGE_LOOP('',(#1878));
#1878 = ORIENTED_EDGE('',*,*,#1879,.T.);
#1879 = EDGE_CURVE('',#1880,#1880,#1882,.T.);
#1880 = VERTEX_POINT('',#1881);
#1881 = CARTESIAN_POINT('',(67.878,15.819997,0.));
#1882 = CIRCLE('',#1883,0.4);
#1883 = AXIS2_PLACEMENT_3D('',#1884,#1885,#1886);
#1884 = CARTESIAN_POINT('',(67.878,16.219997,0.));
#1885 = DIRECTION('',(-0.,0.,-1.));
#1886 = DIRECTION('',(-0.,-1.,0.));
#1887 = FACE_BOUND('',#1888,.F.);
#1888 = EDGE_LOOP('',(#1889));
#1889 = ORIENTED_EDGE('',*,*,#1890,.T.);
#1890 = EDGE_CURVE('',#1891,#1891,#1893,.T.);
#1891 = VERTEX_POINT('',#1892);
#1892 = CARTESIAN_POINT('',(74.228,15.057997,0.));
#1893 = CIRCLE('',#1894,0.4);
#1894 = AXIS2_PLACEMENT_3D('',#1895,#1896,#1897);
#1895 = CARTESIAN_POINT('',(74.228,15.457997,0.));
#1896 = DIRECTION('',(-0.,0.,-1.));
#1897 = DIRECTION('',(-3.552713678801E-14,-1.,0.));
#1898 = FACE_BOUND('',#1899,.F.);
#1899 = EDGE_LOOP('',(#1900));
#1900 = ORIENTED_EDGE('',*,*,#1901,.T.);
#1901 = EDGE_CURVE('',#1902,#1902,#1904,.T.);
#1902 = VERTEX_POINT('',#1903);
#1903 = CARTESIAN_POINT('',(71.688,17.851997,0.));
#1904 = CIRCLE('',#1905,0.4);
#1905 = AXIS2_PLACEMENT_3D('',#1906,#1907,#1908);
#1906 = CARTESIAN_POINT('',(71.688,18.251997,0.));
#1907 = DIRECTION('',(-0.,0.,-1.));
#1908 = DIRECTION('',(3.5527136788E-14,-1.,-0.));
#1909 = FACE_BOUND('',#1910,.F.);
#1910 = EDGE_LOOP('',(#1911));
#1911 = ORIENTED_EDGE('',*,*,#1912,.T.);
#1912 = EDGE_CURVE('',#1913,#1913,#1915,.T.);
#1913 = VERTEX_POINT('',#1914);
#1914 = CARTESIAN_POINT('',(62.798,23.439997,0.));
#1915 = CIRCLE('',#1916,0.4);
#1916 = AXIS2_PLACEMENT_3D('',#1917,#1918,#1919);
#1917 = CARTESIAN_POINT('',(62.798,23.839997,0.));
#1918 = DIRECTION('',(-0.,0.,-1.));
#1919 = DIRECTION('',(-0.,-1.,0.));
#1920 = FACE_BOUND('',#1921,.F.);
#1921 = EDGE_LOOP('',(#1922));
#1922 = ORIENTED_EDGE('',*,*,#1923,.T.);
#1923 = EDGE_CURVE('',#1924,#1924,#1926,.T.);
#1924 = VERTEX_POINT('',#1925);
#1925 = CARTESIAN_POINT('',(65.338,23.439997,0.));
#1926 = CIRCLE('',#1927,0.4);
#1927 = AXIS2_PLACEMENT_3D('',#1928,#1929,#1930);
#1928 = CARTESIAN_POINT('',(65.338,23.839997,0.));
#1929 = DIRECTION('',(-0.,0.,-1.));
#1930 = DIRECTION('',(-0.,-1.,0.));
#1931 = FACE_BOUND('',#1932,.F.);
#1932 = EDGE_LOOP('',(#1933));
#1933 = ORIENTED_EDGE('',*,*,#1934,.T.);
#1934 = EDGE_CURVE('',#1935,#1935,#1937,.T.);
#1935 = VERTEX_POINT('',#1936);
#1936 = CARTESIAN_POINT('',(67.878,23.439997,0.));
#1937 = CIRCLE('',#1938,0.4);
#1938 = AXIS2_PLACEMENT_3D('',#1939,#1940,#1941);
#1939 = CARTESIAN_POINT('',(67.878,23.839997,0.));
#1940 = DIRECTION('',(-0.,0.,-1.));
#1941 = DIRECTION('',(-0.,-1.,0.));
#1942 = FACE_BOUND('',#1943,.F.);
#1943 = EDGE_LOOP('',(#1944));
#1944 = ORIENTED_EDGE('',*,*,#1945,.T.);
#1945 = EDGE_CURVE('',#1946,#1946,#1948,.T.);
#1946 = VERTEX_POINT('',#1947);
#1947 = CARTESIAN_POINT('',(71.434,23.947997,0.));
#1948 = CIRCLE('',#1949,0.4);
#1949 = AXIS2_PLACEMENT_3D('',#1950,#1951,#1952);
#1950 = CARTESIAN_POINT('',(71.434,24.347997,0.));
#1951 = DIRECTION('',(-0.,0.,-1.));
#1952 = DIRECTION('',(-0.,-1.,0.));
#1953 = FACE_BOUND('',#1954,.F.);
#1954 = EDGE_LOOP('',(#1955));
#1955 = ORIENTED_EDGE('',*,*,#1956,.T.);
#1956 = EDGE_CURVE('',#1957,#1957,#1959,.T.);
#1957 = VERTEX_POINT('',#1958);
#1958 = CARTESIAN_POINT('',(73.466,20.899997,0.));
#1959 = CIRCLE('',#1960,0.4);
#1960 = AXIS2_PLACEMENT_3D('',#1961,#1962,#1963);
#1961 = CARTESIAN_POINT('',(73.466,21.299997,0.));
#1962 = DIRECTION('',(-0.,0.,-1.));
#1963 = DIRECTION('',(-3.552713678801E-14,-1.,0.));
#1964 = FACE_BOUND('',#1965,.F.);
#1965 = EDGE_LOOP('',(#1966));
#1966 = ORIENTED_EDGE('',*,*,#1967,.T.);
#1967 = EDGE_CURVE('',#1968,#1968,#1970,.T.);
#1968 = VERTEX_POINT('',#1969);
#1969 = CARTESIAN_POINT('',(12.41,42.613997,0.));
#1970 = CIRCLE('',#1971,1.8);
#1971 = AXIS2_PLACEMENT_3D('',#1972,#1973,#1974);
#1972 = CARTESIAN_POINT('',(12.41,44.413997,0.));
#1973 = DIRECTION('',(-0.,0.,-1.));
#1974 = DIRECTION('',(-0.,-1.,0.));
#1975 = FACE_BOUND('',#1976,.F.);
#1976 = EDGE_LOOP('',(#1977));
#1977 = ORIENTED_EDGE('',*,*,#1978,.T.);
#1978 = EDGE_CURVE('',#1979,#1979,#1981,.T.);
#1979 = VERTEX_POINT('',#1980);
#1980 = CARTESIAN_POINT('',(32.27,43.663997,0.));
#1981 = CIRCLE('',#1982,0.75);
#1982 = AXIS2_PLACEMENT_3D('',#1983,#1984,#1985);
#1983 = CARTESIAN_POINT('',(32.27,44.413997,0.));
#1984 = DIRECTION('',(-0.,0.,-1.));
#1985 = DIRECTION('',(-0.,-1.,0.));
#1986 = FACE_BOUND('',#1987,.F.);
#1987 = EDGE_LOOP('',(#1988));
#1988 = ORIENTED_EDGE('',*,*,#1989,.T.);
#1989 = EDGE_CURVE('',#1990,#1990,#1992,.T.);
#1990 = VERTEX_POINT('',#1991);
#1991 = CARTESIAN_POINT('',(40.954,40.203997,0.));
#1992 = CIRCLE('',#1993,0.4);
#1993 = AXIS2_PLACEMENT_3D('',#1994,#1995,#1996);
#1994 = CARTESIAN_POINT('',(40.954,40.603997,0.));
#1995 = DIRECTION('',(-0.,0.,-1.));
#1996 = DIRECTION('',(-0.,-1.,0.));
#1997 = FACE_BOUND('',#1998,.F.);
#1998 = EDGE_LOOP('',(#1999));
#1999 = ORIENTED_EDGE('',*,*,#2000,.T.);
#2000 = EDGE_CURVE('',#2001,#2001,#2003,.T.);
#2001 = VERTEX_POINT('',#2002);
#2002 = CARTESIAN_POINT('',(32.27,49.113997,0.));
#2003 = CIRCLE('',#2004,0.75);
#2004 = AXIS2_PLACEMENT_3D('',#2005,#2006,#2007);
#2005 = CARTESIAN_POINT('',(32.27,49.863997,0.));
#2006 = DIRECTION('',(-0.,0.,-1.));
#2007 = DIRECTION('',(-0.,-1.,0.));
#2008 = FACE_BOUND('',#2009,.F.);
#2009 = EDGE_LOOP('',(#2010));
#2010 = ORIENTED_EDGE('',*,*,#2011,.T.);
#2011 = EDGE_CURVE('',#2012,#2012,#2014,.T.);
#2012 = VERTEX_POINT('',#2013);
#2013 = CARTESIAN_POINT('',(39.982,46.761997,0.));
#2014 = CIRCLE('',#2015,0.7);
#2015 = AXIS2_PLACEMENT_3D('',#2016,#2017,#2018);
#2016 = CARTESIAN_POINT('',(39.982,47.461997,0.));
#2017 = DIRECTION('',(-0.,0.,-1.));
#2018 = DIRECTION('',(-0.,-1.,0.));
#2019 = FACE_BOUND('',#2020,.F.);
#2020 = EDGE_LOOP('',(#2021));
#2021 = ORIENTED_EDGE('',*,*,#2022,.T.);
#2022 = EDGE_CURVE('',#2023,#2023,#2025,.T.);
#2023 = VERTEX_POINT('',#2024);
#2024 = CARTESIAN_POINT('',(10.5,59.1,0.));
#2025 = CIRCLE('',#2026,1.6);
#2026 = AXIS2_PLACEMENT_3D('',#2027,#2028,#2029);
#2027 = CARTESIAN_POINT('',(10.5,60.7,0.));
#2028 = DIRECTION('',(-0.,0.,-1.));
#2029 = DIRECTION('',(-0.,-1.,0.));
#2030 = FACE_BOUND('',#2031,.F.);
#2031 = EDGE_LOOP('',(#2032));
#2032 = ORIENTED_EDGE('',*,*,#2033,.T.);
#2033 = EDGE_CURVE('',#2034,#2034,#2036,.T.);
#2034 = VERTEX_POINT('',#2035);
#2035 = CARTESIAN_POINT('',(42.412,55.293997,0.));
#2036 = CIRCLE('',#2037,0.55);
#2037 = AXIS2_PLACEMENT_3D('',#2038,#2039,#2040);
#2038 = CARTESIAN_POINT('',(42.412,55.843997,0.));
#2039 = DIRECTION('',(-0.,0.,-1.));
#2040 = DIRECTION('',(-1.2918958832E-14,-1.,0.));
#2041 = FACE_BOUND('',#2042,.F.);
#2042 = EDGE_LOOP('',(#2043));
#2043 = ORIENTED_EDGE('',*,*,#2044,.T.);
#2044 = EDGE_CURVE('',#2045,#2045,#2047,.T.);
#2045 = VERTEX_POINT('',#2046);
#2046 = CARTESIAN_POINT('',(32.064,55.415997,0.));
#2047 = CIRCLE('',#2048,1.6);
#2048 = AXIS2_PLACEMENT_3D('',#2049,#2050,#2051);
#2049 = CARTESIAN_POINT('',(32.064,57.015997,0.));
#2050 = DIRECTION('',(-0.,0.,-1.));
#2051 = DIRECTION('',(-0.,-1.,0.));
#2052 = FACE_BOUND('',#2053,.F.);
#2053 = EDGE_LOOP('',(#2054));
#2054 = ORIENTED_EDGE('',*,*,#2055,.T.);
#2055 = EDGE_CURVE('',#2056,#2056,#2058,.T.);
#2056 = VERTEX_POINT('',#2057);
#2057 = CARTESIAN_POINT('',(42.412,60.373997,0.));
#2058 = CIRCLE('',#2059,0.55);
#2059 = AXIS2_PLACEMENT_3D('',#2060,#2061,#2062);
#2060 = CARTESIAN_POINT('',(42.412,60.923997,0.));
#2061 = DIRECTION('',(-0.,0.,-1.));
#2062 = DIRECTION('',(-1.2918958832E-14,-1.,0.));
#2063 = FACE_BOUND('',#2064,.F.);
#2064 = EDGE_LOOP('',(#2065));
#2065 = ORIENTED_EDGE('',*,*,#2066,.T.);
#2066 = EDGE_CURVE('',#2067,#2067,#2069,.T.);
#2067 = VERTEX_POINT('',#2068);
#2068 = CARTESIAN_POINT('',(56.194,40.203997,0.));
#2069 = CIRCLE('',#2070,0.4);
#2070 = AXIS2_PLACEMENT_3D('',#2071,#2072,#2073);
#2071 = CARTESIAN_POINT('',(56.194,40.603997,0.));
#2072 = DIRECTION('',(-0.,0.,-1.));
#2073 = DIRECTION('',(-0.,-1.,0.));
#2074 = FACE_BOUND('',#2075,.F.);
#2075 = EDGE_LOOP('',(#2076));
#2076 = ORIENTED_EDGE('',*,*,#2077,.T.);
#2077 = EDGE_CURVE('',#2078,#2078,#2080,.T.);
#2078 = VERTEX_POINT('',#2079);
#2079 = CARTESIAN_POINT('',(50.882,45.961997,0.));
#2080 = CIRCLE('',#2081,1.5);
#2081 = AXIS2_PLACEMENT_3D('',#2082,#2083,#2084);
#2082 = CARTESIAN_POINT('',(50.882,47.461997,0.));
#2083 = DIRECTION('',(-0.,0.,-1.));
#2084 = DIRECTION('',(-0.,-1.,0.));
#2085 = FACE_BOUND('',#2086,.F.);
#2086 = EDGE_LOOP('',(#2087));
#2087 = ORIENTED_EDGE('',*,*,#2088,.T.);
#2088 = EDGE_CURVE('',#2089,#2089,#2091,.T.);
#2089 = VERTEX_POINT('',#2090);
#2090 = CARTESIAN_POINT('',(61.782,46.761997,0.));
#2091 = CIRCLE('',#2092,0.7);
#2092 = AXIS2_PLACEMENT_3D('',#2093,#2094,#2095);
#2093 = CARTESIAN_POINT('',(61.782,47.461997,0.));
#2094 = DIRECTION('',(-0.,0.,-1.));
#2095 = DIRECTION('',(-0.,-1.,0.));
#2096 = FACE_BOUND('',#2097,.F.);
#2097 = EDGE_LOOP('',(#2098));
#2098 = ORIENTED_EDGE('',*,*,#2099,.T.);
#2099 = EDGE_CURVE('',#2100,#2100,#2102,.T.);
#2100 = VERTEX_POINT('',#2101);
#2101 = CARTESIAN_POINT('',(68.684,43.459997,0.));
#2102 = CIRCLE('',#2103,0.7);
#2103 = AXIS2_PLACEMENT_3D('',#2104,#2105,#2106);
#2104 = CARTESIAN_POINT('',(68.684,44.159997,0.));
#2105 = DIRECTION('',(-0.,0.,-1.));
#2106 = DIRECTION('',(-0.,-1.,0.));
#2107 = FACE_BOUND('',#2108,.F.);
#2108 = EDGE_LOOP('',(#2109));
#2109 = ORIENTED_EDGE('',*,*,#2110,.T.);
#2110 = EDGE_CURVE('',#2111,#2111,#2113,.T.);
#2111 = VERTEX_POINT('',#2112);
#2112 = CARTESIAN_POINT('',(79.584,42.659997,0.));
#2113 = CIRCLE('',#2114,1.5);
#2114 = AXIS2_PLACEMENT_3D('',#2115,#2116,#2117);
#2115 = CARTESIAN_POINT('',(79.584,44.159997,0.));
#2116 = DIRECTION('',(-0.,0.,-1.));
#2117 = DIRECTION('',(-0.,-1.,0.));
#2118 = FACE_BOUND('',#2119,.F.);
#2119 = EDGE_LOOP('',(#2120));
#2120 = ORIENTED_EDGE('',*,*,#2121,.T.);
#2121 = EDGE_CURVE('',#2122,#2122,#2124,.T.);
#2122 = VERTEX_POINT('',#2123);
#2123 = CARTESIAN_POINT('',(48.654,53.833997,0.));
#2124 = CIRCLE('',#2125,1.);
#2125 = AXIS2_PLACEMENT_3D('',#2126,#2127,#2128);
#2126 = CARTESIAN_POINT('',(48.654,54.833997,0.));
#2127 = DIRECTION('',(-0.,0.,-1.));
#2128 = DIRECTION('',(-0.,-1.,0.));
#2129 = FACE_BOUND('',#2130,.F.);
#2130 = EDGE_LOOP('',(#2131));
#2131 = ORIENTED_EDGE('',*,*,#2132,.T.);
#2132 = EDGE_CURVE('',#2133,#2133,#2135,.T.);
#2133 = VERTEX_POINT('',#2134);
#2134 = CARTESIAN_POINT('',(53.654,53.833997,0.));
#2135 = CIRCLE('',#2136,1.);
#2136 = AXIS2_PLACEMENT_3D('',#2137,#2138,#2139);
#2137 = CARTESIAN_POINT('',(53.654,54.833997,0.));
#2138 = DIRECTION('',(-0.,0.,-1.));
#2139 = DIRECTION('',(-0.,-1.,0.));
#2140 = FACE_BOUND('',#2141,.F.);
#2141 = EDGE_LOOP('',(#2142));
#2142 = ORIENTED_EDGE('',*,*,#2143,.T.);
#2143 = EDGE_CURVE('',#2144,#2144,#2146,.T.);
#2144 = VERTEX_POINT('',#2145);
#2145 = CARTESIAN_POINT('',(58.654,53.833997,0.));
#2146 = CIRCLE('',#2147,1.);
#2147 = AXIS2_PLACEMENT_3D('',#2148,#2149,#2150);
#2148 = CARTESIAN_POINT('',(58.654,54.833997,0.));
#2149 = DIRECTION('',(-0.,0.,-1.));
#2150 = DIRECTION('',(-0.,-1.,0.));
#2151 = FACE_BOUND('',#2152,.F.);
#2152 = EDGE_LOOP('',(#2153));
#2153 = ORIENTED_EDGE('',*,*,#2154,.T.);
#2154 = EDGE_CURVE('',#2155,#2155,#2157,.T.);
#2155 = VERTEX_POINT('',#2156);
#2156 = CARTESIAN_POINT('',(48.654,60.933997,0.));
#2157 = CIRCLE('',#2158,1.);
#2158 = AXIS2_PLACEMENT_3D('',#2159,#2160,#2161);
#2159 = CARTESIAN_POINT('',(48.654,61.933997,0.));
#2160 = DIRECTION('',(-0.,0.,-1.));
#2161 = DIRECTION('',(-0.,-1.,0.));
#2162 = FACE_BOUND('',#2163,.F.);
#2163 = EDGE_LOOP('',(#2164));
#2164 = ORIENTED_EDGE('',*,*,#2165,.T.);
#2165 = EDGE_CURVE('',#2166,#2166,#2168,.T.);
#2166 = VERTEX_POINT('',#2167);
#2167 = CARTESIAN_POINT('',(53.654,60.933997,0.));
#2168 = CIRCLE('',#2169,1.);
#2169 = AXIS2_PLACEMENT_3D('',#2170,#2171,#2172);
#2170 = CARTESIAN_POINT('',(53.654,61.933997,0.));
#2171 = DIRECTION('',(-0.,0.,-1.));
#2172 = DIRECTION('',(-0.,-1.,0.));
#2173 = FACE_BOUND('',#2174,.F.);
#2174 = EDGE_LOOP('',(#2175));
#2175 = ORIENTED_EDGE('',*,*,#2176,.T.);
#2176 = EDGE_CURVE('',#2177,#2177,#2179,.T.);
#2177 = VERTEX_POINT('',#2178);
#2178 = CARTESIAN_POINT('',(58.654,60.933997,0.));
#2179 = CIRCLE('',#2180,1.);
#2180 = AXIS2_PLACEMENT_3D('',#2181,#2182,#2183);
#2181 = CARTESIAN_POINT('',(58.654,61.933997,0.));
#2182 = DIRECTION('',(-0.,0.,-1.));
#2183 = DIRECTION('',(-0.,-1.,0.));
#2184 = FACE_BOUND('',#2185,.F.);
#2185 = EDGE_LOOP('',(#2186));
#2186 = ORIENTED_EDGE('',*,*,#2187,.T.);
#2187 = EDGE_CURVE('',#2188,#2188,#2190,.T.);
#2188 = VERTEX_POINT('',#2189);
#2189 = CARTESIAN_POINT('',(65.502667,53.833997,0.));
#2190 = CIRCLE('',#2191,1.);
#2191 = AXIS2_PLACEMENT_3D('',#2192,#2193,#2194);
#2192 = CARTESIAN_POINT('',(65.502667,54.833997,0.));
#2193 = DIRECTION('',(-0.,0.,-1.));
#2194 = DIRECTION('',(-0.,-1.,0.));
#2195 = FACE_BOUND('',#2196,.F.);
#2196 = EDGE_LOOP('',(#2197));
#2197 = ORIENTED_EDGE('',*,*,#2198,.T.);
#2198 = EDGE_CURVE('',#2199,#2199,#2201,.T.);
#2199 = VERTEX_POINT('',#2200);
#2200 = CARTESIAN_POINT('',(70.502667,53.833997,0.));
#2201 = CIRCLE('',#2202,1.);
#2202 = AXIS2_PLACEMENT_3D('',#2203,#2204,#2205);
#2203 = CARTESIAN_POINT('',(70.502667,54.833997,0.));
#2204 = DIRECTION('',(-0.,0.,-1.));
#2205 = DIRECTION('',(-0.,-1.,0.));
#2206 = FACE_BOUND('',#2207,.F.);
#2207 = EDGE_LOOP('',(#2208));
#2208 = ORIENTED_EDGE('',*,*,#2209,.T.);
#2209 = EDGE_CURVE('',#2210,#2210,#2212,.T.);
#2210 = VERTEX_POINT('',#2211);
#2211 = CARTESIAN_POINT('',(75.502667,53.833997,0.));
#2212 = CIRCLE('',#2213,1.);
#2213 = AXIS2_PLACEMENT_3D('',#2214,#2215,#2216);
#2214 = CARTESIAN_POINT('',(75.502667,54.833997,0.));
#2215 = DIRECTION('',(-0.,0.,-1.));
#2216 = DIRECTION('',(-0.,-1.,0.));
#2217 = FACE_BOUND('',#2218,.F.);
#2218 = EDGE_LOOP('',(#2219));
#2219 = ORIENTED_EDGE('',*,*,#2220,.T.);
#2220 = EDGE_CURVE('',#2221,#2221,#2223,.T.);
#2221 = VERTEX_POINT('',#2222);
#2222 = CARTESIAN_POINT('',(65.502667,60.933997,0.));
#2223 = CIRCLE('',#2224,1.);
#2224 = AXIS2_PLACEMENT_3D('',#2225,#2226,#2227);
#2225 = CARTESIAN_POINT('',(65.502667,61.933997,0.));
#2226 = DIRECTION('',(-0.,0.,-1.));
#2227 = DIRECTION('',(-0.,-1.,0.));
#2228 = FACE_BOUND('',#2229,.F.);
#2229 = EDGE_LOOP('',(#2230));
#2230 = ORIENTED_EDGE('',*,*,#2231,.T.);
#2231 = EDGE_CURVE('',#2232,#2232,#2234,.T.);
#2232 = VERTEX_POINT('',#2233);
#2233 = CARTESIAN_POINT('',(70.502667,60.933997,0.));
#2234 = CIRCLE('',#2235,1.);
#2235 = AXIS2_PLACEMENT_3D('',#2236,#2237,#2238);
#2236 = CARTESIAN_POINT('',(70.502667,61.933997,0.));
#2237 = DIRECTION('',(-0.,0.,-1.));
#2238 = DIRECTION('',(-0.,-1.,0.));
#2239 = FACE_BOUND('',#2240,.F.);
#2240 = EDGE_LOOP('',(#2241));
#2241 = ORIENTED_EDGE('',*,*,#2242,.T.);
#2242 = EDGE_CURVE('',#2243,#2243,#2245,.T.);
#2243 = VERTEX_POINT('',#2244);
#2244 = CARTESIAN_POINT('',(75.502667,60.933997,0.));
#2245 = CIRCLE('',#2246,1.);
#2246 = AXIS2_PLACEMENT_3D('',#2247,#2248,#2249);
#2247 = CARTESIAN_POINT('',(75.502667,61.933997,0.));
#2248 = DIRECTION('',(-0.,0.,-1.));
#2249 = DIRECTION('',(-0.,-1.,0.));
#2250 = FACE_BOUND('',#2251,.F.);
#2251 = EDGE_LOOP('',(#2252));
#2252 = ORIENTED_EDGE('',*,*,#2253,.T.);
#2253 = EDGE_CURVE('',#2254,#2254,#2256,.T.);
#2254 = VERTEX_POINT('',#2255);
#2255 = CARTESIAN_POINT('',(86.928,17.851997,0.));
#2256 = CIRCLE('',#2257,0.4);
#2257 = AXIS2_PLACEMENT_3D('',#2258,#2259,#2260);
#2258 = CARTESIAN_POINT('',(86.928,18.251997,0.));
#2259 = DIRECTION('',(-0.,0.,-1.));
#2260 = DIRECTION('',(-0.,-1.,0.));
#2261 = FACE_BOUND('',#2262,.F.);
#2262 = EDGE_LOOP('',(#2263));
#2263 = ORIENTED_EDGE('',*,*,#2264,.T.);
#2264 = EDGE_CURVE('',#2265,#2265,#2267,.T.);
#2265 = VERTEX_POINT('',#2266);
#2266 = CARTESIAN_POINT('',(89.468,15.057997,0.));
#2267 = CIRCLE('',#2268,0.4);
#2268 = AXIS2_PLACEMENT_3D('',#2269,#2270,#2271);
#2269 = CARTESIAN_POINT('',(89.468,15.457997,0.));
#2270 = DIRECTION('',(-0.,0.,-1.));
#2271 = DIRECTION('',(3.5527136788E-14,-1.,-0.));
#2272 = FACE_BOUND('',#2273,.F.);
#2273 = EDGE_LOOP('',(#2274));
#2274 = ORIENTED_EDGE('',*,*,#2275,.T.);
#2275 = EDGE_CURVE('',#2276,#2276,#2278,.T.);
#2276 = VERTEX_POINT('',#2277);
#2277 = CARTESIAN_POINT('',(90.5,19.1,0.));
#2278 = CIRCLE('',#2279,1.6);
#2279 = AXIS2_PLACEMENT_3D('',#2280,#2281,#2282);
#2280 = CARTESIAN_POINT('',(90.5,20.7,0.));
#2281 = DIRECTION('',(-0.,0.,-1.));
#2282 = DIRECTION('',(-0.,-1.,0.));
#2283 = FACE_BOUND('',#2284,.F.);
#2284 = EDGE_LOOP('',(#2285));
#2285 = ORIENTED_EDGE('',*,*,#2286,.T.);
#2286 = EDGE_CURVE('',#2287,#2287,#2289,.T.);
#2287 = VERTEX_POINT('',#2288);
#2288 = CARTESIAN_POINT('',(83.626,20.899997,0.));
#2289 = CIRCLE('',#2290,0.4);
#2290 = AXIS2_PLACEMENT_3D('',#2291,#2292,#2293);
#2291 = CARTESIAN_POINT('',(83.626,21.299997,0.));
#2292 = DIRECTION('',(-0.,0.,-1.));
#2293 = DIRECTION('',(-0.,-1.,0.));
#2294 = FACE_BOUND('',#2295,.F.);
#2295 = EDGE_LOOP('',(#2296));
#2296 = ORIENTED_EDGE('',*,*,#2297,.T.);
#2297 = EDGE_CURVE('',#2298,#2298,#2300,.T.);
#2298 = VERTEX_POINT('',#2299);
#2299 = CARTESIAN_POINT('',(81.594,23.947997,0.));
#2300 = CIRCLE('',#2301,0.4);
#2301 = AXIS2_PLACEMENT_3D('',#2302,#2303,#2304);
#2302 = CARTESIAN_POINT('',(81.594,24.347997,0.));
#2303 = DIRECTION('',(-0.,0.,-1.));
#2304 = DIRECTION('',(-0.,-1.,0.));
#2305 = FACE_BOUND('',#2306,.F.);
#2306 = EDGE_LOOP('',(#2307));
#2307 = ORIENTED_EDGE('',*,*,#2308,.T.);
#2308 = EDGE_CURVE('',#2309,#2309,#2311,.T.);
#2309 = VERTEX_POINT('',#2310);
#2310 = CARTESIAN_POINT('',(101.66,15.465997,0.));
#2311 = CIRCLE('',#2312,0.5);
#2312 = AXIS2_PLACEMENT_3D('',#2313,#2314,#2315);
#2313 = CARTESIAN_POINT('',(101.66,15.965997,0.));
#2314 = DIRECTION('',(-0.,0.,-1.));
#2315 = DIRECTION('',(-0.,-1.,0.));
#2316 = FACE_BOUND('',#2317,.F.);
#2317 = EDGE_LOOP('',(#2318));
#2318 = ORIENTED_EDGE('',*,*,#2319,.T.);
#2319 = EDGE_CURVE('',#2320,#2320,#2322,.T.);
#2320 = VERTEX_POINT('',#2321);
#2321 = CARTESIAN_POINT('',(105.337,17.343997,0.));
#2322 = CIRCLE('',#2323,0.4);
#2323 = AXIS2_PLACEMENT_3D('',#2324,#2325,#2326);
#2324 = CARTESIAN_POINT('',(105.337,17.743997,0.));
#2325 = DIRECTION('',(-0.,0.,-1.));
#2326 = DIRECTION('',(3.5527136788E-14,-1.,-0.));
#2327 = FACE_BOUND('',#2328,.F.);
#2328 = EDGE_LOOP('',(#2329));
#2329 = ORIENTED_EDGE('',*,*,#2330,.T.);
#2330 = EDGE_CURVE('',#2331,#2331,#2333,.T.);
#2331 = VERTEX_POINT('',#2332);
#2332 = CARTESIAN_POINT('',(101.66,18.005997,0.));
#2333 = CIRCLE('',#2334,0.5);
#2334 = AXIS2_PLACEMENT_3D('',#2335,#2336,#2337);
#2335 = CARTESIAN_POINT('',(101.66,18.505997,0.));
#2336 = DIRECTION('',(-0.,0.,-1.));
#2337 = DIRECTION('',(-0.,-1.,0.));
#2338 = FACE_BOUND('',#2339,.F.);
#2339 = EDGE_LOOP('',(#2340));
#2340 = ORIENTED_EDGE('',*,*,#2341,.T.);
#2341 = EDGE_CURVE('',#2342,#2342,#2344,.T.);
#2342 = VERTEX_POINT('',#2343);
#2343 = CARTESIAN_POINT('',(107.877,17.343997,0.));
#2344 = CIRCLE('',#2345,0.4);
#2345 = AXIS2_PLACEMENT_3D('',#2346,#2347,#2348);
#2346 = CARTESIAN_POINT('',(107.877,17.743997,0.));
#2347 = DIRECTION('',(-0.,0.,-1.));
#2348 = DIRECTION('',(-3.552713678801E-14,-1.,0.));
#2349 = FACE_BOUND('',#2350,.F.);
#2350 = EDGE_LOOP('',(#2351));
#2351 = ORIENTED_EDGE('',*,*,#2352,.T.);
#2352 = EDGE_CURVE('',#2353,#2353,#2355,.T.);
#2353 = VERTEX_POINT('',#2354);
#2354 = CARTESIAN_POINT('',(110.935,17.343997,0.));
#2355 = CIRCLE('',#2356,0.4);
#2356 = AXIS2_PLACEMENT_3D('',#2357,#2358,#2359);
#2357 = CARTESIAN_POINT('',(110.935,17.743997,0.));
#2358 = DIRECTION('',(-0.,0.,-1.));
#2359 = DIRECTION('',(-0.,-1.,0.));
#2360 = FACE_BOUND('',#2361,.F.);
#2361 = EDGE_LOOP('',(#2362));
#2362 = ORIENTED_EDGE('',*,*,#2363,.T.);
#2363 = EDGE_CURVE('',#2364,#2364,#2366,.T.);
#2364 = VERTEX_POINT('',#2365);
#2365 = CARTESIAN_POINT('',(113.475,17.343997,0.));
#2366 = CIRCLE('',#2367,0.4);
#2367 = AXIS2_PLACEMENT_3D('',#2368,#2369,#2370);
#2368 = CARTESIAN_POINT('',(113.475,17.743997,0.));
#2369 = DIRECTION('',(-0.,0.,-1.));
#2370 = DIRECTION('',(-0.,-1.,0.));
#2371 = FACE_BOUND('',#2372,.F.);
#2372 = EDGE_LOOP('',(#2373));
#2373 = ORIENTED_EDGE('',*,*,#2374,.T.);
#2374 = EDGE_CURVE('',#2375,#2375,#2377,.T.);
#2375 = VERTEX_POINT('',#2376);
#2376 = CARTESIAN_POINT('',(105.337,24.963997,0.));
#2377 = CIRCLE('',#2378,0.4);
#2378 = AXIS2_PLACEMENT_3D('',#2379,#2380,#2381);
#2379 = CARTESIAN_POINT('',(105.337,25.363997,0.));
#2380 = DIRECTION('',(-0.,0.,-1.));
#2381 = DIRECTION('',(3.5527136788E-14,-1.,-0.));
#2382 = FACE_BOUND('',#2383,.F.);
#2383 = EDGE_LOOP('',(#2384));
#2384 = ORIENTED_EDGE('',*,*,#2385,.T.);
#2385 = EDGE_CURVE('',#2386,#2386,#2388,.T.);
#2386 = VERTEX_POINT('',#2387);
#2387 = CARTESIAN_POINT('',(107.877,24.963997,0.));
#2388 = CIRCLE('',#2389,0.4);
#2389 = AXIS2_PLACEMENT_3D('',#2390,#2391,#2392);
#2390 = CARTESIAN_POINT('',(107.877,25.363997,0.));
#2391 = DIRECTION('',(-0.,0.,-1.));
#2392 = DIRECTION('',(-3.552713678801E-14,-1.,0.));
#2393 = FACE_BOUND('',#2394,.F.);
#2394 = EDGE_LOOP('',(#2395));
#2395 = ORIENTED_EDGE('',*,*,#2396,.T.);
#2396 = EDGE_CURVE('',#2397,#2397,#2399,.T.);
#2397 = VERTEX_POINT('',#2398);
#2398 = CARTESIAN_POINT('',(110.935,24.963997,0.));
#2399 = CIRCLE('',#2400,0.4);
#2400 = AXIS2_PLACEMENT_3D('',#2401,#2402,#2403);
#2401 = CARTESIAN_POINT('',(110.935,25.363997,0.));
#2402 = DIRECTION('',(-0.,0.,-1.));
#2403 = DIRECTION('',(-0.,-1.,0.));
#2404 = FACE_BOUND('',#2405,.F.);
#2405 = EDGE_LOOP('',(#2406));
#2406 = ORIENTED_EDGE('',*,*,#2407,.T.);
#2407 = EDGE_CURVE('',#2408,#2408,#2410,.T.);
#2408 = VERTEX_POINT('',#2409);
#2409 = CARTESIAN_POINT('',(113.475,24.963997,0.));
#2410 = CIRCLE('',#2411,0.4);
#2411 = AXIS2_PLACEMENT_3D('',#2412,#2413,#2414);
#2412 = CARTESIAN_POINT('',(113.475,25.363997,0.));
#2413 = DIRECTION('',(-0.,0.,-1.));
#2414 = DIRECTION('',(-0.,-1.,0.));
#2415 = FACE_BOUND('',#2416,.F.);
#2416 = EDGE_LOOP('',(#2417));
#2417 = ORIENTED_EDGE('',*,*,#2418,.T.);
#2418 = EDGE_CURVE('',#2419,#2419,#2421,.T.);
#2419 = VERTEX_POINT('',#2420);
#2420 = CARTESIAN_POINT('',(93.786,31.875997,0.));
#2421 = CIRCLE('',#2422,0.6);
#2422 = AXIS2_PLACEMENT_3D('',#2423,#2424,#2425);
#2423 = CARTESIAN_POINT('',(93.786,32.475997,0.));
#2424 = DIRECTION('',(-0.,0.,-1.));
#2425 = DIRECTION('',(-0.,-1.,0.));
#2426 = FACE_BOUND('',#2427,.F.);
#2427 = EDGE_LOOP('',(#2428));
#2428 = ORIENTED_EDGE('',*,*,#2429,.T.);
#2429 = EDGE_CURVE('',#2430,#2430,#2432,.T.);
#2430 = VERTEX_POINT('',#2431);
#2431 = CARTESIAN_POINT('',(113.47,28.011997,0.));
#2432 = CIRCLE('',#2433,0.4);
#2433 = AXIS2_PLACEMENT_3D('',#2434,#2435,#2436);
#2434 = CARTESIAN_POINT('',(113.47,28.411997,0.));
#2435 = DIRECTION('',(-0.,0.,-1.));
#2436 = DIRECTION('',(-0.,-1.,0.));
#2437 = FACE_BOUND('',#2438,.F.);
#2438 = EDGE_LOOP('',(#2439));
#2439 = ORIENTED_EDGE('',*,*,#2440,.T.);
#2440 = EDGE_CURVE('',#2441,#2441,#2443,.T.);
#2441 = VERTEX_POINT('',#2442);
#2442 = CARTESIAN_POINT('',(107.628,32.473997,0.));
#2443 = CIRCLE('',#2444,0.51);
#2444 = AXIS2_PLACEMENT_3D('',#2445,#2446,#2447);
#2445 = CARTESIAN_POINT('',(107.628,32.983997,0.));
#2446 = DIRECTION('',(-0.,0.,-1.));
#2447 = DIRECTION('',(-0.,-1.,0.));
#2448 = FACE_BOUND('',#2449,.F.);
#2449 = EDGE_LOOP('',(#2450));
#2450 = ORIENTED_EDGE('',*,*,#2451,.T.);
#2451 = EDGE_CURVE('',#2452,#2452,#2454,.T.);
#2452 = VERTEX_POINT('',#2453);
#2453 = CARTESIAN_POINT('',(107.628,35.013997,0.));
#2454 = CIRCLE('',#2455,0.51);
#2455 = AXIS2_PLACEMENT_3D('',#2456,#2457,#2458);
#2456 = CARTESIAN_POINT('',(107.628,35.523997,0.));
#2457 = DIRECTION('',(-0.,0.,-1.));
#2458 = DIRECTION('',(-0.,-1.,0.));
#2459 = FACE_BOUND('',#2460,.F.);
#2460 = EDGE_LOOP('',(#2461));
#2461 = ORIENTED_EDGE('',*,*,#2462,.T.);
#2462 = EDGE_CURVE('',#2463,#2463,#2465,.T.);
#2463 = VERTEX_POINT('',#2464);
#2464 = CARTESIAN_POINT('',(109.788,34.973997,0.));
#2465 = CIRCLE('',#2466,0.55);
#2466 = AXIS2_PLACEMENT_3D('',#2467,#2468,#2469);
#2467 = CARTESIAN_POINT('',(109.788,35.523997,0.));
#2468 = DIRECTION('',(-0.,0.,-1.));
#2469 = DIRECTION('',(-0.,-1.,0.));
#2470 = FACE_BOUND('',#2471,.F.);
#2471 = EDGE_LOOP('',(#2472));
#2472 = ORIENTED_EDGE('',*,*,#2473,.T.);
#2473 = EDGE_CURVE('',#2474,#2474,#2476,.T.);
#2474 = VERTEX_POINT('',#2475);
#2475 = CARTESIAN_POINT('',(107.628,37.553997,0.));
#2476 = CIRCLE('',#2477,0.51);
#2477 = AXIS2_PLACEMENT_3D('',#2478,#2479,#2480);
#2478 = CARTESIAN_POINT('',(107.628,38.063997,0.));
#2479 = DIRECTION('',(-0.,0.,-1.));
#2480 = DIRECTION('',(-0.,-1.,0.));
#2481 = FACE_BOUND('',#2482,.F.);
#2482 = EDGE_LOOP('',(#2483));
#2483 = ORIENTED_EDGE('',*,*,#2484,.T.);
#2484 = EDGE_CURVE('',#2485,#2485,#2487,.T.);
#2485 = VERTEX_POINT('',#2486);
#2486 = CARTESIAN_POINT('',(113.47,38.171997,0.));
#2487 = CIRCLE('',#2488,0.4);
#2488 = AXIS2_PLACEMENT_3D('',#2489,#2490,#2491);
#2489 = CARTESIAN_POINT('',(113.47,38.571997,0.));
#2490 = DIRECTION('',(-0.,0.,-1.));
#2491 = DIRECTION('',(-0.,-1.,0.));
#2492 = FACE_BOUND('',#2493,.F.);
#2493 = EDGE_LOOP('',(#2494));
#2494 = ORIENTED_EDGE('',*,*,#2495,.T.);
#2495 = EDGE_CURVE('',#2496,#2496,#2498,.T.);
#2496 = VERTEX_POINT('',#2497);
#2497 = CARTESIAN_POINT('',(120.579,17.089997,0.));
#2498 = CIRCLE('',#2499,0.4);
#2499 = AXIS2_PLACEMENT_3D('',#2500,#2501,#2502);
#2500 = CARTESIAN_POINT('',(120.579,17.489997,0.));
#2501 = DIRECTION('',(-0.,0.,-1.));
#2502 = DIRECTION('',(-3.552713678801E-14,-1.,0.));
#2503 = FACE_BOUND('',#2504,.F.);
#2504 = EDGE_LOOP('',(#2505));
#2505 = ORIENTED_EDGE('',*,*,#2506,.T.);
#2506 = EDGE_CURVE('',#2507,#2507,#2509,.T.);
#2507 = VERTEX_POINT('',#2508);
#2508 = CARTESIAN_POINT('',(123.119,17.089997,0.));
#2509 = CIRCLE('',#2510,0.4);
#2510 = AXIS2_PLACEMENT_3D('',#2511,#2512,#2513);
#2511 = CARTESIAN_POINT('',(123.119,17.489997,0.));
#2512 = DIRECTION('',(-0.,0.,-1.));
#2513 = DIRECTION('',(-0.,-1.,0.));
#2514 = FACE_BOUND('',#2515,.F.);
#2515 = EDGE_LOOP('',(#2516));
#2516 = ORIENTED_EDGE('',*,*,#2517,.T.);
#2517 = EDGE_CURVE('',#2518,#2518,#2520,.T.);
#2518 = VERTEX_POINT('',#2519);
#2519 = CARTESIAN_POINT('',(116.9,19.445997,0.));
#2520 = CIRCLE('',#2521,1.6);
#2521 = AXIS2_PLACEMENT_3D('',#2522,#2523,#2524);
#2522 = CARTESIAN_POINT('',(116.9,21.045997,0.));
#2523 = DIRECTION('',(-0.,0.,-1.));
#2524 = DIRECTION('',(-0.,-1.,0.));
#2525 = FACE_BOUND('',#2526,.F.);
#2526 = EDGE_LOOP('',(#2527));
#2527 = ORIENTED_EDGE('',*,*,#2528,.T.);
#2528 = EDGE_CURVE('',#2529,#2529,#2531,.T.);
#2529 = VERTEX_POINT('',#2530);
#2530 = CARTESIAN_POINT('',(126.177,17.089997,0.));
#2531 = CIRCLE('',#2532,0.4);
#2532 = AXIS2_PLACEMENT_3D('',#2533,#2534,#2535);
#2533 = CARTESIAN_POINT('',(126.177,17.489997,0.));
#2534 = DIRECTION('',(-0.,0.,-1.));
#2535 = DIRECTION('',(3.5527136788E-14,-1.,-0.));
#2536 = FACE_BOUND('',#2537,.F.);
#2537 = EDGE_LOOP('',(#2538));
#2538 = ORIENTED_EDGE('',*,*,#2539,.T.);
#2539 = EDGE_CURVE('',#2540,#2540,#2542,.T.);
#2540 = VERTEX_POINT('',#2541);
#2541 = CARTESIAN_POINT('',(128.717,17.089997,0.));
#2542 = CIRCLE('',#2543,0.4);
#2543 = AXIS2_PLACEMENT_3D('',#2544,#2545,#2546);
#2544 = CARTESIAN_POINT('',(128.717,17.489997,0.));
#2545 = DIRECTION('',(-0.,0.,-1.));
#2546 = DIRECTION('',(7.105427357601E-14,-1.,-0.));
#2547 = FACE_BOUND('',#2548,.F.);
#2548 = EDGE_LOOP('',(#2549));
#2549 = ORIENTED_EDGE('',*,*,#2550,.T.);
#2550 = EDGE_CURVE('',#2551,#2551,#2553,.T.);
#2551 = VERTEX_POINT('',#2552);
#2552 = CARTESIAN_POINT('',(120.579,24.709997,0.));
#2553 = CIRCLE('',#2554,0.4);
#2554 = AXIS2_PLACEMENT_3D('',#2555,#2556,#2557);
#2555 = CARTESIAN_POINT('',(120.579,25.109997,0.));
#2556 = DIRECTION('',(-0.,0.,-1.));
#2557 = DIRECTION('',(-3.552713678801E-14,-1.,0.));
#2558 = FACE_BOUND('',#2559,.F.);
#2559 = EDGE_LOOP('',(#2560));
#2560 = ORIENTED_EDGE('',*,*,#2561,.T.);
#2561 = EDGE_CURVE('',#2562,#2562,#2564,.T.);
#2562 = VERTEX_POINT('',#2563);
#2563 = CARTESIAN_POINT('',(123.119,24.709997,0.));
#2564 = CIRCLE('',#2565,0.4);
#2565 = AXIS2_PLACEMENT_3D('',#2566,#2567,#2568);
#2566 = CARTESIAN_POINT('',(123.119,25.109997,0.));
#2567 = DIRECTION('',(-0.,0.,-1.));
#2568 = DIRECTION('',(-0.,-1.,0.));
#2569 = FACE_BOUND('',#2570,.F.);
#2570 = EDGE_LOOP('',(#2571));
#2571 = ORIENTED_EDGE('',*,*,#2572,.T.);
#2572 = EDGE_CURVE('',#2573,#2573,#2575,.T.);
#2573 = VERTEX_POINT('',#2574);
#2574 = CARTESIAN_POINT('',(126.177,24.709997,0.));
#2575 = CIRCLE('',#2576,0.4);
#2576 = AXIS2_PLACEMENT_3D('',#2577,#2578,#2579);
#2577 = CARTESIAN_POINT('',(126.177,25.109997,0.));
#2578 = DIRECTION('',(-0.,0.,-1.));
#2579 = DIRECTION('',(3.5527136788E-14,-1.,-0.));
#2580 = FACE_BOUND('',#2581,.F.);
#2581 = EDGE_LOOP('',(#2582));
#2582 = ORIENTED_EDGE('',*,*,#2583,.T.);
#2583 = EDGE_CURVE('',#2584,#2584,#2586,.T.);
#2584 = VERTEX_POINT('',#2585);
#2585 = CARTESIAN_POINT('',(128.717,24.709997,0.));
#2586 = CIRCLE('',#2587,0.4);
#2587 = AXIS2_PLACEMENT_3D('',#2588,#2589,#2590);
#2588 = CARTESIAN_POINT('',(128.717,25.109997,0.));
#2589 = DIRECTION('',(-0.,0.,-1.));
#2590 = DIRECTION('',(7.105427357601E-14,-1.,-0.));
#2591 = FACE_BOUND('',#2592,.F.);
#2592 = EDGE_LOOP('',(#2593));
#2593 = ORIENTED_EDGE('',*,*,#2594,.T.);
#2594 = EDGE_CURVE('',#2595,#2595,#2597,.T.);
#2595 = VERTEX_POINT('',#2596);
#2596 = CARTESIAN_POINT('',(137.474,16.327997,0.));
#2597 = CIRCLE('',#2598,0.4);
#2598 = AXIS2_PLACEMENT_3D('',#2599,#2600,#2601);
#2599 = CARTESIAN_POINT('',(137.474,16.727997,0.));
#2600 = DIRECTION('',(-0.,0.,-1.));
#2601 = DIRECTION('',(-0.,-1.,0.));
#2602 = FACE_BOUND('',#2603,.F.);
#2603 = EDGE_LOOP('',(#2604));
#2604 = ORIENTED_EDGE('',*,*,#2605,.T.);
#2605 = EDGE_CURVE('',#2606,#2606,#2608,.T.);
#2606 = VERTEX_POINT('',#2607);
#2607 = CARTESIAN_POINT('',(145.094,16.327997,0.));
#2608 = CIRCLE('',#2609,0.4);
#2609 = AXIS2_PLACEMENT_3D('',#2610,#2611,#2612);
#2610 = CARTESIAN_POINT('',(145.094,16.727997,0.));
#2611 = DIRECTION('',(-0.,0.,-1.));
#2612 = DIRECTION('',(-0.,-1.,0.));
#2613 = FACE_BOUND('',#2614,.F.);
#2614 = EDGE_LOOP('',(#2615));
#2615 = ORIENTED_EDGE('',*,*,#2616,.T.);
#2616 = EDGE_CURVE('',#2617,#2617,#2619,.T.);
#2617 = VERTEX_POINT('',#2618);
#2618 = CARTESIAN_POINT('',(149.92,15.465997,0.));
#2619 = CIRCLE('',#2620,0.5);
#2620 = AXIS2_PLACEMENT_3D('',#2621,#2622,#2623);
#2621 = CARTESIAN_POINT('',(149.92,15.965997,0.));
#2622 = DIRECTION('',(-0.,0.,-1.));
#2623 = DIRECTION('',(-0.,-1.,0.));
#2624 = FACE_BOUND('',#2625,.F.);
#2625 = EDGE_LOOP('',(#2626));
#2626 = ORIENTED_EDGE('',*,*,#2627,.T.);
#2627 = EDGE_CURVE('',#2628,#2628,#2630,.T.);
#2628 = VERTEX_POINT('',#2629);
#2629 = CARTESIAN_POINT('',(144.84,19.445997,0.));
#2630 = CIRCLE('',#2631,1.6);
#2631 = AXIS2_PLACEMENT_3D('',#2632,#2633,#2634);
#2632 = CARTESIAN_POINT('',(144.84,21.045997,0.));
#2633 = DIRECTION('',(-0.,0.,-1.));
#2634 = DIRECTION('',(-0.,-1.,0.));
#2635 = FACE_BOUND('',#2636,.F.);
#2636 = EDGE_LOOP('',(#2637));
#2637 = ORIENTED_EDGE('',*,*,#2638,.T.);
#2638 = EDGE_CURVE('',#2639,#2639,#2641,.T.);
#2639 = VERTEX_POINT('',#2640);
#2640 = CARTESIAN_POINT('',(149.92,18.005997,0.));
#2641 = CIRCLE('',#2642,0.5);
#2642 = AXIS2_PLACEMENT_3D('',#2643,#2644,#2645);
#2643 = CARTESIAN_POINT('',(149.92,18.505997,0.));
#2644 = DIRECTION('',(-0.,0.,-1.));
#2645 = DIRECTION('',(-0.,-1.,0.));
#2646 = FACE_BOUND('',#2647,.F.);
#2647 = EDGE_LOOP('',(#2648));
#2648 = ORIENTED_EDGE('',*,*,#2649,.T.);
#2649 = EDGE_CURVE('',#2650,#2650,#2652,.T.);
#2650 = VERTEX_POINT('',#2651);
#2651 = CARTESIAN_POINT('',(136.512,25.925997,0.));
#2652 = CIRCLE('',#2653,0.5);
#2653 = AXIS2_PLACEMENT_3D('',#2654,#2655,#2656);
#2654 = CARTESIAN_POINT('',(136.512,26.425997,0.));
#2655 = DIRECTION('',(-0.,0.,-1.));
#2656 = DIRECTION('',(-0.,-1.,0.));
#2657 = FACE_BOUND('',#2658,.F.);
#2658 = EDGE_LOOP('',(#2659));
#2659 = ORIENTED_EDGE('',*,*,#2660,.T.);
#2660 = EDGE_CURVE('',#2661,#2661,#2663,.T.);
#2661 = VERTEX_POINT('',#2662);
#2662 = CARTESIAN_POINT('',(148.712,25.775997,0.));
#2663 = CIRCLE('',#2664,0.65);
#2664 = AXIS2_PLACEMENT_3D('',#2665,#2666,#2667);
#2665 = CARTESIAN_POINT('',(148.712,26.425997,0.));
#2666 = DIRECTION('',(-0.,0.,-1.));
#2667 = DIRECTION('',(-0.,-1.,0.));
#2668 = FACE_BOUND('',#2669,.F.);
#2669 = EDGE_LOOP('',(#2670));
#2670 = ORIENTED_EDGE('',*,*,#2671,.T.);
#2671 = EDGE_CURVE('',#2672,#2672,#2674,.T.);
#2672 = VERTEX_POINT('',#2673);
#2673 = CARTESIAN_POINT('',(123.25,32.473997,0.));
#2674 = CIRCLE('',#2675,0.51);
#2675 = AXIS2_PLACEMENT_3D('',#2676,#2677,#2678);
#2676 = CARTESIAN_POINT('',(123.25,32.983997,0.));
#2677 = DIRECTION('',(-0.,0.,-1.));
#2678 = DIRECTION('',(-0.,-1.,0.));
#2679 = FACE_BOUND('',#2680,.F.);
#2680 = EDGE_LOOP('',(#2681));
#2681 = ORIENTED_EDGE('',*,*,#2682,.T.);
#2682 = EDGE_CURVE('',#2683,#2683,#2685,.T.);
#2683 = VERTEX_POINT('',#2684);
#2684 = CARTESIAN_POINT('',(128.712,27.757997,0.));
#2685 = CIRCLE('',#2686,0.4);
#2686 = AXIS2_PLACEMENT_3D('',#2687,#2688,#2689);
#2687 = CARTESIAN_POINT('',(128.712,28.157997,0.));
#2688 = DIRECTION('',(-0.,0.,-1.));
#2689 = DIRECTION('',(-0.,-1.,0.));
#2690 = FACE_BOUND('',#2691,.F.);
#2691 = EDGE_LOOP('',(#2692));
#2692 = ORIENTED_EDGE('',*,*,#2693,.T.);
#2693 = EDGE_CURVE('',#2694,#2694,#2696,.T.);
#2694 = VERTEX_POINT('',#2695);
#2695 = CARTESIAN_POINT('',(123.25,35.013997,0.));
#2696 = CIRCLE('',#2697,0.51);
#2697 = AXIS2_PLACEMENT_3D('',#2698,#2699,#2700);
#2698 = CARTESIAN_POINT('',(123.25,35.523997,0.));
#2699 = DIRECTION('',(-0.,0.,-1.));
#2700 = DIRECTION('',(-0.,-1.,0.));
#2701 = FACE_BOUND('',#2702,.F.);
#2702 = EDGE_LOOP('',(#2703));
#2703 = ORIENTED_EDGE('',*,*,#2704,.T.);
#2704 = EDGE_CURVE('',#2705,#2705,#2707,.T.);
#2705 = VERTEX_POINT('',#2706);
#2706 = CARTESIAN_POINT('',(123.25,37.553997,0.));
#2707 = CIRCLE('',#2708,0.51);
#2708 = AXIS2_PLACEMENT_3D('',#2709,#2710,#2711);
#2709 = CARTESIAN_POINT('',(123.25,38.063997,0.));
#2710 = DIRECTION('',(-0.,0.,-1.));
#2711 = DIRECTION('',(-0.,-1.,0.));
#2712 = FACE_BOUND('',#2713,.F.);
#2713 = EDGE_LOOP('',(#2714));
#2714 = ORIENTED_EDGE('',*,*,#2715,.T.);
#2715 = EDGE_CURVE('',#2716,#2716,#2718,.T.);
#2716 = VERTEX_POINT('',#2717);
#2717 = CARTESIAN_POINT('',(125.41,34.973997,0.));
#2718 = CIRCLE('',#2719,0.55);
#2719 = AXIS2_PLACEMENT_3D('',#2720,#2721,#2722);
#2720 = CARTESIAN_POINT('',(125.41,35.523997,0.));
#2721 = DIRECTION('',(-0.,0.,-1.));
#2722 = DIRECTION('',(-0.,-1.,0.));
#2723 = FACE_BOUND('',#2724,.F.);
#2724 = EDGE_LOOP('',(#2725));
#2725 = ORIENTED_EDGE('',*,*,#2726,.T.);
#2726 = EDGE_CURVE('',#2727,#2727,#2729,.T.);
#2727 = VERTEX_POINT('',#2728);
#2728 = CARTESIAN_POINT('',(128.712,37.917997,0.));
#2729 = CIRCLE('',#2730,0.4);
#2730 = AXIS2_PLACEMENT_3D('',#2731,#2732,#2733);
#2731 = CARTESIAN_POINT('',(128.712,38.317997,0.));
#2732 = DIRECTION('',(-0.,0.,-1.));
#2733 = DIRECTION('',(-0.,-1.,0.));
#2734 = FACE_BOUND('',#2735,.F.);
#2735 = EDGE_LOOP('',(#2736));
#2736 = ORIENTED_EDGE('',*,*,#2737,.T.);
#2737 = EDGE_CURVE('',#2738,#2738,#2740,.T.);
#2738 = VERTEX_POINT('',#2739);
#2739 = CARTESIAN_POINT('',(134.562,31.825997,0.));
#2740 = CIRCLE('',#2741,0.65);
#2741 = AXIS2_PLACEMENT_3D('',#2742,#2743,#2744);
#2742 = CARTESIAN_POINT('',(134.562,32.475997,0.));
#2743 = DIRECTION('',(-0.,0.,-1.));
#2744 = DIRECTION('',(-0.,-1.,0.));
#2745 = FACE_BOUND('',#2746,.F.);
#2746 = EDGE_LOOP('',(#2747));
#2747 = ORIENTED_EDGE('',*,*,#2748,.T.);
#2748 = EDGE_CURVE('',#2749,#2749,#2751,.T.);
#2749 = VERTEX_POINT('',#2750);
#2750 = CARTESIAN_POINT('',(136.512,37.925997,0.));
#2751 = CIRCLE('',#2752,0.5);
#2752 = AXIS2_PLACEMENT_3D('',#2753,#2754,#2755);
#2753 = CARTESIAN_POINT('',(136.512,38.425997,0.));
#2754 = DIRECTION('',(-0.,0.,-1.));
#2755 = DIRECTION('',(-0.,-1.,0.));
#2756 = FACE_BOUND('',#2757,.F.);
#2757 = EDGE_LOOP('',(#2758));
#2758 = ORIENTED_EDGE('',*,*,#2759,.T.);
#2759 = EDGE_CURVE('',#2760,#2760,#2762,.T.);
#2760 = VERTEX_POINT('',#2761);
#2761 = CARTESIAN_POINT('',(148.762,37.825997,0.));
#2762 = CIRCLE('',#2763,0.65);
#2763 = AXIS2_PLACEMENT_3D('',#2764,#2765,#2766);
#2764 = CARTESIAN_POINT('',(148.762,38.475997,0.));
#2765 = DIRECTION('',(-0.,0.,-1.));
#2766 = DIRECTION('',(-0.,-1.,0.));
#2767 = FACE_BOUND('',#2768,.F.);
#2768 = EDGE_LOOP('',(#2769));
#2769 = ORIENTED_EDGE('',*,*,#2770,.T.);
#2770 = EDGE_CURVE('',#2771,#2771,#2773,.T.);
#2771 = VERTEX_POINT('',#2772);
#2772 = CARTESIAN_POINT('',(90.484,43.459997,0.));
#2773 = CIRCLE('',#2774,0.7);
#2774 = AXIS2_PLACEMENT_3D('',#2775,#2776,#2777);
#2775 = CARTESIAN_POINT('',(90.484,44.159997,0.));
#2776 = DIRECTION('',(-0.,0.,-1.));
#2777 = DIRECTION('',(-2.030122102172E-14,-1.,0.));
#2778 = FACE_BOUND('',#2779,.F.);
#2779 = EDGE_LOOP('',(#2780));
#2780 = ORIENTED_EDGE('',*,*,#2781,.T.);
#2781 = EDGE_CURVE('',#2782,#2782,#2784,.T.);
#2782 = VERTEX_POINT('',#2783);
#2783 = CARTESIAN_POINT('',(107.628,40.093997,0.));
#2784 = CIRCLE('',#2785,0.51);
#2785 = AXIS2_PLACEMENT_3D('',#2786,#2787,#2788);
#2786 = CARTESIAN_POINT('',(107.628,40.603997,0.));
#2787 = DIRECTION('',(-0.,0.,-1.));
#2788 = DIRECTION('',(-0.,-1.,0.));
#2789 = FACE_BOUND('',#2790,.F.);
#2790 = EDGE_LOOP('',(#2791));
#2791 = ORIENTED_EDGE('',*,*,#2792,.T.);
#2792 = EDGE_CURVE('',#2793,#2793,#2795,.T.);
#2793 = VERTEX_POINT('',#2794);
#2794 = CARTESIAN_POINT('',(82.351333,53.833997,0.));
#2795 = CIRCLE('',#2796,1.);
#2796 = AXIS2_PLACEMENT_3D('',#2797,#2798,#2799);
#2797 = CARTESIAN_POINT('',(82.351333,54.833997,0.));
#2798 = DIRECTION('',(-0.,0.,-1.));
#2799 = DIRECTION('',(-0.,-1.,0.));
#2800 = FACE_BOUND('',#2801,.F.);
#2801 = EDGE_LOOP('',(#2802));
#2802 = ORIENTED_EDGE('',*,*,#2803,.T.);
#2803 = EDGE_CURVE('',#2804,#2804,#2806,.T.);
#2804 = VERTEX_POINT('',#2805);
#2805 = CARTESIAN_POINT('',(87.351333,53.833997,0.));
#2806 = CIRCLE('',#2807,1.);
#2807 = AXIS2_PLACEMENT_3D('',#2808,#2809,#2810);
#2808 = CARTESIAN_POINT('',(87.351333,54.833997,0.));
#2809 = DIRECTION('',(-0.,0.,-1.));
#2810 = DIRECTION('',(-0.,-1.,0.));
#2811 = FACE_BOUND('',#2812,.F.);
#2812 = EDGE_LOOP('',(#2813));
#2813 = ORIENTED_EDGE('',*,*,#2814,.T.);
#2814 = EDGE_CURVE('',#2815,#2815,#2817,.T.);
#2815 = VERTEX_POINT('',#2816);
#2816 = CARTESIAN_POINT('',(92.351333,53.833997,0.));
#2817 = CIRCLE('',#2818,1.);
#2818 = AXIS2_PLACEMENT_3D('',#2819,#2820,#2821);
#2819 = CARTESIAN_POINT('',(92.351333,54.833997,0.));
#2820 = DIRECTION('',(-0.,0.,-1.));
#2821 = DIRECTION('',(-0.,-1.,0.));
#2822 = FACE_BOUND('',#2823,.F.);
#2823 = EDGE_LOOP('',(#2824));
#2824 = ORIENTED_EDGE('',*,*,#2825,.T.);
#2825 = EDGE_CURVE('',#2826,#2826,#2828,.T.);
#2826 = VERTEX_POINT('',#2827);
#2827 = CARTESIAN_POINT('',(82.351333,60.933997,0.));
#2828 = CIRCLE('',#2829,1.);
#2829 = AXIS2_PLACEMENT_3D('',#2830,#2831,#2832);
#2830 = CARTESIAN_POINT('',(82.351333,61.933997,0.));
#2831 = DIRECTION('',(-0.,0.,-1.));
#2832 = DIRECTION('',(-0.,-1.,0.));
#2833 = FACE_BOUND('',#2834,.F.);
#2834 = EDGE_LOOP('',(#2835));
#2835 = ORIENTED_EDGE('',*,*,#2836,.T.);
#2836 = EDGE_CURVE('',#2837,#2837,#2839,.T.);
#2837 = VERTEX_POINT('',#2838);
#2838 = CARTESIAN_POINT('',(87.351333,60.933997,0.));
#2839 = CIRCLE('',#2840,1.);
#2840 = AXIS2_PLACEMENT_3D('',#2841,#2842,#2843);
#2841 = CARTESIAN_POINT('',(87.351333,61.933997,0.));
#2842 = DIRECTION('',(-0.,0.,-1.));
#2843 = DIRECTION('',(-0.,-1.,0.));
#2844 = FACE_BOUND('',#2845,.F.);
#2845 = EDGE_LOOP('',(#2846));
#2846 = ORIENTED_EDGE('',*,*,#2847,.T.);
#2847 = EDGE_CURVE('',#2848,#2848,#2850,.T.);
#2848 = VERTEX_POINT('',#2849);
#2849 = CARTESIAN_POINT('',(92.351333,60.933997,0.));
#2850 = CIRCLE('',#2851,1.);
#2851 = AXIS2_PLACEMENT_3D('',#2852,#2853,#2854);
#2852 = CARTESIAN_POINT('',(92.351333,61.933997,0.));
#2853 = DIRECTION('',(-0.,0.,-1.));
#2854 = DIRECTION('',(-0.,-1.,0.));
#2855 = FACE_BOUND('',#2856,.F.);
#2856 = EDGE_LOOP('',(#2857));
#2857 = ORIENTED_EDGE('',*,*,#2858,.T.);
#2858 = EDGE_CURVE('',#2859,#2859,#2861,.T.);
#2859 = VERTEX_POINT('',#2860);
#2860 = CARTESIAN_POINT('',(99.2,53.833997,0.));
#2861 = CIRCLE('',#2862,1.);
#2862 = AXIS2_PLACEMENT_3D('',#2863,#2864,#2865);
#2863 = CARTESIAN_POINT('',(99.2,54.833997,0.));
#2864 = DIRECTION('',(-0.,0.,-1.));
#2865 = DIRECTION('',(-0.,-1.,0.));
#2866 = FACE_BOUND('',#2867,.F.);
#2867 = EDGE_LOOP('',(#2868));
#2868 = ORIENTED_EDGE('',*,*,#2869,.T.);
#2869 = EDGE_CURVE('',#2870,#2870,#2872,.T.);
#2870 = VERTEX_POINT('',#2871);
#2871 = CARTESIAN_POINT('',(104.2,53.833997,0.));
#2872 = CIRCLE('',#2873,1.);
#2873 = AXIS2_PLACEMENT_3D('',#2874,#2875,#2876);
#2874 = CARTESIAN_POINT('',(104.2,54.833997,0.));
#2875 = DIRECTION('',(-0.,0.,-1.));
#2876 = DIRECTION('',(-0.,-1.,0.));
#2877 = FACE_BOUND('',#2878,.F.);
#2878 = EDGE_LOOP('',(#2879));
#2879 = ORIENTED_EDGE('',*,*,#2880,.T.);
#2880 = EDGE_CURVE('',#2881,#2881,#2883,.T.);
#2881 = VERTEX_POINT('',#2882);
#2882 = CARTESIAN_POINT('',(109.2,53.833997,0.));
#2883 = CIRCLE('',#2884,1.);
#2884 = AXIS2_PLACEMENT_3D('',#2885,#2886,#2887);
#2885 = CARTESIAN_POINT('',(109.2,54.833997,0.));
#2886 = DIRECTION('',(-0.,0.,-1.));
#2887 = DIRECTION('',(-0.,-1.,0.));
#2888 = FACE_BOUND('',#2889,.F.);
#2889 = EDGE_LOOP('',(#2890));
#2890 = ORIENTED_EDGE('',*,*,#2891,.T.);
#2891 = EDGE_CURVE('',#2892,#2892,#2894,.T.);
#2892 = VERTEX_POINT('',#2893);
#2893 = CARTESIAN_POINT('',(114.68,55.547997,0.));
#2894 = CIRCLE('',#2895,0.55);
#2895 = AXIS2_PLACEMENT_3D('',#2896,#2897,#2898);
#2896 = CARTESIAN_POINT('',(114.68,56.097997,0.));
#2897 = DIRECTION('',(-0.,0.,-1.));
#2898 = DIRECTION('',(-0.,-1.,0.));
#2899 = FACE_BOUND('',#2900,.F.);
#2900 = EDGE_LOOP('',(#2901));
#2901 = ORIENTED_EDGE('',*,*,#2902,.T.);
#2902 = EDGE_CURVE('',#2903,#2903,#2905,.T.);
#2903 = VERTEX_POINT('',#2904);
#2904 = CARTESIAN_POINT('',(99.2,60.933997,0.));
#2905 = CIRCLE('',#2906,1.);
#2906 = AXIS2_PLACEMENT_3D('',#2907,#2908,#2909);
#2907 = CARTESIAN_POINT('',(99.2,61.933997,0.));
#2908 = DIRECTION('',(-0.,0.,-1.));
#2909 = DIRECTION('',(-0.,-1.,0.));
#2910 = FACE_BOUND('',#2911,.F.);
#2911 = EDGE_LOOP('',(#2912));
#2912 = ORIENTED_EDGE('',*,*,#2913,.T.);
#2913 = EDGE_CURVE('',#2914,#2914,#2916,.T.);
#2914 = VERTEX_POINT('',#2915);
#2915 = CARTESIAN_POINT('',(104.2,60.933997,0.));
#2916 = CIRCLE('',#2917,1.);
#2917 = AXIS2_PLACEMENT_3D('',#2918,#2919,#2920);
#2918 = CARTESIAN_POINT('',(104.2,61.933997,0.));
#2919 = DIRECTION('',(-0.,0.,-1.));
#2920 = DIRECTION('',(-0.,-1.,0.));
#2921 = FACE_BOUND('',#2922,.F.);
#2922 = EDGE_LOOP('',(#2923));
#2923 = ORIENTED_EDGE('',*,*,#2924,.T.);
#2924 = EDGE_CURVE('',#2925,#2925,#2927,.T.);
#2925 = VERTEX_POINT('',#2926);
#2926 = CARTESIAN_POINT('',(109.2,60.933997,0.));
#2927 = CIRCLE('',#2928,1.);
#2928 = AXIS2_PLACEMENT_3D('',#2929,#2930,#2931);
#2929 = CARTESIAN_POINT('',(109.2,61.933997,0.));
#2930 = DIRECTION('',(-0.,0.,-1.));
#2931 = DIRECTION('',(-0.,-1.,0.));
#2932 = FACE_BOUND('',#2933,.F.);
#2933 = EDGE_LOOP('',(#2934));
#2934 = ORIENTED_EDGE('',*,*,#2935,.T.);
#2935 = EDGE_CURVE('',#2936,#2936,#2938,.T.);
#2936 = VERTEX_POINT('',#2937);
#2937 = CARTESIAN_POINT('',(114.68,60.627997,0.));
#2938 = CIRCLE('',#2939,0.55);
#2939 = AXIS2_PLACEMENT_3D('',#2940,#2941,#2942);
#2940 = CARTESIAN_POINT('',(114.68,61.177997,0.));
#2941 = DIRECTION('',(-0.,0.,-1.));
#2942 = DIRECTION('',(-0.,-1.,0.));
#2943 = FACE_BOUND('',#2944,.F.);
#2944 = EDGE_LOOP('',(#2945));
#2945 = ORIENTED_EDGE('',*,*,#2946,.T.);
#2946 = EDGE_CURVE('',#2947,#2947,#2949,.T.);
#2947 = VERTEX_POINT('',#2948);
#2948 = CARTESIAN_POINT('',(123.25,40.093997,0.));
#2949 = CIRCLE('',#2950,0.51);
#2950 = AXIS2_PLACEMENT_3D('',#2951,#2952,#2953);
#2951 = CARTESIAN_POINT('',(123.25,40.603997,0.));
#2952 = DIRECTION('',(-0.,0.,-1.));
#2953 = DIRECTION('',(-0.,-1.,0.));
#2954 = FACE_BOUND('',#2955,.F.);
#2955 = EDGE_LOOP('',(#2956));
#2956 = ORIENTED_EDGE('',*,*,#2957,.T.);
#2957 = EDGE_CURVE('',#2958,#2958,#2960,.T.);
#2958 = VERTEX_POINT('',#2959);
#2959 = CARTESIAN_POINT('',(133.426,46.895997,0.));
#2960 = CIRCLE('',#2961,0.55);
#2961 = AXIS2_PLACEMENT_3D('',#2962,#2963,#2964);
#2962 = CARTESIAN_POINT('',(133.426,47.445997,0.));
#2963 = DIRECTION('',(-0.,0.,-1.));
#2964 = DIRECTION('',(-0.,-1.,0.));
#2965 = FACE_BOUND('',#2966,.F.);
#2966 = EDGE_LOOP('',(#2967));
#2967 = ORIENTED_EDGE('',*,*,#2968,.T.);
#2968 = EDGE_CURVE('',#2969,#2969,#2971,.T.);
#2969 = VERTEX_POINT('',#2970);
#2970 = CARTESIAN_POINT('',(135.966,46.895997,0.));
#2971 = CIRCLE('',#2972,0.55);
#2972 = AXIS2_PLACEMENT_3D('',#2973,#2974,#2975);
#2973 = CARTESIAN_POINT('',(135.966,47.445997,0.));
#2974 = DIRECTION('',(-0.,0.,-1.));
#2975 = DIRECTION('',(-0.,-1.,0.));
#2976 = FACE_BOUND('',#2977,.F.);
#2977 = EDGE_LOOP('',(#2978));
#2978 = ORIENTED_EDGE('',*,*,#2979,.T.);
#2979 = EDGE_CURVE('',#2980,#2980,#2982,.T.);
#2980 = VERTEX_POINT('',#2981);
#2981 = CARTESIAN_POINT('',(138.506,46.895997,0.));
#2982 = CIRCLE('',#2983,0.55);
#2983 = AXIS2_PLACEMENT_3D('',#2984,#2985,#2986);
#2984 = CARTESIAN_POINT('',(138.506,47.445997,0.));
#2985 = DIRECTION('',(-0.,0.,-1.));
#2986 = DIRECTION('',(-0.,-1.,0.));
#2987 = FACE_BOUND('',#2988,.F.);
#2988 = EDGE_LOOP('',(#2989));
#2989 = ORIENTED_EDGE('',*,*,#2990,.T.);
#2990 = EDGE_CURVE('',#2991,#2991,#2993,.T.);
#2991 = VERTEX_POINT('',#2992);
#2992 = CARTESIAN_POINT('',(149.158,45.875997,0.));
#2993 = CIRCLE('',#2994,0.65);
#2994 = AXIS2_PLACEMENT_3D('',#2995,#2996,#2997);
#2995 = CARTESIAN_POINT('',(149.158,46.525997,0.));
#2996 = DIRECTION('',(-0.,0.,-1.));
#2997 = DIRECTION('',(-4.372570681601E-14,-1.,0.));
#2998 = FACE_BOUND('',#2999,.F.);
#2999 = EDGE_LOOP('',(#3000));
#3000 = ORIENTED_EDGE('',*,*,#3001,.T.);
#3001 = EDGE_CURVE('',#3002,#3002,#3004,.T.);
#3002 = VERTEX_POINT('',#3003);
#3003 = CARTESIAN_POINT('',(131.426,53.395997,0.));
#3004 = CIRCLE('',#3005,0.4);
#3005 = AXIS2_PLACEMENT_3D('',#3006,#3007,#3008);
#3006 = CARTESIAN_POINT('',(131.426,53.795997,0.));
#3007 = DIRECTION('',(-0.,0.,-1.));
#3008 = DIRECTION('',(-0.,-1.,0.));
#3009 = FACE_BOUND('',#3010,.F.);
#3010 = EDGE_LOOP('',(#3011));
#3011 = ORIENTED_EDGE('',*,*,#3012,.T.);
#3012 = EDGE_CURVE('',#3013,#3013,#3015,.T.);
#3013 = VERTEX_POINT('',#3014);
#3014 = CARTESIAN_POINT('',(133.426,53.395997,0.));
#3015 = CIRCLE('',#3016,0.4);
#3016 = AXIS2_PLACEMENT_3D('',#3017,#3018,#3019);
#3017 = CARTESIAN_POINT('',(133.426,53.795997,0.));
#3018 = DIRECTION('',(-0.,0.,-1.));
#3019 = DIRECTION('',(-0.,-1.,0.));
#3020 = FACE_BOUND('',#3021,.F.);
#3021 = EDGE_LOOP('',(#3022));
#3022 = ORIENTED_EDGE('',*,*,#3023,.T.);
#3023 = EDGE_CURVE('',#3024,#3024,#3026,.T.);
#3024 = VERTEX_POINT('',#3025);
#3025 = CARTESIAN_POINT('',(138.506,53.395997,0.));
#3026 = CIRCLE('',#3027,0.4);
#3027 = AXIS2_PLACEMENT_3D('',#3028,#3029,#3030);
#3028 = CARTESIAN_POINT('',(138.506,53.795997,0.));
#3029 = DIRECTION('',(-0.,0.,-1.));
#3030 = DIRECTION('',(-0.,-1.,0.));
#3031 = FACE_BOUND('',#3032,.F.);
#3032 = EDGE_LOOP('',(#3033));
#3033 = ORIENTED_EDGE('',*,*,#3034,.T.);
#3034 = EDGE_CURVE('',#3035,#3035,#3037,.T.);
#3035 = VERTEX_POINT('',#3036);
#3036 = CARTESIAN_POINT('',(140.506,53.395997,0.));
#3037 = CIRCLE('',#3038,0.4);
#3038 = AXIS2_PLACEMENT_3D('',#3039,#3040,#3041);
#3039 = CARTESIAN_POINT('',(140.506,53.795997,0.));
#3040 = DIRECTION('',(-0.,0.,-1.));
#3041 = DIRECTION('',(-0.,-1.,0.));
#3042 = FACE_BOUND('',#3043,.F.);
#3043 = EDGE_LOOP('',(#3044));
#3044 = ORIENTED_EDGE('',*,*,#3045,.T.);
#3045 = EDGE_CURVE('',#3046,#3046,#3048,.T.);
#3046 = VERTEX_POINT('',#3047);
#3047 = CARTESIAN_POINT('',(149.158,50.875997,0.));
#3048 = CIRCLE('',#3049,0.65);
#3049 = AXIS2_PLACEMENT_3D('',#3050,#3051,#3052);
#3050 = CARTESIAN_POINT('',(149.158,51.525997,0.));
#3051 = DIRECTION('',(-0.,0.,-1.));
#3052 = DIRECTION('',(-4.372570681601E-14,-1.,0.));
#3053 = FACE_BOUND('',#3054,.F.);
#3054 = EDGE_LOOP('',(#3055));
#3055 = ORIENTED_EDGE('',*,*,#3056,.T.);
#3056 = EDGE_CURVE('',#3057,#3057,#3059,.T.);
#3057 = VERTEX_POINT('',#3058);
#3058 = CARTESIAN_POINT('',(150.5,59.1,0.));
#3059 = CIRCLE('',#3060,1.6);
#3060 = AXIS2_PLACEMENT_3D('',#3061,#3062,#3063);
#3061 = CARTESIAN_POINT('',(150.5,60.7,0.));
#3062 = DIRECTION('',(-0.,0.,-1.));
#3063 = DIRECTION('',(-0.,-1.,0.));
#3064 = PLANE('',#3065);
#3065 = AXIS2_PLACEMENT_3D('',#3066,#3067,#3068);
#3066 = CARTESIAN_POINT('',(0.,0.,0.));
#3067 = DIRECTION('',(0.,0.,1.));
#3068 = DIRECTION('',(1.,0.,-0.));
#3069 = ADVANCED_FACE('',(#3070,#3081,#3092,#3103,#3114,#3125,#3136,
    #3147,#3158,#3169,#3180,#3191,#3202,#3213,#3224,#3235,#3246,#3257,
    #3268,#3279,#3290,#3301,#3312,#3323,#3334,#3345,#3356,#3367,#3378,
    #3389,#3400,#3411,#3422,#3433,#3444,#3455,#3466,#3477,#3488,#3499,
    #3510,#3521,#3532,#3543,#3554,#3565,#3576,#3587,#3598,#3609,#3620,
    #3631,#3642,#3653,#3664,#3675,#3686,#3697,#3708,#3719,#3730,#3741,
    #3752,#3763,#3774,#3785,#3796,#3807,#3818,#3829,#3840,#3851,#3862,
    #3873,#3884,#3895,#3906,#3917,#3928,#3939,#3950,#3961,#3972,#3983,
    #3994,#4005,#4016,#4027,#4038,#4049,#4060,#4071,#4082,#4093,#4104,
    #4115,#4126,#4137,#4148,#4159,#4170,#4181,#4192,#4203,#4214,#4225,
    #4236,#4247,#4258,#4269,#4280,#4291,#4302,#4313,#4324,#4335,#4346,
    #4357,#4368,#4379,#4390,#4401,#4412,#4423,#4434,#4445,#4456,#4467,
    #4478,#4489,#4500,#4511,#4522,#4533,#4544,#4555,#4566,#4577,#4588,
    #4599,#4610,#4621,#4632,#4643,#4654,#4665,#4676,#4687,#4698,#4709,
    #4720,#4731,#4742,#4753,#4764,#4775,#4786,#4797,#4808,#4819,#4830,
    #4841,#4852,#4863,#4874,#4885,#4896,#4907,#4918,#4929,#4940,#4951,
    #4962,#4973,#4984,#4995,#5006,#5017,#5028,#5039,#5050,#5061,#5072,
    #5083,#5094,#5105,#5116,#5127,#5138,#5149,#5160,#5171,#5182,#5193,
    #5204,#5215,#5226,#5237,#5248,#5259,#5270,#5281,#5292,#5303,#5314,
    #5325,#5336,#5347,#5358,#5369,#5380,#5391,#5402,#5413,#5424,#5435,
    #5446,#5457,#5468,#5479,#5490,#5501,#5512,#5523,#5534,#5545,#5556,
    #5567,#5578,#5589,#5600,#5611,#5622,#5633,#5644,#5655,#5666,#5677,
    #5688,#5699,#5710,#5721,#5732,#5743,#5754,#5765,#5776,#5787,#5798,
    #5809,#5820,#5831,#5842,#5853,#5864,#5875,#5886,#5897,#5908,#5919,
    #5930,#5941,#5952,#5963,#5974,#5985),#5996,.T.);
#3070 = FACE_BOUND('',#3071,.T.);
#3071 = EDGE_LOOP('',(#3072,#3073,#3074,#3080));
#3072 = ORIENTED_EDGE('',*,*,#49,.F.);
#3073 = ORIENTED_EDGE('',*,*,#89,.F.);
#3074 = ORIENTED_EDGE('',*,*,#3075,.F.);
#3075 = EDGE_CURVE('',#112,#82,#3076,.T.);
#3076 = LINE('',#3077,#3078);
#3077 = CARTESIAN_POINT('',(5.508,65.749997,1.));
#3078 = VECTOR('',#3079,1.);
#3079 = DIRECTION('',(1.,0.,0.));
#3080 = ORIENTED_EDGE('',*,*,#111,.F.);
#3081 = FACE_BOUND('',#3082,.T.);
#3082 = EDGE_LOOP('',(#3083));
#3083 = ORIENTED_EDGE('',*,*,#3084,.T.);
#3084 = EDGE_CURVE('',#3085,#3085,#3087,.T.);
#3085 = VERTEX_POINT('',#3086);
#3086 = CARTESIAN_POINT('',(10.5,-30.9,1.));
#3087 = CIRCLE('',#3088,1.6);
#3088 = AXIS2_PLACEMENT_3D('',#3089,#3090,#3091);
#3089 = CARTESIAN_POINT('',(10.5,-29.3,1.));
#3090 = DIRECTION('',(-0.,0.,-1.));
#3091 = DIRECTION('',(-0.,-1.,0.));
#3092 = FACE_BOUND('',#3093,.T.);
#3093 = EDGE_LOOP('',(#3094));
#3094 = ORIENTED_EDGE('',*,*,#3095,.T.);
#3095 = EDGE_CURVE('',#3096,#3096,#3098,.T.);
#3096 = VERTEX_POINT('',#3097);
#3097 = CARTESIAN_POINT('',(23.976,-30.662003,1.));
#3098 = CIRCLE('',#3099,0.4);
#3099 = AXIS2_PLACEMENT_3D('',#3100,#3101,#3102);
#3100 = CARTESIAN_POINT('',(23.976,-30.262003,1.));
#3101 = DIRECTION('',(-0.,0.,-1.));
#3102 = DIRECTION('',(-0.,-1.,0.));
#3103 = FACE_BOUND('',#3104,.T.);
#3104 = EDGE_LOOP('',(#3105));
#3105 = ORIENTED_EDGE('',*,*,#3106,.T.);
#3106 = EDGE_CURVE('',#3107,#3107,#3109,.T.);
#3107 = VERTEX_POINT('',#3108);
#3108 = CARTESIAN_POINT('',(24.19,-27.868003,1.));
#3109 = CIRCLE('',#3110,0.4);
#3110 = AXIS2_PLACEMENT_3D('',#3111,#3112,#3113);
#3111 = CARTESIAN_POINT('',(24.19,-27.468003,1.));
#3112 = DIRECTION('',(-0.,0.,-1.));
#3113 = DIRECTION('',(8.881784197001E-15,-1.,-0.));
#3114 = FACE_BOUND('',#3115,.T.);
#3115 = EDGE_LOOP('',(#3116));
#3116 = ORIENTED_EDGE('',*,*,#3117,.T.);
#3117 = EDGE_CURVE('',#3118,#3118,#3120,.T.);
#3118 = VERTEX_POINT('',#3119);
#3119 = CARTESIAN_POINT('',(28.976,-30.662003,1.));
#3120 = CIRCLE('',#3121,0.4);
#3121 = AXIS2_PLACEMENT_3D('',#3122,#3123,#3124);
#3122 = CARTESIAN_POINT('',(28.976,-30.262003,1.));
#3123 = DIRECTION('',(-0.,0.,-1.));
#3124 = DIRECTION('',(-0.,-1.,0.));
#3125 = FACE_BOUND('',#3126,.T.);
#3126 = EDGE_LOOP('',(#3127));
#3127 = ORIENTED_EDGE('',*,*,#3128,.T.);
#3128 = EDGE_CURVE('',#3129,#3129,#3131,.T.);
#3129 = VERTEX_POINT('',#3130);
#3130 = CARTESIAN_POINT('',(28.508,-27.868003,1.));
#3131 = CIRCLE('',#3132,0.4);
#3132 = AXIS2_PLACEMENT_3D('',#3133,#3134,#3135);
#3133 = CARTESIAN_POINT('',(28.508,-27.468003,1.));
#3134 = DIRECTION('',(-0.,0.,-1.));
#3135 = DIRECTION('',(-8.881784197001E-15,-1.,0.));
#3136 = FACE_BOUND('',#3137,.T.);
#3137 = EDGE_LOOP('',(#3138));
#3138 = ORIENTED_EDGE('',*,*,#3139,.T.);
#3139 = EDGE_CURVE('',#3140,#3140,#3142,.T.);
#3140 = VERTEX_POINT('',#3141);
#3141 = CARTESIAN_POINT('',(38.922,-30.916003,1.));
#3142 = CIRCLE('',#3143,0.4);
#3143 = AXIS2_PLACEMENT_3D('',#3144,#3145,#3146);
#3144 = CARTESIAN_POINT('',(38.922,-30.516003,1.));
#3145 = DIRECTION('',(-0.,0.,-1.));
#3146 = DIRECTION('',(-0.,-1.,0.));
#3147 = FACE_BOUND('',#3148,.T.);
#3148 = EDGE_LOOP('',(#3149));
#3149 = ORIENTED_EDGE('',*,*,#3150,.T.);
#3150 = EDGE_CURVE('',#3151,#3151,#3153,.T.);
#3151 = VERTEX_POINT('',#3152);
#3152 = CARTESIAN_POINT('',(41.462,-30.916003,1.));
#3153 = CIRCLE('',#3154,0.4);
#3154 = AXIS2_PLACEMENT_3D('',#3155,#3156,#3157);
#3155 = CARTESIAN_POINT('',(41.462,-30.516003,1.));
#3156 = DIRECTION('',(-0.,0.,-1.));
#3157 = DIRECTION('',(-0.,-1.,0.));
#3158 = FACE_BOUND('',#3159,.T.);
#3159 = EDGE_LOOP('',(#3160));
#3160 = ORIENTED_EDGE('',*,*,#3161,.T.);
#3161 = EDGE_CURVE('',#3162,#3162,#3164,.T.);
#3162 = VERTEX_POINT('',#3163);
#3163 = CARTESIAN_POINT('',(44.002,-30.916003,1.));
#3164 = CIRCLE('',#3165,0.4);
#3165 = AXIS2_PLACEMENT_3D('',#3166,#3167,#3168);
#3166 = CARTESIAN_POINT('',(44.002,-30.516003,1.));
#3167 = DIRECTION('',(-0.,0.,-1.));
#3168 = DIRECTION('',(1.7763568394E-14,-1.,-0.));
#3169 = FACE_BOUND('',#3170,.T.);
#3170 = EDGE_LOOP('',(#3171));
#3171 = ORIENTED_EDGE('',*,*,#3172,.T.);
#3172 = EDGE_CURVE('',#3173,#3173,#3175,.T.);
#3173 = VERTEX_POINT('',#3174);
#3174 = CARTESIAN_POINT('',(38.922,-23.296003,1.));
#3175 = CIRCLE('',#3176,0.4);
#3176 = AXIS2_PLACEMENT_3D('',#3177,#3178,#3179);
#3177 = CARTESIAN_POINT('',(38.922,-22.896003,1.));
#3178 = DIRECTION('',(-0.,0.,-1.));
#3179 = DIRECTION('',(-0.,-1.,0.));
#3180 = FACE_BOUND('',#3181,.T.);
#3181 = EDGE_LOOP('',(#3182));
#3182 = ORIENTED_EDGE('',*,*,#3183,.T.);
#3183 = EDGE_CURVE('',#3184,#3184,#3186,.T.);
#3184 = VERTEX_POINT('',#3185);
#3185 = CARTESIAN_POINT('',(41.462,-23.296003,1.));
#3186 = CIRCLE('',#3187,0.4);
#3187 = AXIS2_PLACEMENT_3D('',#3188,#3189,#3190);
#3188 = CARTESIAN_POINT('',(41.462,-22.896003,1.));
#3189 = DIRECTION('',(-0.,0.,-1.));
#3190 = DIRECTION('',(-0.,-1.,0.));
#3191 = FACE_BOUND('',#3192,.T.);
#3192 = EDGE_LOOP('',(#3193));
#3193 = ORIENTED_EDGE('',*,*,#3194,.T.);
#3194 = EDGE_CURVE('',#3195,#3195,#3197,.T.);
#3195 = VERTEX_POINT('',#3196);
#3196 = CARTESIAN_POINT('',(44.002,-23.296003,1.));
#3197 = CIRCLE('',#3198,0.4);
#3198 = AXIS2_PLACEMENT_3D('',#3199,#3200,#3201);
#3199 = CARTESIAN_POINT('',(44.002,-22.896003,1.));
#3200 = DIRECTION('',(-0.,0.,-1.));
#3201 = DIRECTION('',(1.7763568394E-14,-1.,-0.));
#3202 = FACE_BOUND('',#3203,.T.);
#3203 = EDGE_LOOP('',(#3204));
#3204 = ORIENTED_EDGE('',*,*,#3205,.T.);
#3205 = EDGE_CURVE('',#3206,#3206,#3208,.T.);
#3206 = VERTEX_POINT('',#3207);
#3207 = CARTESIAN_POINT('',(24.19,-15.168003,1.));
#3208 = CIRCLE('',#3209,0.4);
#3209 = AXIS2_PLACEMENT_3D('',#3210,#3211,#3212);
#3210 = CARTESIAN_POINT('',(24.19,-14.768003,1.));
#3211 = DIRECTION('',(-0.,0.,-1.));
#3212 = DIRECTION('',(8.881784197001E-15,-1.,-0.));
#3213 = FACE_BOUND('',#3214,.T.);
#3214 = EDGE_LOOP('',(#3215));
#3215 = ORIENTED_EDGE('',*,*,#3216,.T.);
#3216 = EDGE_CURVE('',#3217,#3217,#3219,.T.);
#3217 = VERTEX_POINT('',#3218);
#3218 = CARTESIAN_POINT('',(32.652,-19.232003,1.));
#3219 = CIRCLE('',#3220,0.4);
#3220 = AXIS2_PLACEMENT_3D('',#3221,#3222,#3223);
#3221 = CARTESIAN_POINT('',(32.652,-18.832003,1.));
#3222 = DIRECTION('',(-0.,0.,-1.));
#3223 = DIRECTION('',(-0.,-1.,0.));
#3224 = FACE_BOUND('',#3225,.T.);
#3225 = EDGE_LOOP('',(#3226));
#3226 = ORIENTED_EDGE('',*,*,#3227,.T.);
#3227 = EDGE_CURVE('',#3228,#3228,#3230,.T.);
#3228 = VERTEX_POINT('',#3229);
#3229 = CARTESIAN_POINT('',(28.508,-15.168003,1.));
#3230 = CIRCLE('',#3231,0.4);
#3231 = AXIS2_PLACEMENT_3D('',#3232,#3233,#3234);
#3232 = CARTESIAN_POINT('',(28.508,-14.768003,1.));
#3233 = DIRECTION('',(-0.,0.,-1.));
#3234 = DIRECTION('',(-8.881784197001E-15,-1.,0.));
#3235 = FACE_BOUND('',#3236,.T.);
#3236 = EDGE_LOOP('',(#3237));
#3237 = ORIENTED_EDGE('',*,*,#3238,.T.);
#3238 = EDGE_CURVE('',#3239,#3239,#3241,.T.);
#3239 = VERTEX_POINT('',#3240);
#3240 = CARTESIAN_POINT('',(32.572,-16.438003,1.));
#3241 = CIRCLE('',#3242,0.4);
#3242 = AXIS2_PLACEMENT_3D('',#3243,#3244,#3245);
#3243 = CARTESIAN_POINT('',(32.572,-16.038003,1.));
#3244 = DIRECTION('',(-0.,0.,-1.));
#3245 = DIRECTION('',(-0.,-1.,0.));
#3246 = FACE_BOUND('',#3247,.T.);
#3247 = EDGE_LOOP('',(#3248));
#3248 = ORIENTED_EDGE('',*,*,#3249,.T.);
#3249 = EDGE_CURVE('',#3250,#3250,#3252,.T.);
#3250 = VERTEX_POINT('',#3251);
#3251 = CARTESIAN_POINT('',(37.652,-19.232003,1.));
#3252 = CIRCLE('',#3253,0.4);
#3253 = AXIS2_PLACEMENT_3D('',#3254,#3255,#3256);
#3254 = CARTESIAN_POINT('',(37.652,-18.832003,1.));
#3255 = DIRECTION('',(-0.,0.,-1.));
#3256 = DIRECTION('',(-0.,-1.,0.));
#3257 = FACE_BOUND('',#3258,.T.);
#3258 = EDGE_LOOP('',(#3259));
#3259 = ORIENTED_EDGE('',*,*,#3260,.T.);
#3260 = EDGE_CURVE('',#3261,#3261,#3263,.T.);
#3261 = VERTEX_POINT('',#3262);
#3262 = CARTESIAN_POINT('',(37.652,-16.438003,1.));
#3263 = CIRCLE('',#3264,0.4);
#3264 = AXIS2_PLACEMENT_3D('',#3265,#3266,#3267);
#3265 = CARTESIAN_POINT('',(37.652,-16.038003,1.));
#3266 = DIRECTION('',(-0.,0.,-1.));
#3267 = DIRECTION('',(-0.,-1.,0.));
#3268 = FACE_BOUND('',#3269,.T.);
#3269 = EDGE_LOOP('',(#3270));
#3270 = ORIENTED_EDGE('',*,*,#3271,.T.);
#3271 = EDGE_CURVE('',#3272,#3272,#3274,.T.);
#3272 = VERTEX_POINT('',#3273);
#3273 = CARTESIAN_POINT('',(46.542,-30.916003,1.));
#3274 = CIRCLE('',#3275,0.4);
#3275 = AXIS2_PLACEMENT_3D('',#3276,#3277,#3278);
#3276 = CARTESIAN_POINT('',(46.542,-30.516003,1.));
#3277 = DIRECTION('',(-0.,0.,-1.));
#3278 = DIRECTION('',(-0.,-1.,0.));
#3279 = FACE_BOUND('',#3280,.T.);
#3280 = EDGE_LOOP('',(#3281));
#3281 = ORIENTED_EDGE('',*,*,#3282,.T.);
#3282 = EDGE_CURVE('',#3283,#3283,#3285,.T.);
#3283 = VERTEX_POINT('',#3284);
#3284 = CARTESIAN_POINT('',(46.542,-23.296003,1.));
#3285 = CIRCLE('',#3286,0.4);
#3286 = AXIS2_PLACEMENT_3D('',#3287,#3288,#3289);
#3287 = CARTESIAN_POINT('',(46.542,-22.896003,1.));
#3288 = DIRECTION('',(-0.,0.,-1.));
#3289 = DIRECTION('',(-0.,-1.,0.));
#3290 = FACE_BOUND('',#3291,.T.);
#3291 = EDGE_LOOP('',(#3292));
#3292 = ORIENTED_EDGE('',*,*,#3293,.T.);
#3293 = EDGE_CURVE('',#3294,#3294,#3296,.T.);
#3294 = VERTEX_POINT('',#3295);
#3295 = CARTESIAN_POINT('',(51.384,-18.233003,1.));
#3296 = CIRCLE('',#3297,0.375);
#3297 = AXIS2_PLACEMENT_3D('',#3298,#3299,#3300);
#3298 = CARTESIAN_POINT('',(51.384,-17.858003,1.));
#3299 = DIRECTION('',(-0.,0.,-1.));
#3300 = DIRECTION('',(-0.,-1.,0.));
#3301 = FACE_BOUND('',#3302,.T.);
#3302 = EDGE_LOOP('',(#3303));
#3303 = ORIENTED_EDGE('',*,*,#3304,.T.);
#3304 = EDGE_CURVE('',#3305,#3305,#3307,.T.);
#3305 = VERTEX_POINT('',#3306);
#3306 = CARTESIAN_POINT('',(53.384,-18.233003,1.));
#3307 = CIRCLE('',#3308,0.375);
#3308 = AXIS2_PLACEMENT_3D('',#3309,#3310,#3311);
#3309 = CARTESIAN_POINT('',(53.384,-17.858003,1.));
#3310 = DIRECTION('',(-0.,0.,-1.));
#3311 = DIRECTION('',(-0.,-1.,0.));
#3312 = FACE_BOUND('',#3313,.T.);
#3313 = EDGE_LOOP('',(#3314));
#3314 = ORIENTED_EDGE('',*,*,#3315,.T.);
#3315 = EDGE_CURVE('',#3316,#3316,#3318,.T.);
#3316 = VERTEX_POINT('',#3317);
#3317 = CARTESIAN_POINT('',(59.496,-18.978003,1.));
#3318 = CIRCLE('',#3319,0.4);
#3319 = AXIS2_PLACEMENT_3D('',#3320,#3321,#3322);
#3320 = CARTESIAN_POINT('',(59.496,-18.578003,1.));
#3321 = DIRECTION('',(-0.,0.,-1.));
#3322 = DIRECTION('',(1.7763568394E-14,-1.,-0.));
#3323 = FACE_BOUND('',#3324,.T.);
#3324 = EDGE_LOOP('',(#3325));
#3325 = ORIENTED_EDGE('',*,*,#3326,.T.);
#3326 = EDGE_CURVE('',#3327,#3327,#3329,.T.);
#3327 = VERTEX_POINT('',#3328);
#3328 = CARTESIAN_POINT('',(62.036,-18.978003,1.));
#3329 = CIRCLE('',#3330,0.4);
#3330 = AXIS2_PLACEMENT_3D('',#3331,#3332,#3333);
#3331 = CARTESIAN_POINT('',(62.036,-18.578003,1.));
#3332 = DIRECTION('',(-0.,0.,-1.));
#3333 = DIRECTION('',(-0.,-1.,0.));
#3334 = FACE_BOUND('',#3335,.T.);
#3335 = EDGE_LOOP('',(#3336));
#3336 = ORIENTED_EDGE('',*,*,#3337,.T.);
#3337 = EDGE_CURVE('',#3338,#3338,#3340,.T.);
#3338 = VERTEX_POINT('',#3339);
#3339 = CARTESIAN_POINT('',(51.368,-12.603003,1.));
#3340 = CIRCLE('',#3341,0.375);
#3341 = AXIS2_PLACEMENT_3D('',#3342,#3343,#3344);
#3342 = CARTESIAN_POINT('',(51.368,-12.228003,1.));
#3343 = DIRECTION('',(-0.,0.,-1.));
#3344 = DIRECTION('',(-0.,-1.,0.));
#3345 = FACE_BOUND('',#3346,.T.);
#3346 = EDGE_LOOP('',(#3347));
#3347 = ORIENTED_EDGE('',*,*,#3348,.T.);
#3348 = EDGE_CURVE('',#3349,#3349,#3351,.T.);
#3349 = VERTEX_POINT('',#3350);
#3350 = CARTESIAN_POINT('',(53.368,-12.603003,1.));
#3351 = CIRCLE('',#3352,0.375);
#3352 = AXIS2_PLACEMENT_3D('',#3353,#3354,#3355);
#3353 = CARTESIAN_POINT('',(53.368,-12.228003,1.));
#3354 = DIRECTION('',(-0.,0.,-1.));
#3355 = DIRECTION('',(-0.,-1.,0.));
#3356 = FACE_BOUND('',#3357,.T.);
#3357 = EDGE_LOOP('',(#3358));
#3358 = ORIENTED_EDGE('',*,*,#3359,.T.);
#3359 = EDGE_CURVE('',#3360,#3360,#3362,.T.);
#3360 = VERTEX_POINT('',#3361);
#3361 = CARTESIAN_POINT('',(59.75,-12.628003,1.));
#3362 = CIRCLE('',#3363,0.4);
#3363 = AXIS2_PLACEMENT_3D('',#3364,#3365,#3366);
#3364 = CARTESIAN_POINT('',(59.75,-12.228003,1.));
#3365 = DIRECTION('',(-0.,0.,-1.));
#3366 = DIRECTION('',(-0.,-1.,0.));
#3367 = FACE_BOUND('',#3368,.T.);
#3368 = EDGE_LOOP('',(#3369));
#3369 = ORIENTED_EDGE('',*,*,#3370,.T.);
#3370 = EDGE_CURVE('',#3371,#3371,#3373,.T.);
#3371 = VERTEX_POINT('',#3372);
#3372 = CARTESIAN_POINT('',(59.75,-9.834003,1.));
#3373 = CIRCLE('',#3374,0.4);
#3374 = AXIS2_PLACEMENT_3D('',#3375,#3376,#3377);
#3375 = CARTESIAN_POINT('',(59.75,-9.434003,1.));
#3376 = DIRECTION('',(-0.,0.,-1.));
#3377 = DIRECTION('',(-0.,-1.,0.));
#3378 = FACE_BOUND('',#3379,.T.);
#3379 = EDGE_LOOP('',(#3380));
#3380 = ORIENTED_EDGE('',*,*,#3381,.T.);
#3381 = EDGE_CURVE('',#3382,#3382,#3384,.T.);
#3382 = VERTEX_POINT('',#3383);
#3383 = CARTESIAN_POINT('',(64.576,-18.978003,1.));
#3384 = CIRCLE('',#3385,0.4);
#3385 = AXIS2_PLACEMENT_3D('',#3386,#3387,#3388);
#3386 = CARTESIAN_POINT('',(64.576,-18.578003,1.));
#3387 = DIRECTION('',(-0.,0.,-1.));
#3388 = DIRECTION('',(-0.,-1.,0.));
#3389 = FACE_BOUND('',#3390,.T.);
#3390 = EDGE_LOOP('',(#3391));
#3391 = ORIENTED_EDGE('',*,*,#3392,.T.);
#3392 = EDGE_CURVE('',#3393,#3393,#3395,.T.);
#3393 = VERTEX_POINT('',#3394);
#3394 = CARTESIAN_POINT('',(67.116,-18.978003,1.));
#3395 = CIRCLE('',#3396,0.4);
#3396 = AXIS2_PLACEMENT_3D('',#3397,#3398,#3399);
#3397 = CARTESIAN_POINT('',(67.116,-18.578003,1.));
#3398 = DIRECTION('',(-0.,0.,-1.));
#3399 = DIRECTION('',(-0.,-1.,0.));
#3400 = FACE_BOUND('',#3401,.T.);
#3401 = EDGE_LOOP('',(#3402));
#3402 = ORIENTED_EDGE('',*,*,#3403,.T.);
#3403 = EDGE_CURVE('',#3404,#3404,#3406,.T.);
#3404 = VERTEX_POINT('',#3405);
#3405 = CARTESIAN_POINT('',(69.656,-18.978003,1.));
#3406 = CIRCLE('',#3407,0.4);
#3407 = AXIS2_PLACEMENT_3D('',#3408,#3409,#3410);
#3408 = CARTESIAN_POINT('',(69.656,-18.578003,1.));
#3409 = DIRECTION('',(-0.,0.,-1.));
#3410 = DIRECTION('',(-0.,-1.,0.));
#3411 = FACE_BOUND('',#3412,.T.);
#3412 = EDGE_LOOP('',(#3413));
#3413 = ORIENTED_EDGE('',*,*,#3414,.T.);
#3414 = EDGE_CURVE('',#3415,#3415,#3417,.T.);
#3415 = VERTEX_POINT('',#3416);
#3416 = CARTESIAN_POINT('',(72.196,-18.978003,1.));
#3417 = CIRCLE('',#3418,0.4);
#3418 = AXIS2_PLACEMENT_3D('',#3419,#3420,#3421);
#3419 = CARTESIAN_POINT('',(72.196,-18.578003,1.));
#3420 = DIRECTION('',(-0.,0.,-1.));
#3421 = DIRECTION('',(-0.,-1.,0.));
#3422 = FACE_BOUND('',#3423,.T.);
#3423 = EDGE_LOOP('',(#3424));
#3424 = ORIENTED_EDGE('',*,*,#3425,.T.);
#3425 = EDGE_CURVE('',#3426,#3426,#3428,.T.);
#3426 = VERTEX_POINT('',#3427);
#3427 = CARTESIAN_POINT('',(74.736,-18.978003,1.));
#3428 = CIRCLE('',#3429,0.4);
#3429 = AXIS2_PLACEMENT_3D('',#3430,#3431,#3432);
#3430 = CARTESIAN_POINT('',(74.736,-18.578003,1.));
#3431 = DIRECTION('',(-0.,0.,-1.));
#3432 = DIRECTION('',(3.5527136788E-14,-1.,-0.));
#3433 = FACE_BOUND('',#3434,.T.);
#3434 = EDGE_LOOP('',(#3435));
#3435 = ORIENTED_EDGE('',*,*,#3436,.T.);
#3436 = EDGE_CURVE('',#3437,#3437,#3439,.T.);
#3437 = VERTEX_POINT('',#3438);
#3438 = CARTESIAN_POINT('',(77.276,-18.978003,1.));
#3439 = CIRCLE('',#3440,0.4);
#3440 = AXIS2_PLACEMENT_3D('',#3441,#3442,#3443);
#3441 = CARTESIAN_POINT('',(77.276,-18.578003,1.));
#3442 = DIRECTION('',(-0.,0.,-1.));
#3443 = DIRECTION('',(-3.552713678801E-14,-1.,0.));
#3444 = FACE_BOUND('',#3445,.T.);
#3445 = EDGE_LOOP('',(#3446));
#3446 = ORIENTED_EDGE('',*,*,#3447,.T.);
#3447 = EDGE_CURVE('',#3448,#3448,#3450,.T.);
#3448 = VERTEX_POINT('',#3449);
#3449 = CARTESIAN_POINT('',(79.816,-18.978003,1.));
#3450 = CIRCLE('',#3451,0.4);
#3451 = AXIS2_PLACEMENT_3D('',#3452,#3453,#3454);
#3452 = CARTESIAN_POINT('',(79.816,-18.578003,1.));
#3453 = DIRECTION('',(-0.,0.,-1.));
#3454 = DIRECTION('',(-0.,-1.,0.));
#3455 = FACE_BOUND('',#3456,.T.);
#3456 = EDGE_LOOP('',(#3457));
#3457 = ORIENTED_EDGE('',*,*,#3458,.T.);
#3458 = EDGE_CURVE('',#3459,#3459,#3461,.T.);
#3459 = VERTEX_POINT('',#3460);
#3460 = CARTESIAN_POINT('',(69.91,-12.628003,1.));
#3461 = CIRCLE('',#3462,0.4);
#3462 = AXIS2_PLACEMENT_3D('',#3463,#3464,#3465);
#3463 = CARTESIAN_POINT('',(69.91,-12.228003,1.));
#3464 = DIRECTION('',(-0.,0.,-1.));
#3465 = DIRECTION('',(-0.,-1.,0.));
#3466 = FACE_BOUND('',#3467,.T.);
#3467 = EDGE_LOOP('',(#3468));
#3468 = ORIENTED_EDGE('',*,*,#3469,.T.);
#3469 = EDGE_CURVE('',#3470,#3470,#3472,.T.);
#3470 = VERTEX_POINT('',#3471);
#3471 = CARTESIAN_POINT('',(69.91,-9.834003,1.));
#3472 = CIRCLE('',#3473,0.4);
#3473 = AXIS2_PLACEMENT_3D('',#3474,#3475,#3476);
#3474 = CARTESIAN_POINT('',(69.91,-9.434003,1.));
#3475 = DIRECTION('',(-0.,0.,-1.));
#3476 = DIRECTION('',(-0.,-1.,0.));
#3477 = FACE_BOUND('',#3478,.T.);
#3478 = EDGE_LOOP('',(#3479));
#3479 = ORIENTED_EDGE('',*,*,#3480,.T.);
#3480 = EDGE_CURVE('',#3481,#3481,#3483,.T.);
#3481 = VERTEX_POINT('',#3482);
#3482 = CARTESIAN_POINT('',(73.72,-13.390003,1.));
#3483 = CIRCLE('',#3484,0.4);
#3484 = AXIS2_PLACEMENT_3D('',#3485,#3486,#3487);
#3485 = CARTESIAN_POINT('',(73.72,-12.990003,1.));
#3486 = DIRECTION('',(-0.,0.,-1.));
#3487 = DIRECTION('',(-0.,-1.,0.));
#3488 = FACE_BOUND('',#3489,.T.);
#3489 = EDGE_LOOP('',(#3490));
#3490 = ORIENTED_EDGE('',*,*,#3491,.T.);
#3491 = EDGE_CURVE('',#3492,#3492,#3494,.T.);
#3492 = VERTEX_POINT('',#3493);
#3493 = CARTESIAN_POINT('',(32.572,-3.738003,1.));
#3494 = CIRCLE('',#3495,0.4);
#3495 = AXIS2_PLACEMENT_3D('',#3496,#3497,#3498);
#3496 = CARTESIAN_POINT('',(32.572,-3.338003,1.));
#3497 = DIRECTION('',(-0.,0.,-1.));
#3498 = DIRECTION('',(-0.,-1.,0.));
#3499 = FACE_BOUND('',#3500,.T.);
#3500 = EDGE_LOOP('',(#3501));
#3501 = ORIENTED_EDGE('',*,*,#3502,.T.);
#3502 = EDGE_CURVE('',#3503,#3503,#3505,.T.);
#3503 = VERTEX_POINT('',#3504);
#3504 = CARTESIAN_POINT('',(43.494,-7.040003,1.));
#3505 = CIRCLE('',#3506,0.4);
#3506 = AXIS2_PLACEMENT_3D('',#3507,#3508,#3509);
#3507 = CARTESIAN_POINT('',(43.494,-6.640003,1.));
#3508 = DIRECTION('',(-0.,0.,-1.));
#3509 = DIRECTION('',(-0.,-1.,0.));
#3510 = FACE_BOUND('',#3511,.T.);
#3511 = EDGE_LOOP('',(#3512));
#3512 = ORIENTED_EDGE('',*,*,#3513,.T.);
#3513 = EDGE_CURVE('',#3514,#3514,#3516,.T.);
#3514 = VERTEX_POINT('',#3515);
#3515 = CARTESIAN_POINT('',(37.652,-3.738003,1.));
#3516 = CIRCLE('',#3517,0.4);
#3517 = AXIS2_PLACEMENT_3D('',#3518,#3519,#3520);
#3518 = CARTESIAN_POINT('',(37.652,-3.338003,1.));
#3519 = DIRECTION('',(-0.,0.,-1.));
#3520 = DIRECTION('',(-0.,-1.,0.));
#3521 = FACE_BOUND('',#3522,.T.);
#3522 = EDGE_LOOP('',(#3523));
#3523 = ORIENTED_EDGE('',*,*,#3524,.T.);
#3524 = EDGE_CURVE('',#3525,#3525,#3527,.T.);
#3525 = VERTEX_POINT('',#3526);
#3526 = CARTESIAN_POINT('',(43.494,-2.976003,1.));
#3527 = CIRCLE('',#3528,0.4);
#3528 = AXIS2_PLACEMENT_3D('',#3529,#3530,#3531);
#3529 = CARTESIAN_POINT('',(43.494,-2.576003,1.));
#3530 = DIRECTION('',(-0.,0.,-1.));
#3531 = DIRECTION('',(-0.,-1.,0.));
#3532 = FACE_BOUND('',#3533,.T.);
#3533 = EDGE_LOOP('',(#3534));
#3534 = ORIENTED_EDGE('',*,*,#3535,.T.);
#3535 = EDGE_CURVE('',#3536,#3536,#3538,.T.);
#3536 = VERTEX_POINT('',#3537);
#3537 = CARTESIAN_POINT('',(37.906,6.983997,1.));
#3538 = CIRCLE('',#3539,0.6);
#3539 = AXIS2_PLACEMENT_3D('',#3540,#3541,#3542);
#3540 = CARTESIAN_POINT('',(37.906,7.583997,1.));
#3541 = DIRECTION('',(-0.,0.,-1.));
#3542 = DIRECTION('',(-0.,-1.,0.));
#3543 = FACE_BOUND('',#3544,.T.);
#3544 = EDGE_LOOP('',(#3545));
#3545 = ORIENTED_EDGE('',*,*,#3546,.T.);
#3546 = EDGE_CURVE('',#3547,#3547,#3549,.T.);
#3547 = VERTEX_POINT('',#3548);
#3548 = CARTESIAN_POINT('',(32.064,11.415997,1.));
#3549 = CIRCLE('',#3550,1.6);
#3550 = AXIS2_PLACEMENT_3D('',#3551,#3552,#3553);
#3551 = CARTESIAN_POINT('',(32.064,13.015997,1.));
#3552 = DIRECTION('',(-0.,0.,-1.));
#3553 = DIRECTION('',(-0.,-1.,0.));
#3554 = FACE_BOUND('',#3555,.T.);
#3555 = EDGE_LOOP('',(#3556));
#3556 = ORIENTED_EDGE('',*,*,#3557,.T.);
#3557 = EDGE_CURVE('',#3558,#3558,#3560,.T.);
#3558 = VERTEX_POINT('',#3559);
#3559 = CARTESIAN_POINT('',(53.654,-7.040003,1.));
#3560 = CIRCLE('',#3561,0.4);
#3561 = AXIS2_PLACEMENT_3D('',#3562,#3563,#3564);
#3562 = CARTESIAN_POINT('',(53.654,-6.640003,1.));
#3563 = DIRECTION('',(-0.,0.,-1.));
#3564 = DIRECTION('',(1.7763568394E-14,-1.,-0.));
#3565 = FACE_BOUND('',#3566,.T.);
#3566 = EDGE_LOOP('',(#3567));
#3567 = ORIENTED_EDGE('',*,*,#3568,.T.);
#3568 = EDGE_CURVE('',#3569,#3569,#3571,.T.);
#3569 = VERTEX_POINT('',#3570);
#3570 = CARTESIAN_POINT('',(59.496,-3.738003,1.));
#3571 = CIRCLE('',#3572,0.4);
#3572 = AXIS2_PLACEMENT_3D('',#3573,#3574,#3575);
#3573 = CARTESIAN_POINT('',(59.496,-3.338003,1.));
#3574 = DIRECTION('',(-0.,0.,-1.));
#3575 = DIRECTION('',(1.7763568394E-14,-1.,-0.));
#3576 = FACE_BOUND('',#3577,.T.);
#3577 = EDGE_LOOP('',(#3578));
#3578 = ORIENTED_EDGE('',*,*,#3579,.T.);
#3579 = EDGE_CURVE('',#3580,#3580,#3582,.T.);
#3580 = VERTEX_POINT('',#3581);
#3581 = CARTESIAN_POINT('',(62.036,-3.738003,1.));
#3582 = CIRCLE('',#3583,0.4);
#3583 = AXIS2_PLACEMENT_3D('',#3584,#3585,#3586);
#3584 = CARTESIAN_POINT('',(62.036,-3.338003,1.));
#3585 = DIRECTION('',(-0.,0.,-1.));
#3586 = DIRECTION('',(-0.,-1.,0.));
#3587 = FACE_BOUND('',#3588,.T.);
#3588 = EDGE_LOOP('',(#3589));
#3589 = ORIENTED_EDGE('',*,*,#3590,.T.);
#3590 = EDGE_CURVE('',#3591,#3591,#3593,.T.);
#3591 = VERTEX_POINT('',#3592);
#3592 = CARTESIAN_POINT('',(53.654,-2.976003,1.));
#3593 = CIRCLE('',#3594,0.4);
#3594 = AXIS2_PLACEMENT_3D('',#3595,#3596,#3597);
#3595 = CARTESIAN_POINT('',(53.654,-2.576003,1.));
#3596 = DIRECTION('',(-0.,0.,-1.));
#3597 = DIRECTION('',(1.7763568394E-14,-1.,-0.));
#3598 = FACE_BOUND('',#3599,.T.);
#3599 = EDGE_LOOP('',(#3600));
#3600 = ORIENTED_EDGE('',*,*,#3601,.T.);
#3601 = EDGE_CURVE('',#3602,#3602,#3604,.T.);
#3602 = VERTEX_POINT('',#3603);
#3603 = CARTESIAN_POINT('',(64.576,-3.738003,1.));
#3604 = CIRCLE('',#3605,0.4);
#3605 = AXIS2_PLACEMENT_3D('',#3606,#3607,#3608);
#3606 = CARTESIAN_POINT('',(64.576,-3.338003,1.));
#3607 = DIRECTION('',(-0.,0.,-1.));
#3608 = DIRECTION('',(-0.,-1.,0.));
#3609 = FACE_BOUND('',#3610,.T.);
#3610 = EDGE_LOOP('',(#3611));
#3611 = ORIENTED_EDGE('',*,*,#3612,.T.);
#3612 = EDGE_CURVE('',#3613,#3613,#3615,.T.);
#3613 = VERTEX_POINT('',#3614);
#3614 = CARTESIAN_POINT('',(67.116,-3.738003,1.));
#3615 = CIRCLE('',#3616,0.4);
#3616 = AXIS2_PLACEMENT_3D('',#3617,#3618,#3619);
#3617 = CARTESIAN_POINT('',(67.116,-3.338003,1.));
#3618 = DIRECTION('',(-0.,0.,-1.));
#3619 = DIRECTION('',(-0.,-1.,0.));
#3620 = FACE_BOUND('',#3621,.T.);
#3621 = EDGE_LOOP('',(#3622));
#3622 = ORIENTED_EDGE('',*,*,#3623,.T.);
#3623 = EDGE_CURVE('',#3624,#3624,#3626,.T.);
#3624 = VERTEX_POINT('',#3625);
#3625 = CARTESIAN_POINT('',(69.656,-3.738003,1.));
#3626 = CIRCLE('',#3627,0.4);
#3627 = AXIS2_PLACEMENT_3D('',#3628,#3629,#3630);
#3628 = CARTESIAN_POINT('',(69.656,-3.338003,1.));
#3629 = DIRECTION('',(-0.,0.,-1.));
#3630 = DIRECTION('',(-0.,-1.,0.));
#3631 = FACE_BOUND('',#3632,.T.);
#3632 = EDGE_LOOP('',(#3633));
#3633 = ORIENTED_EDGE('',*,*,#3634,.T.);
#3634 = EDGE_CURVE('',#3635,#3635,#3637,.T.);
#3635 = VERTEX_POINT('',#3636);
#3636 = CARTESIAN_POINT('',(71.728,-7.040003,1.));
#3637 = CIRCLE('',#3638,0.4);
#3638 = AXIS2_PLACEMENT_3D('',#3639,#3640,#3641);
#3639 = CARTESIAN_POINT('',(71.728,-6.640003,1.));
#3640 = DIRECTION('',(-0.,0.,-1.));
#3641 = DIRECTION('',(-3.552713678801E-14,-1.,0.));
#3642 = FACE_BOUND('',#3643,.T.);
#3643 = EDGE_LOOP('',(#3644));
#3644 = ORIENTED_EDGE('',*,*,#3645,.T.);
#3645 = EDGE_CURVE('',#3646,#3646,#3648,.T.);
#3646 = VERTEX_POINT('',#3647);
#3647 = CARTESIAN_POINT('',(77.57,-8.818003,1.));
#3648 = CIRCLE('',#3649,0.4);
#3649 = AXIS2_PLACEMENT_3D('',#3650,#3651,#3652);
#3650 = CARTESIAN_POINT('',(77.57,-8.418003,1.));
#3651 = DIRECTION('',(-0.,0.,-1.));
#3652 = DIRECTION('',(-0.,-1.,0.));
#3653 = FACE_BOUND('',#3654,.T.);
#3654 = EDGE_LOOP('',(#3655));
#3655 = ORIENTED_EDGE('',*,*,#3656,.T.);
#3656 = EDGE_CURVE('',#3657,#3657,#3659,.T.);
#3657 = VERTEX_POINT('',#3658);
#3658 = CARTESIAN_POINT('',(76.728,-7.040003,1.));
#3659 = CIRCLE('',#3660,0.4);
#3660 = AXIS2_PLACEMENT_3D('',#3661,#3662,#3663);
#3661 = CARTESIAN_POINT('',(76.728,-6.640003,1.));
#3662 = DIRECTION('',(-0.,0.,-1.));
#3663 = DIRECTION('',(-3.552713678801E-14,-1.,0.));
#3664 = FACE_BOUND('',#3665,.T.);
#3665 = EDGE_LOOP('',(#3666));
#3666 = ORIENTED_EDGE('',*,*,#3667,.T.);
#3667 = EDGE_CURVE('',#3668,#3668,#3670,.T.);
#3668 = VERTEX_POINT('',#3669);
#3669 = CARTESIAN_POINT('',(79.836,-6.278003,1.));
#3670 = CIRCLE('',#3671,0.4);
#3671 = AXIS2_PLACEMENT_3D('',#3672,#3673,#3674);
#3672 = CARTESIAN_POINT('',(79.836,-5.878003,1.));
#3673 = DIRECTION('',(-0.,0.,-1.));
#3674 = DIRECTION('',(-3.552713678801E-14,-1.,0.));
#3675 = FACE_BOUND('',#3676,.T.);
#3676 = EDGE_LOOP('',(#3677));
#3677 = ORIENTED_EDGE('',*,*,#3678,.T.);
#3678 = EDGE_CURVE('',#3679,#3679,#3681,.T.);
#3679 = VERTEX_POINT('',#3680);
#3680 = CARTESIAN_POINT('',(72.196,-3.738003,1.));
#3681 = CIRCLE('',#3682,0.4);
#3682 = AXIS2_PLACEMENT_3D('',#3683,#3684,#3685);
#3683 = CARTESIAN_POINT('',(72.196,-3.338003,1.));
#3684 = DIRECTION('',(-0.,0.,-1.));
#3685 = DIRECTION('',(-0.,-1.,0.));
#3686 = FACE_BOUND('',#3687,.T.);
#3687 = EDGE_LOOP('',(#3688));
#3688 = ORIENTED_EDGE('',*,*,#3689,.T.);
#3689 = EDGE_CURVE('',#3690,#3690,#3692,.T.);
#3690 = VERTEX_POINT('',#3691);
#3691 = CARTESIAN_POINT('',(74.736,-3.738003,1.));
#3692 = CIRCLE('',#3693,0.4);
#3693 = AXIS2_PLACEMENT_3D('',#3694,#3695,#3696);
#3694 = CARTESIAN_POINT('',(74.736,-3.338003,1.));
#3695 = DIRECTION('',(-0.,0.,-1.));
#3696 = DIRECTION('',(3.5527136788E-14,-1.,-0.));
#3697 = FACE_BOUND('',#3698,.T.);
#3698 = EDGE_LOOP('',(#3699));
#3699 = ORIENTED_EDGE('',*,*,#3700,.T.);
#3700 = EDGE_CURVE('',#3701,#3701,#3703,.T.);
#3701 = VERTEX_POINT('',#3702);
#3702 = CARTESIAN_POINT('',(77.276,-3.738003,1.));
#3703 = CIRCLE('',#3704,0.4);
#3704 = AXIS2_PLACEMENT_3D('',#3705,#3706,#3707);
#3705 = CARTESIAN_POINT('',(77.276,-3.338003,1.));
#3706 = DIRECTION('',(-0.,0.,-1.));
#3707 = DIRECTION('',(-3.552713678801E-14,-1.,0.));
#3708 = FACE_BOUND('',#3709,.T.);
#3709 = EDGE_LOOP('',(#3710));
#3710 = ORIENTED_EDGE('',*,*,#3711,.T.);
#3711 = EDGE_CURVE('',#3712,#3712,#3714,.T.);
#3712 = VERTEX_POINT('',#3713);
#3713 = CARTESIAN_POINT('',(79.816,-3.738003,1.));
#3714 = CIRCLE('',#3715,0.4);
#3715 = AXIS2_PLACEMENT_3D('',#3716,#3717,#3718);
#3716 = CARTESIAN_POINT('',(79.816,-3.338003,1.));
#3717 = DIRECTION('',(-0.,0.,-1.));
#3718 = DIRECTION('',(-0.,-1.,0.));
#3719 = FACE_BOUND('',#3720,.T.);
#3720 = EDGE_LOOP('',(#3721));
#3721 = ORIENTED_EDGE('',*,*,#3722,.T.);
#3722 = EDGE_CURVE('',#3723,#3723,#3725,.T.);
#3723 = VERTEX_POINT('',#3724);
#3724 = CARTESIAN_POINT('',(65.846,-0.690003,1.));
#3725 = CIRCLE('',#3726,0.4);
#3726 = AXIS2_PLACEMENT_3D('',#3727,#3728,#3729);
#3727 = CARTESIAN_POINT('',(65.846,-0.290003,1.));
#3728 = DIRECTION('',(-0.,0.,-1.));
#3729 = DIRECTION('',(-0.,-1.,0.));
#3730 = FACE_BOUND('',#3731,.T.);
#3731 = EDGE_LOOP('',(#3732));
#3732 = ORIENTED_EDGE('',*,*,#3733,.T.);
#3733 = EDGE_CURVE('',#3734,#3734,#3736,.T.);
#3734 = VERTEX_POINT('',#3735);
#3735 = CARTESIAN_POINT('',(73.466,-0.690003,1.));
#3736 = CIRCLE('',#3737,0.4);
#3737 = AXIS2_PLACEMENT_3D('',#3738,#3739,#3740);
#3738 = CARTESIAN_POINT('',(73.466,-0.290003,1.));
#3739 = DIRECTION('',(-0.,0.,-1.));
#3740 = DIRECTION('',(-3.552713678801E-14,-1.,0.));
#3741 = FACE_BOUND('',#3742,.T.);
#3742 = EDGE_LOOP('',(#3743));
#3743 = ORIENTED_EDGE('',*,*,#3744,.T.);
#3744 = EDGE_CURVE('',#3745,#3745,#3747,.T.);
#3745 = VERTEX_POINT('',#3746);
#3746 = CARTESIAN_POINT('',(76.768,-0.690003,1.));
#3747 = CIRCLE('',#3748,0.4);
#3748 = AXIS2_PLACEMENT_3D('',#3749,#3750,#3751);
#3749 = CARTESIAN_POINT('',(76.768,-0.290003,1.));
#3750 = DIRECTION('',(-0.,0.,-1.));
#3751 = DIRECTION('',(-0.,-1.,0.));
#3752 = FACE_BOUND('',#3753,.T.);
#3753 = EDGE_LOOP('',(#3754));
#3754 = ORIENTED_EDGE('',*,*,#3755,.T.);
#3755 = EDGE_CURVE('',#3756,#3756,#3758,.T.);
#3756 = VERTEX_POINT('',#3757);
#3757 = CARTESIAN_POINT('',(84.642,-31.932003,1.));
#3758 = CIRCLE('',#3759,0.4);
#3759 = AXIS2_PLACEMENT_3D('',#3760,#3761,#3762);
#3760 = CARTESIAN_POINT('',(84.642,-31.532003,1.));
#3761 = DIRECTION('',(-0.,0.,-1.));
#3762 = DIRECTION('',(-0.,-1.,0.));
#3763 = FACE_BOUND('',#3764,.T.);
#3764 = EDGE_LOOP('',(#3765));
#3765 = ORIENTED_EDGE('',*,*,#3766,.T.);
#3766 = EDGE_CURVE('',#3767,#3767,#3769,.T.);
#3767 = VERTEX_POINT('',#3768);
#3768 = CARTESIAN_POINT('',(84.642,-29.392003,1.));
#3769 = CIRCLE('',#3770,0.4);
#3770 = AXIS2_PLACEMENT_3D('',#3771,#3772,#3773);
#3771 = CARTESIAN_POINT('',(84.642,-28.992003,1.));
#3772 = DIRECTION('',(-0.,0.,-1.));
#3773 = DIRECTION('',(-0.,-1.,0.));
#3774 = FACE_BOUND('',#3775,.T.);
#3775 = EDGE_LOOP('',(#3776));
#3776 = ORIENTED_EDGE('',*,*,#3777,.T.);
#3777 = EDGE_CURVE('',#3778,#3778,#3780,.T.);
#3778 = VERTEX_POINT('',#3779);
#3779 = CARTESIAN_POINT('',(92.262,-31.932003,1.));
#3780 = CIRCLE('',#3781,0.4);
#3781 = AXIS2_PLACEMENT_3D('',#3782,#3783,#3784);
#3782 = CARTESIAN_POINT('',(92.262,-31.532003,1.));
#3783 = DIRECTION('',(-0.,0.,-1.));
#3784 = DIRECTION('',(-0.,-1.,0.));
#3785 = FACE_BOUND('',#3786,.T.);
#3786 = EDGE_LOOP('',(#3787));
#3787 = ORIENTED_EDGE('',*,*,#3788,.T.);
#3788 = EDGE_CURVE('',#3789,#3789,#3791,.T.);
#3789 = VERTEX_POINT('',#3790);
#3790 = CARTESIAN_POINT('',(92.262,-29.392003,1.));
#3791 = CIRCLE('',#3792,0.4);
#3792 = AXIS2_PLACEMENT_3D('',#3793,#3794,#3795);
#3793 = CARTESIAN_POINT('',(92.262,-28.992003,1.));
#3794 = DIRECTION('',(-0.,0.,-1.));
#3795 = DIRECTION('',(-0.,-1.,0.));
#3796 = FACE_BOUND('',#3797,.T.);
#3797 = EDGE_LOOP('',(#3798));
#3798 = ORIENTED_EDGE('',*,*,#3799,.T.);
#3799 = EDGE_CURVE('',#3800,#3800,#3802,.T.);
#3800 = VERTEX_POINT('',#3801);
#3801 = CARTESIAN_POINT('',(84.642,-26.852003,1.));
#3802 = CIRCLE('',#3803,0.4);
#3803 = AXIS2_PLACEMENT_3D('',#3804,#3805,#3806);
#3804 = CARTESIAN_POINT('',(84.642,-26.452003,1.));
#3805 = DIRECTION('',(-0.,0.,-1.));
#3806 = DIRECTION('',(-0.,-1.,0.));
#3807 = FACE_BOUND('',#3808,.T.);
#3808 = EDGE_LOOP('',(#3809));
#3809 = ORIENTED_EDGE('',*,*,#3810,.T.);
#3810 = EDGE_CURVE('',#3811,#3811,#3813,.T.);
#3811 = VERTEX_POINT('',#3812);
#3812 = CARTESIAN_POINT('',(84.642,-24.312003,1.));
#3813 = CIRCLE('',#3814,0.4);
#3814 = AXIS2_PLACEMENT_3D('',#3815,#3816,#3817);
#3815 = CARTESIAN_POINT('',(84.642,-23.912003,1.));
#3816 = DIRECTION('',(-0.,0.,-1.));
#3817 = DIRECTION('',(-0.,-1.,0.));
#3818 = FACE_BOUND('',#3819,.T.);
#3819 = EDGE_LOOP('',(#3820));
#3820 = ORIENTED_EDGE('',*,*,#3821,.T.);
#3821 = EDGE_CURVE('',#3822,#3822,#3824,.T.);
#3822 = VERTEX_POINT('',#3823);
#3823 = CARTESIAN_POINT('',(87.436,-21.478003,1.));
#3824 = CIRCLE('',#3825,0.4);
#3825 = AXIS2_PLACEMENT_3D('',#3826,#3827,#3828);
#3826 = CARTESIAN_POINT('',(87.436,-21.078003,1.));
#3827 = DIRECTION('',(-0.,0.,-1.));
#3828 = DIRECTION('',(-0.,-1.,0.));
#3829 = FACE_BOUND('',#3830,.T.);
#3830 = EDGE_LOOP('',(#3831));
#3831 = ORIENTED_EDGE('',*,*,#3832,.T.);
#3832 = EDGE_CURVE('',#3833,#3833,#3835,.T.);
#3833 = VERTEX_POINT('',#3834);
#3834 = CARTESIAN_POINT('',(92.262,-26.852003,1.));
#3835 = CIRCLE('',#3836,0.4);
#3836 = AXIS2_PLACEMENT_3D('',#3837,#3838,#3839);
#3837 = CARTESIAN_POINT('',(92.262,-26.452003,1.));
#3838 = DIRECTION('',(-0.,0.,-1.));
#3839 = DIRECTION('',(-0.,-1.,0.));
#3840 = FACE_BOUND('',#3841,.T.);
#3841 = EDGE_LOOP('',(#3842));
#3842 = ORIENTED_EDGE('',*,*,#3843,.T.);
#3843 = EDGE_CURVE('',#3844,#3844,#3846,.T.);
#3844 = VERTEX_POINT('',#3845);
#3845 = CARTESIAN_POINT('',(92.262,-24.312003,1.));
#3846 = CIRCLE('',#3847,0.4);
#3847 = AXIS2_PLACEMENT_3D('',#3848,#3849,#3850);
#3848 = CARTESIAN_POINT('',(92.262,-23.912003,1.));
#3849 = DIRECTION('',(-0.,0.,-1.));
#3850 = DIRECTION('',(-0.,-1.,0.));
#3851 = FACE_BOUND('',#3852,.T.);
#3852 = EDGE_LOOP('',(#3853));
#3853 = ORIENTED_EDGE('',*,*,#3854,.T.);
#3854 = EDGE_CURVE('',#3855,#3855,#3857,.T.);
#3855 = VERTEX_POINT('',#3856);
#3856 = CARTESIAN_POINT('',(101.66,-31.354003,1.));
#3857 = CIRCLE('',#3858,1.6);
#3858 = AXIS2_PLACEMENT_3D('',#3859,#3860,#3861);
#3859 = CARTESIAN_POINT('',(101.66,-29.754003,1.));
#3860 = DIRECTION('',(-0.,0.,-1.));
#3861 = DIRECTION('',(-0.,-1.,0.));
#3862 = FACE_BOUND('',#3863,.T.);
#3863 = EDGE_LOOP('',(#3864));
#3864 = ORIENTED_EDGE('',*,*,#3865,.T.);
#3865 = EDGE_CURVE('',#3866,#3866,#3868,.T.);
#3866 = VERTEX_POINT('',#3867);
#3867 = CARTESIAN_POINT('',(101.66,-26.698003,1.));
#3868 = CIRCLE('',#3869,0.5);
#3869 = AXIS2_PLACEMENT_3D('',#3870,#3871,#3872);
#3870 = CARTESIAN_POINT('',(101.66,-26.198003,1.));
#3871 = DIRECTION('',(-0.,0.,-1.));
#3872 = DIRECTION('',(-0.,-1.,0.));
#3873 = FACE_BOUND('',#3874,.T.);
#3874 = EDGE_LOOP('',(#3875));
#3875 = ORIENTED_EDGE('',*,*,#3876,.T.);
#3876 = EDGE_CURVE('',#3877,#3877,#3879,.T.);
#3877 = VERTEX_POINT('',#3878);
#3878 = CARTESIAN_POINT('',(101.66,-24.158003,1.));
#3879 = CIRCLE('',#3880,0.5);
#3880 = AXIS2_PLACEMENT_3D('',#3881,#3882,#3883);
#3881 = CARTESIAN_POINT('',(101.66,-23.658003,1.));
#3882 = DIRECTION('',(-0.,0.,-1.));
#3883 = DIRECTION('',(-0.,-1.,0.));
#3884 = FACE_BOUND('',#3885,.T.);
#3885 = EDGE_LOOP('',(#3886));
#3886 = ORIENTED_EDGE('',*,*,#3887,.T.);
#3887 = EDGE_CURVE('',#3888,#3888,#3890,.T.);
#3888 = VERTEX_POINT('',#3889);
#3889 = CARTESIAN_POINT('',(101.66,-21.618003,1.));
#3890 = CIRCLE('',#3891,0.5);
#3891 = AXIS2_PLACEMENT_3D('',#3892,#3893,#3894);
#3892 = CARTESIAN_POINT('',(101.66,-21.118003,1.));
#3893 = DIRECTION('',(-0.,0.,-1.));
#3894 = DIRECTION('',(-0.,-1.,0.));
#3895 = FACE_BOUND('',#3896,.T.);
#3896 = EDGE_LOOP('',(#3897));
#3897 = ORIENTED_EDGE('',*,*,#3898,.T.);
#3898 = EDGE_CURVE('',#3899,#3899,#3901,.T.);
#3899 = VERTEX_POINT('',#3900);
#3900 = CARTESIAN_POINT('',(82.356,-18.978003,1.));
#3901 = CIRCLE('',#3902,0.4);
#3902 = AXIS2_PLACEMENT_3D('',#3903,#3904,#3905);
#3903 = CARTESIAN_POINT('',(82.356,-18.578003,1.));
#3904 = DIRECTION('',(-0.,0.,-1.));
#3905 = DIRECTION('',(-0.,-1.,0.));
#3906 = FACE_BOUND('',#3907,.T.);
#3907 = EDGE_LOOP('',(#3908));
#3908 = ORIENTED_EDGE('',*,*,#3909,.T.);
#3909 = EDGE_CURVE('',#3910,#3910,#3912,.T.);
#3910 = VERTEX_POINT('',#3911);
#3911 = CARTESIAN_POINT('',(87.436,-16.478003,1.));
#3912 = CIRCLE('',#3913,0.4);
#3913 = AXIS2_PLACEMENT_3D('',#3914,#3915,#3916);
#3914 = CARTESIAN_POINT('',(87.436,-16.078003,1.));
#3915 = DIRECTION('',(-0.,0.,-1.));
#3916 = DIRECTION('',(-0.,-1.,0.));
#3917 = FACE_BOUND('',#3918,.T.);
#3918 = EDGE_LOOP('',(#3919));
#3919 = ORIENTED_EDGE('',*,*,#3920,.T.);
#3920 = EDGE_CURVE('',#3921,#3921,#3923,.T.);
#3921 = VERTEX_POINT('',#3922);
#3922 = CARTESIAN_POINT('',(92.008,-18.978003,1.));
#3923 = CIRCLE('',#3924,0.4);
#3924 = AXIS2_PLACEMENT_3D('',#3925,#3926,#3927);
#3925 = CARTESIAN_POINT('',(92.008,-18.578003,1.));
#3926 = DIRECTION('',(-0.,0.,-1.));
#3927 = DIRECTION('',(-3.552713678801E-14,-1.,0.));
#3928 = FACE_BOUND('',#3929,.T.);
#3929 = EDGE_LOOP('',(#3930));
#3930 = ORIENTED_EDGE('',*,*,#3931,.T.);
#3931 = EDGE_CURVE('',#3932,#3932,#3934,.T.);
#3932 = VERTEX_POINT('',#3933);
#3933 = CARTESIAN_POINT('',(92.008,-16.438003,1.));
#3934 = CIRCLE('',#3935,0.4);
#3935 = AXIS2_PLACEMENT_3D('',#3936,#3937,#3938);
#3936 = CARTESIAN_POINT('',(92.008,-16.038003,1.));
#3937 = DIRECTION('',(-0.,0.,-1.));
#3938 = DIRECTION('',(-3.552713678801E-14,-1.,0.));
#3939 = FACE_BOUND('',#3940,.T.);
#3940 = EDGE_LOOP('',(#3941));
#3941 = ORIENTED_EDGE('',*,*,#3942,.T.);
#3942 = EDGE_CURVE('',#3943,#3943,#3945,.T.);
#3943 = VERTEX_POINT('',#3944);
#3944 = CARTESIAN_POINT('',(88.96,-13.390003,1.));
#3945 = CIRCLE('',#3946,0.4);
#3946 = AXIS2_PLACEMENT_3D('',#3947,#3948,#3949);
#3947 = CARTESIAN_POINT('',(88.96,-12.990003,1.));
#3948 = DIRECTION('',(-0.,0.,-1.));
#3949 = DIRECTION('',(-3.552713678801E-14,-1.,0.));
#3950 = FACE_BOUND('',#3951,.T.);
#3951 = EDGE_LOOP('',(#3952));
#3952 = ORIENTED_EDGE('',*,*,#3953,.T.);
#3953 = EDGE_CURVE('',#3954,#3954,#3956,.T.);
#3954 = VERTEX_POINT('',#3955);
#3955 = CARTESIAN_POINT('',(92.008,-13.898003,1.));
#3956 = CIRCLE('',#3957,0.4);
#3957 = AXIS2_PLACEMENT_3D('',#3958,#3959,#3960);
#3958 = CARTESIAN_POINT('',(92.008,-13.498003,1.));
#3959 = DIRECTION('',(-0.,0.,-1.));
#3960 = DIRECTION('',(-3.552713678801E-14,-1.,0.));
#3961 = FACE_BOUND('',#3962,.T.);
#3962 = EDGE_LOOP('',(#3963));
#3963 = ORIENTED_EDGE('',*,*,#3964,.T.);
#3964 = EDGE_CURVE('',#3965,#3965,#3967,.T.);
#3965 = VERTEX_POINT('',#3966);
#3966 = CARTESIAN_POINT('',(92.008,-11.358003,1.));
#3967 = CIRCLE('',#3968,0.4);
#3968 = AXIS2_PLACEMENT_3D('',#3969,#3970,#3971);
#3969 = CARTESIAN_POINT('',(92.008,-10.958003,1.));
#3970 = DIRECTION('',(-0.,0.,-1.));
#3971 = DIRECTION('',(-3.552713678801E-14,-1.,0.));
#3972 = FACE_BOUND('',#3973,.T.);
#3973 = EDGE_LOOP('',(#3974));
#3974 = ORIENTED_EDGE('',*,*,#3975,.T.);
#3975 = EDGE_CURVE('',#3976,#3976,#3978,.T.);
#3976 = VERTEX_POINT('',#3977);
#3977 = CARTESIAN_POINT('',(101.66,-19.078003,1.));
#3978 = CIRCLE('',#3979,0.5);
#3979 = AXIS2_PLACEMENT_3D('',#3980,#3981,#3982);
#3980 = CARTESIAN_POINT('',(101.66,-18.578003,1.));
#3981 = DIRECTION('',(-0.,0.,-1.));
#3982 = DIRECTION('',(-0.,-1.,0.));
#3983 = FACE_BOUND('',#3984,.T.);
#3984 = EDGE_LOOP('',(#3985));
#3985 = ORIENTED_EDGE('',*,*,#3986,.T.);
#3986 = EDGE_CURVE('',#3987,#3987,#3989,.T.);
#3987 = VERTEX_POINT('',#3988);
#3988 = CARTESIAN_POINT('',(107.248,-18.978003,1.));
#3989 = CIRCLE('',#3990,0.4);
#3990 = AXIS2_PLACEMENT_3D('',#3991,#3992,#3993);
#3991 = CARTESIAN_POINT('',(107.248,-18.578003,1.));
#3992 = DIRECTION('',(-0.,0.,-1.));
#3993 = DIRECTION('',(3.5527136788E-14,-1.,-0.));
#3994 = FACE_BOUND('',#3995,.T.);
#3995 = EDGE_LOOP('',(#3996));
#3996 = ORIENTED_EDGE('',*,*,#3997,.T.);
#3997 = EDGE_CURVE('',#3998,#3998,#4000,.T.);
#3998 = VERTEX_POINT('',#3999);
#3999 = CARTESIAN_POINT('',(101.66,-16.538003,1.));
#4000 = CIRCLE('',#4001,0.5);
#4001 = AXIS2_PLACEMENT_3D('',#4002,#4003,#4004);
#4002 = CARTESIAN_POINT('',(101.66,-16.038003,1.));
#4003 = DIRECTION('',(-0.,0.,-1.));
#4004 = DIRECTION('',(-0.,-1.,0.));
#4005 = FACE_BOUND('',#4006,.T.);
#4006 = EDGE_LOOP('',(#4007));
#4007 = ORIENTED_EDGE('',*,*,#4008,.T.);
#4008 = EDGE_CURVE('',#4009,#4009,#4011,.T.);
#4009 = VERTEX_POINT('',#4010);
#4010 = CARTESIAN_POINT('',(107.248,-16.438003,1.));
#4011 = CIRCLE('',#4012,0.4);
#4012 = AXIS2_PLACEMENT_3D('',#4013,#4014,#4015);
#4013 = CARTESIAN_POINT('',(107.248,-16.038003,1.));
#4014 = DIRECTION('',(-0.,0.,-1.));
#4015 = DIRECTION('',(3.5527136788E-14,-1.,-0.));
#4016 = FACE_BOUND('',#4017,.T.);
#4017 = EDGE_LOOP('',(#4018));
#4018 = ORIENTED_EDGE('',*,*,#4019,.T.);
#4019 = EDGE_CURVE('',#4020,#4020,#4022,.T.);
#4020 = VERTEX_POINT('',#4021);
#4021 = CARTESIAN_POINT('',(101.66,-13.998003,1.));
#4022 = CIRCLE('',#4023,0.5);
#4023 = AXIS2_PLACEMENT_3D('',#4024,#4025,#4026);
#4024 = CARTESIAN_POINT('',(101.66,-13.498003,1.));
#4025 = DIRECTION('',(-0.,0.,-1.));
#4026 = DIRECTION('',(-0.,-1.,0.));
#4027 = FACE_BOUND('',#4028,.T.);
#4028 = EDGE_LOOP('',(#4029));
#4029 = ORIENTED_EDGE('',*,*,#4030,.T.);
#4030 = EDGE_CURVE('',#4031,#4031,#4033,.T.);
#4031 = VERTEX_POINT('',#4032);
#4032 = CARTESIAN_POINT('',(107.248,-13.898003,1.));
#4033 = CIRCLE('',#4034,0.4);
#4034 = AXIS2_PLACEMENT_3D('',#4035,#4036,#4037);
#4035 = CARTESIAN_POINT('',(107.248,-13.498003,1.));
#4036 = DIRECTION('',(-0.,0.,-1.));
#4037 = DIRECTION('',(3.5527136788E-14,-1.,-0.));
#4038 = FACE_BOUND('',#4039,.T.);
#4039 = EDGE_LOOP('',(#4040));
#4040 = ORIENTED_EDGE('',*,*,#4041,.T.);
#4041 = EDGE_CURVE('',#4042,#4042,#4044,.T.);
#4042 = VERTEX_POINT('',#4043);
#4043 = CARTESIAN_POINT('',(101.66,-11.458003,1.));
#4044 = CIRCLE('',#4045,0.5);
#4045 = AXIS2_PLACEMENT_3D('',#4046,#4047,#4048);
#4046 = CARTESIAN_POINT('',(101.66,-10.958003,1.));
#4047 = DIRECTION('',(-0.,0.,-1.));
#4048 = DIRECTION('',(-0.,-1.,0.));
#4049 = FACE_BOUND('',#4050,.T.);
#4050 = EDGE_LOOP('',(#4051));
#4051 = ORIENTED_EDGE('',*,*,#4052,.T.);
#4052 = EDGE_CURVE('',#4053,#4053,#4055,.T.);
#4053 = VERTEX_POINT('',#4054);
#4054 = CARTESIAN_POINT('',(107.248,-11.358003,1.));
#4055 = CIRCLE('',#4056,0.4);
#4056 = AXIS2_PLACEMENT_3D('',#4057,#4058,#4059);
#4057 = CARTESIAN_POINT('',(107.248,-10.958003,1.));
#4058 = DIRECTION('',(-0.,0.,-1.));
#4059 = DIRECTION('',(3.5527136788E-14,-1.,-0.));
#4060 = FACE_BOUND('',#4061,.T.);
#4061 = EDGE_LOOP('',(#4062));
#4062 = ORIENTED_EDGE('',*,*,#4063,.T.);
#4063 = EDGE_CURVE('',#4064,#4064,#4066,.T.);
#4064 = VERTEX_POINT('',#4065);
#4065 = CARTESIAN_POINT('',(149.92,-32.624003,1.));
#4066 = CIRCLE('',#4067,1.6);
#4067 = AXIS2_PLACEMENT_3D('',#4068,#4069,#4070);
#4068 = CARTESIAN_POINT('',(149.92,-31.024003,1.));
#4069 = DIRECTION('',(-0.,0.,-1.));
#4070 = DIRECTION('',(-1.7763568394E-14,-1.,0.));
#4071 = FACE_BOUND('',#4072,.T.);
#4072 = EDGE_LOOP('',(#4073));
#4073 = ORIENTED_EDGE('',*,*,#4074,.T.);
#4074 = EDGE_CURVE('',#4075,#4075,#4077,.T.);
#4075 = VERTEX_POINT('',#4076);
#4076 = CARTESIAN_POINT('',(149.92,-17.554003,1.));
#4077 = CIRCLE('',#4078,0.5);
#4078 = AXIS2_PLACEMENT_3D('',#4079,#4080,#4081);
#4079 = CARTESIAN_POINT('',(149.92,-17.054003,1.));
#4080 = DIRECTION('',(-0.,0.,-1.));
#4081 = DIRECTION('',(-0.,-1.,0.));
#4082 = FACE_BOUND('',#4083,.T.);
#4083 = EDGE_LOOP('',(#4084));
#4084 = ORIENTED_EDGE('',*,*,#4085,.T.);
#4085 = EDGE_CURVE('',#4086,#4086,#4088,.T.);
#4086 = VERTEX_POINT('',#4087);
#4087 = CARTESIAN_POINT('',(149.92,-15.014003,1.));
#4088 = CIRCLE('',#4089,0.5);
#4089 = AXIS2_PLACEMENT_3D('',#4090,#4091,#4092);
#4090 = CARTESIAN_POINT('',(149.92,-14.514003,1.));
#4091 = DIRECTION('',(-0.,0.,-1.));
#4092 = DIRECTION('',(-0.,-1.,0.));
#4093 = FACE_BOUND('',#4094,.T.);
#4094 = EDGE_LOOP('',(#4095));
#4095 = ORIENTED_EDGE('',*,*,#4096,.T.);
#4096 = EDGE_CURVE('',#4097,#4097,#4099,.T.);
#4097 = VERTEX_POINT('',#4098);
#4098 = CARTESIAN_POINT('',(149.92,-12.474003,1.));
#4099 = CIRCLE('',#4100,0.5);
#4100 = AXIS2_PLACEMENT_3D('',#4101,#4102,#4103);
#4101 = CARTESIAN_POINT('',(149.92,-11.974003,1.));
#4102 = DIRECTION('',(-0.,0.,-1.));
#4103 = DIRECTION('',(-0.,-1.,0.));
#4104 = FACE_BOUND('',#4105,.T.);
#4105 = EDGE_LOOP('',(#4106));
#4106 = ORIENTED_EDGE('',*,*,#4107,.T.);
#4107 = EDGE_CURVE('',#4108,#4108,#4110,.T.);
#4108 = VERTEX_POINT('',#4109);
#4109 = CARTESIAN_POINT('',(149.92,-9.934003,1.));
#4110 = CIRCLE('',#4111,0.5);
#4111 = AXIS2_PLACEMENT_3D('',#4112,#4113,#4114);
#4112 = CARTESIAN_POINT('',(149.92,-9.434003,1.));
#4113 = DIRECTION('',(-0.,0.,-1.));
#4114 = DIRECTION('',(-0.,-1.,0.));
#4115 = FACE_BOUND('',#4116,.T.);
#4116 = EDGE_LOOP('',(#4117));
#4117 = ORIENTED_EDGE('',*,*,#4118,.T.);
#4118 = EDGE_CURVE('',#4119,#4119,#4121,.T.);
#4119 = VERTEX_POINT('',#4120);
#4120 = CARTESIAN_POINT('',(82.57,-8.818003,1.));
#4121 = CIRCLE('',#4122,0.4);
#4122 = AXIS2_PLACEMENT_3D('',#4123,#4124,#4125);
#4123 = CARTESIAN_POINT('',(82.57,-8.418003,1.));
#4124 = DIRECTION('',(-0.,0.,-1.));
#4125 = DIRECTION('',(-0.,-1.,0.));
#4126 = FACE_BOUND('',#4127,.T.);
#4127 = EDGE_LOOP('',(#4128));
#4128 = ORIENTED_EDGE('',*,*,#4129,.T.);
#4129 = EDGE_CURVE('',#4130,#4130,#4132,.T.);
#4130 = VERTEX_POINT('',#4131);
#4131 = CARTESIAN_POINT('',(82.336,-6.278003,1.));
#4132 = CIRCLE('',#4133,0.4);
#4133 = AXIS2_PLACEMENT_3D('',#4134,#4135,#4136);
#4134 = CARTESIAN_POINT('',(82.336,-5.878003,1.));
#4135 = DIRECTION('',(-0.,0.,-1.));
#4136 = DIRECTION('',(-3.552713678801E-14,-1.,0.));
#4137 = FACE_BOUND('',#4138,.T.);
#4138 = EDGE_LOOP('',(#4139));
#4139 = ORIENTED_EDGE('',*,*,#4140,.T.);
#4140 = EDGE_CURVE('',#4141,#4141,#4143,.T.);
#4141 = VERTEX_POINT('',#4142);
#4142 = CARTESIAN_POINT('',(82.356,-3.738003,1.));
#4143 = CIRCLE('',#4144,0.4);
#4144 = AXIS2_PLACEMENT_3D('',#4145,#4146,#4147);
#4145 = CARTESIAN_POINT('',(82.356,-3.338003,1.));
#4146 = DIRECTION('',(-0.,0.,-1.));
#4147 = DIRECTION('',(-0.,-1.,0.));
#4148 = FACE_BOUND('',#4149,.T.);
#4149 = EDGE_LOOP('',(#4150));
#4150 = ORIENTED_EDGE('',*,*,#4151,.T.);
#4151 = EDGE_CURVE('',#4152,#4152,#4154,.T.);
#4152 = VERTEX_POINT('',#4153);
#4153 = CARTESIAN_POINT('',(87.944,-5.730003,1.));
#4154 = CIRCLE('',#4155,0.4);
#4155 = AXIS2_PLACEMENT_3D('',#4156,#4157,#4158);
#4156 = CARTESIAN_POINT('',(87.944,-5.330003,1.));
#4157 = DIRECTION('',(-0.,0.,-1.));
#4158 = DIRECTION('',(3.5527136788E-14,-1.,-0.));
#4159 = FACE_BOUND('',#4160,.T.);
#4160 = EDGE_LOOP('',(#4161));
#4161 = ORIENTED_EDGE('',*,*,#4162,.T.);
#4162 = EDGE_CURVE('',#4163,#4163,#4165,.T.);
#4163 = VERTEX_POINT('',#4164);
#4164 = CARTESIAN_POINT('',(92.008,-8.818003,1.));
#4165 = CIRCLE('',#4166,0.4);
#4166 = AXIS2_PLACEMENT_3D('',#4167,#4168,#4169);
#4167 = CARTESIAN_POINT('',(92.008,-8.418003,1.));
#4168 = DIRECTION('',(-0.,0.,-1.));
#4169 = DIRECTION('',(-3.552713678801E-14,-1.,0.));
#4170 = FACE_BOUND('',#4171,.T.);
#4171 = EDGE_LOOP('',(#4172));
#4172 = ORIENTED_EDGE('',*,*,#4173,.T.);
#4173 = EDGE_CURVE('',#4174,#4174,#4176,.T.);
#4174 = VERTEX_POINT('',#4175);
#4175 = CARTESIAN_POINT('',(92.008,-6.278003,1.));
#4176 = CIRCLE('',#4177,0.4);
#4177 = AXIS2_PLACEMENT_3D('',#4178,#4179,#4180);
#4178 = CARTESIAN_POINT('',(92.008,-5.878003,1.));
#4179 = DIRECTION('',(-0.,0.,-1.));
#4180 = DIRECTION('',(-3.552713678801E-14,-1.,0.));
#4181 = FACE_BOUND('',#4182,.T.);
#4182 = EDGE_LOOP('',(#4183));
#4183 = ORIENTED_EDGE('',*,*,#4184,.T.);
#4184 = EDGE_CURVE('',#4185,#4185,#4187,.T.);
#4185 = VERTEX_POINT('',#4186);
#4186 = CARTESIAN_POINT('',(92.008,-3.738003,1.));
#4187 = CIRCLE('',#4188,0.4);
#4188 = AXIS2_PLACEMENT_3D('',#4189,#4190,#4191);
#4189 = CARTESIAN_POINT('',(92.008,-3.338003,1.));
#4190 = DIRECTION('',(-0.,0.,-1.));
#4191 = DIRECTION('',(-3.552713678801E-14,-1.,0.));
#4192 = FACE_BOUND('',#4193,.T.);
#4193 = EDGE_LOOP('',(#4194));
#4194 = ORIENTED_EDGE('',*,*,#4195,.T.);
#4195 = EDGE_CURVE('',#4196,#4196,#4198,.T.);
#4196 = VERTEX_POINT('',#4197);
#4197 = CARTESIAN_POINT('',(84.388,-0.690003,1.));
#4198 = CIRCLE('',#4199,0.4);
#4199 = AXIS2_PLACEMENT_3D('',#4200,#4201,#4202);
#4200 = CARTESIAN_POINT('',(84.388,-0.290003,1.));
#4201 = DIRECTION('',(-0.,0.,-1.));
#4202 = DIRECTION('',(-0.,-1.,0.));
#4203 = FACE_BOUND('',#4204,.T.);
#4204 = EDGE_LOOP('',(#4205));
#4205 = ORIENTED_EDGE('',*,*,#4206,.T.);
#4206 = EDGE_CURVE('',#4207,#4207,#4209,.T.);
#4207 = VERTEX_POINT('',#4208);
#4208 = CARTESIAN_POINT('',(87.944,-0.730003,1.));
#4209 = CIRCLE('',#4210,0.4);
#4210 = AXIS2_PLACEMENT_3D('',#4211,#4212,#4213);
#4211 = CARTESIAN_POINT('',(87.944,-0.330003,1.));
#4212 = DIRECTION('',(-0.,0.,-1.));
#4213 = DIRECTION('',(3.5527136788E-14,-1.,-0.));
#4214 = FACE_BOUND('',#4215,.T.);
#4215 = EDGE_LOOP('',(#4216));
#4216 = ORIENTED_EDGE('',*,*,#4217,.T.);
#4217 = EDGE_CURVE('',#4218,#4218,#4220,.T.);
#4218 = VERTEX_POINT('',#4219);
#4219 = CARTESIAN_POINT('',(92.008,-1.198003,1.));
#4220 = CIRCLE('',#4221,0.4);
#4221 = AXIS2_PLACEMENT_3D('',#4222,#4223,#4224);
#4222 = CARTESIAN_POINT('',(92.008,-0.798003,1.));
#4223 = DIRECTION('',(-0.,0.,-1.));
#4224 = DIRECTION('',(-3.552713678801E-14,-1.,0.));
#4225 = FACE_BOUND('',#4226,.T.);
#4226 = EDGE_LOOP('',(#4227));
#4227 = ORIENTED_EDGE('',*,*,#4228,.T.);
#4228 = EDGE_CURVE('',#4229,#4229,#4231,.T.);
#4229 = VERTEX_POINT('',#4230);
#4230 = CARTESIAN_POINT('',(101.66,-8.918003,1.));
#4231 = CIRCLE('',#4232,0.5);
#4232 = AXIS2_PLACEMENT_3D('',#4233,#4234,#4235);
#4233 = CARTESIAN_POINT('',(101.66,-8.418003,1.));
#4234 = DIRECTION('',(-0.,0.,-1.));
#4235 = DIRECTION('',(-0.,-1.,0.));
#4236 = FACE_BOUND('',#4237,.T.);
#4237 = EDGE_LOOP('',(#4238));
#4238 = ORIENTED_EDGE('',*,*,#4239,.T.);
#4239 = EDGE_CURVE('',#4240,#4240,#4242,.T.);
#4240 = VERTEX_POINT('',#4241);
#4241 = CARTESIAN_POINT('',(101.66,-6.378003,1.));
#4242 = CIRCLE('',#4243,0.5);
#4243 = AXIS2_PLACEMENT_3D('',#4244,#4245,#4246);
#4244 = CARTESIAN_POINT('',(101.66,-5.878003,1.));
#4245 = DIRECTION('',(-0.,0.,-1.));
#4246 = DIRECTION('',(-0.,-1.,0.));
#4247 = FACE_BOUND('',#4248,.T.);
#4248 = EDGE_LOOP('',(#4249));
#4249 = ORIENTED_EDGE('',*,*,#4250,.T.);
#4250 = EDGE_CURVE('',#4251,#4251,#4253,.T.);
#4251 = VERTEX_POINT('',#4252);
#4252 = CARTESIAN_POINT('',(107.248,-8.818003,1.));
#4253 = CIRCLE('',#4254,0.4);
#4254 = AXIS2_PLACEMENT_3D('',#4255,#4256,#4257);
#4255 = CARTESIAN_POINT('',(107.248,-8.418003,1.));
#4256 = DIRECTION('',(-0.,0.,-1.));
#4257 = DIRECTION('',(3.5527136788E-14,-1.,-0.));
#4258 = FACE_BOUND('',#4259,.T.);
#4259 = EDGE_LOOP('',(#4260));
#4260 = ORIENTED_EDGE('',*,*,#4261,.T.);
#4261 = EDGE_CURVE('',#4262,#4262,#4264,.T.);
#4262 = VERTEX_POINT('',#4263);
#4263 = CARTESIAN_POINT('',(107.248,-6.278003,1.));
#4264 = CIRCLE('',#4265,0.4);
#4265 = AXIS2_PLACEMENT_3D('',#4266,#4267,#4268);
#4266 = CARTESIAN_POINT('',(107.248,-5.878003,1.));
#4267 = DIRECTION('',(-0.,0.,-1.));
#4268 = DIRECTION('',(3.5527136788E-14,-1.,-0.));
#4269 = FACE_BOUND('',#4270,.T.);
#4270 = EDGE_LOOP('',(#4271));
#4271 = ORIENTED_EDGE('',*,*,#4272,.T.);
#4272 = EDGE_CURVE('',#4273,#4273,#4275,.T.);
#4273 = VERTEX_POINT('',#4274);
#4274 = CARTESIAN_POINT('',(101.66,-3.838003,1.));
#4275 = CIRCLE('',#4276,0.5);
#4276 = AXIS2_PLACEMENT_3D('',#4277,#4278,#4279);
#4277 = CARTESIAN_POINT('',(101.66,-3.338003,1.));
#4278 = DIRECTION('',(-0.,0.,-1.));
#4279 = DIRECTION('',(-0.,-1.,0.));
#4280 = FACE_BOUND('',#4281,.T.);
#4281 = EDGE_LOOP('',(#4282));
#4282 = ORIENTED_EDGE('',*,*,#4283,.T.);
#4283 = EDGE_CURVE('',#4284,#4284,#4286,.T.);
#4284 = VERTEX_POINT('',#4285);
#4285 = CARTESIAN_POINT('',(107.248,-3.738003,1.));
#4286 = CIRCLE('',#4287,0.4);
#4287 = AXIS2_PLACEMENT_3D('',#4288,#4289,#4290);
#4288 = CARTESIAN_POINT('',(107.248,-3.338003,1.));
#4289 = DIRECTION('',(-0.,0.,-1.));
#4290 = DIRECTION('',(3.5527136788E-14,-1.,-0.));
#4291 = FACE_BOUND('',#4292,.T.);
#4292 = EDGE_LOOP('',(#4293));
#4293 = ORIENTED_EDGE('',*,*,#4294,.T.);
#4294 = EDGE_CURVE('',#4295,#4295,#4297,.T.);
#4295 = VERTEX_POINT('',#4296);
#4296 = CARTESIAN_POINT('',(110.55,-6.238003,1.));
#4297 = CIRCLE('',#4298,0.4);
#4298 = AXIS2_PLACEMENT_3D('',#4299,#4300,#4301);
#4299 = CARTESIAN_POINT('',(110.55,-5.838003,1.));
#4300 = DIRECTION('',(-0.,0.,-1.));
#4301 = DIRECTION('',(-3.552713678801E-14,-1.,0.));
#4302 = FACE_BOUND('',#4303,.T.);
#4303 = EDGE_LOOP('',(#4304));
#4304 = ORIENTED_EDGE('',*,*,#4305,.T.);
#4305 = EDGE_CURVE('',#4306,#4306,#4308,.T.);
#4306 = VERTEX_POINT('',#4307);
#4307 = CARTESIAN_POINT('',(107.248,-1.198003,1.));
#4308 = CIRCLE('',#4309,0.4);
#4309 = AXIS2_PLACEMENT_3D('',#4310,#4311,#4312);
#4310 = CARTESIAN_POINT('',(107.248,-0.798003,1.));
#4311 = DIRECTION('',(-0.,0.,-1.));
#4312 = DIRECTION('',(3.5527136788E-14,-1.,-0.));
#4313 = FACE_BOUND('',#4314,.T.);
#4314 = EDGE_LOOP('',(#4315));
#4315 = ORIENTED_EDGE('',*,*,#4316,.T.);
#4316 = EDGE_CURVE('',#4317,#4317,#4319,.T.);
#4317 = VERTEX_POINT('',#4318);
#4318 = CARTESIAN_POINT('',(101.66,0.225997,1.));
#4319 = CIRCLE('',#4320,0.5);
#4320 = AXIS2_PLACEMENT_3D('',#4321,#4322,#4323);
#4321 = CARTESIAN_POINT('',(101.66,0.725997,1.));
#4322 = DIRECTION('',(-0.,0.,-1.));
#4323 = DIRECTION('',(-0.,-1.,0.));
#4324 = FACE_BOUND('',#4325,.T.);
#4325 = EDGE_LOOP('',(#4326));
#4326 = ORIENTED_EDGE('',*,*,#4327,.T.);
#4327 = EDGE_CURVE('',#4328,#4328,#4330,.T.);
#4328 = VERTEX_POINT('',#4329);
#4329 = CARTESIAN_POINT('',(110.55,-1.238003,1.));
#4330 = CIRCLE('',#4331,0.4);
#4331 = AXIS2_PLACEMENT_3D('',#4332,#4333,#4334);
#4332 = CARTESIAN_POINT('',(110.55,-0.838003,1.));
#4333 = DIRECTION('',(-0.,0.,-1.));
#4334 = DIRECTION('',(-3.552713678801E-14,-1.,0.));
#4335 = FACE_BOUND('',#4336,.T.);
#4336 = EDGE_LOOP('',(#4337));
#4337 = ORIENTED_EDGE('',*,*,#4338,.T.);
#4338 = EDGE_CURVE('',#4339,#4339,#4341,.T.);
#4339 = VERTEX_POINT('',#4340);
#4340 = CARTESIAN_POINT('',(111.566,2.357997,1.));
#4341 = CIRCLE('',#4342,0.4);
#4342 = AXIS2_PLACEMENT_3D('',#4343,#4344,#4345);
#4343 = CARTESIAN_POINT('',(111.566,2.757997,1.));
#4344 = DIRECTION('',(-0.,0.,-1.));
#4345 = DIRECTION('',(-0.,-1.,0.));
#4346 = FACE_BOUND('',#4347,.T.);
#4347 = EDGE_LOOP('',(#4348));
#4348 = ORIENTED_EDGE('',*,*,#4349,.T.);
#4349 = EDGE_CURVE('',#4350,#4350,#4352,.T.);
#4350 = VERTEX_POINT('',#4351);
#4351 = CARTESIAN_POINT('',(115.376,0.325997,1.));
#4352 = CIRCLE('',#4353,0.4);
#4353 = AXIS2_PLACEMENT_3D('',#4354,#4355,#4356);
#4354 = CARTESIAN_POINT('',(115.376,0.725997,1.));
#4355 = DIRECTION('',(-0.,0.,-1.));
#4356 = DIRECTION('',(-0.,-1.,0.));
#4357 = FACE_BOUND('',#4358,.T.);
#4358 = EDGE_LOOP('',(#4359));
#4359 = ORIENTED_EDGE('',*,*,#4360,.T.);
#4360 = EDGE_CURVE('',#4361,#4361,#4363,.T.);
#4361 = VERTEX_POINT('',#4362);
#4362 = CARTESIAN_POINT('',(93.786,6.983997,1.));
#4363 = CIRCLE('',#4364,0.6);
#4364 = AXIS2_PLACEMENT_3D('',#4365,#4366,#4367);
#4365 = CARTESIAN_POINT('',(93.786,7.583997,1.));
#4366 = DIRECTION('',(-0.,0.,-1.));
#4367 = DIRECTION('',(-0.,-1.,0.));
#4368 = FACE_BOUND('',#4369,.T.);
#4369 = EDGE_LOOP('',(#4370));
#4370 = ORIENTED_EDGE('',*,*,#4371,.T.);
#4371 = EDGE_CURVE('',#4372,#4372,#4374,.T.);
#4372 = VERTEX_POINT('',#4373);
#4373 = CARTESIAN_POINT('',(101.66,2.765997,1.));
#4374 = CIRCLE('',#4375,0.5);
#4375 = AXIS2_PLACEMENT_3D('',#4376,#4377,#4378);
#4376 = CARTESIAN_POINT('',(101.66,3.265997,1.));
#4377 = DIRECTION('',(-0.,0.,-1.));
#4378 = DIRECTION('',(-0.,-1.,0.));
#4379 = FACE_BOUND('',#4380,.T.);
#4380 = EDGE_LOOP('',(#4381));
#4381 = ORIENTED_EDGE('',*,*,#4382,.T.);
#4382 = EDGE_CURVE('',#4383,#4383,#4385,.T.);
#4383 = VERTEX_POINT('',#4384);
#4384 = CARTESIAN_POINT('',(101.66,5.305997,1.));
#4385 = CIRCLE('',#4386,0.5);
#4386 = AXIS2_PLACEMENT_3D('',#4387,#4388,#4389);
#4387 = CARTESIAN_POINT('',(101.66,5.805997,1.));
#4388 = DIRECTION('',(-0.,0.,-1.));
#4389 = DIRECTION('',(-0.,-1.,0.));
#4390 = FACE_BOUND('',#4391,.T.);
#4391 = EDGE_LOOP('',(#4392));
#4392 = ORIENTED_EDGE('',*,*,#4393,.T.);
#4393 = EDGE_CURVE('',#4394,#4394,#4396,.T.);
#4394 = VERTEX_POINT('',#4395);
#4395 = CARTESIAN_POINT('',(105.47,4.389997,1.));
#4396 = CIRCLE('',#4397,0.4);
#4397 = AXIS2_PLACEMENT_3D('',#4398,#4399,#4400);
#4398 = CARTESIAN_POINT('',(105.47,4.789997,1.));
#4399 = DIRECTION('',(-0.,0.,-1.));
#4400 = DIRECTION('',(-0.,-1.,0.));
#4401 = FACE_BOUND('',#4402,.T.);
#4402 = EDGE_LOOP('',(#4403));
#4403 = ORIENTED_EDGE('',*,*,#4404,.T.);
#4404 = EDGE_CURVE('',#4405,#4405,#4407,.T.);
#4405 = VERTEX_POINT('',#4406);
#4406 = CARTESIAN_POINT('',(101.66,7.845997,1.));
#4407 = CIRCLE('',#4408,0.5);
#4408 = AXIS2_PLACEMENT_3D('',#4409,#4410,#4411);
#4409 = CARTESIAN_POINT('',(101.66,8.345997,1.));
#4410 = DIRECTION('',(-0.,0.,-1.));
#4411 = DIRECTION('',(-0.,-1.,0.));
#4412 = FACE_BOUND('',#4413,.T.);
#4413 = EDGE_LOOP('',(#4414));
#4414 = ORIENTED_EDGE('',*,*,#4415,.T.);
#4415 = EDGE_CURVE('',#4416,#4416,#4418,.T.);
#4416 = VERTEX_POINT('',#4417);
#4417 = CARTESIAN_POINT('',(101.66,10.385997,1.));
#4418 = CIRCLE('',#4419,0.5);
#4419 = AXIS2_PLACEMENT_3D('',#4420,#4421,#4422);
#4420 = CARTESIAN_POINT('',(101.66,10.885997,1.));
#4421 = DIRECTION('',(-0.,0.,-1.));
#4422 = DIRECTION('',(-0.,-1.,0.));
#4423 = FACE_BOUND('',#4424,.T.);
#4424 = EDGE_LOOP('',(#4425));
#4425 = ORIENTED_EDGE('',*,*,#4426,.T.);
#4426 = EDGE_CURVE('',#4427,#4427,#4429,.T.);
#4427 = VERTEX_POINT('',#4428);
#4428 = CARTESIAN_POINT('',(101.66,12.925997,1.));
#4429 = CIRCLE('',#4430,0.5);
#4430 = AXIS2_PLACEMENT_3D('',#4431,#4432,#4433);
#4431 = CARTESIAN_POINT('',(101.66,13.425997,1.));
#4432 = DIRECTION('',(-0.,0.,-1.));
#4433 = DIRECTION('',(-0.,-1.,0.));
#4434 = FACE_BOUND('',#4435,.T.);
#4435 = EDGE_LOOP('',(#4436));
#4436 = ORIENTED_EDGE('',*,*,#4437,.T.);
#4437 = EDGE_CURVE('',#4438,#4438,#4440,.T.);
#4438 = VERTEX_POINT('',#4439);
#4439 = CARTESIAN_POINT('',(105.47,14.549997,1.));
#4440 = CIRCLE('',#4441,0.4);
#4441 = AXIS2_PLACEMENT_3D('',#4442,#4443,#4444);
#4442 = CARTESIAN_POINT('',(105.47,14.949997,1.));
#4443 = DIRECTION('',(-0.,0.,-1.));
#4444 = DIRECTION('',(-0.,-1.,0.));
#4445 = FACE_BOUND('',#4446,.T.);
#4446 = EDGE_LOOP('',(#4447));
#4447 = ORIENTED_EDGE('',*,*,#4448,.T.);
#4448 = EDGE_CURVE('',#4449,#4449,#4451,.T.);
#4449 = VERTEX_POINT('',#4450);
#4450 = CARTESIAN_POINT('',(115.376,10.485997,1.));
#4451 = CIRCLE('',#4452,0.4);
#4452 = AXIS2_PLACEMENT_3D('',#4453,#4454,#4455);
#4453 = CARTESIAN_POINT('',(115.376,10.885997,1.));
#4454 = DIRECTION('',(-0.,0.,-1.));
#4455 = DIRECTION('',(-0.,-1.,0.));
#4456 = FACE_BOUND('',#4457,.T.);
#4457 = EDGE_LOOP('',(#4458));
#4458 = ORIENTED_EDGE('',*,*,#4459,.T.);
#4459 = EDGE_CURVE('',#4460,#4460,#4462,.T.);
#4460 = VERTEX_POINT('',#4461);
#4461 = CARTESIAN_POINT('',(111.566,12.517997,1.));
#4462 = CIRCLE('',#4463,0.4);
#4463 = AXIS2_PLACEMENT_3D('',#4464,#4465,#4466);
#4464 = CARTESIAN_POINT('',(111.566,12.917997,1.));
#4465 = DIRECTION('',(-0.,0.,-1.));
#4466 = DIRECTION('',(-0.,-1.,0.));
#4467 = FACE_BOUND('',#4468,.T.);
#4468 = EDGE_LOOP('',(#4469));
#4469 = ORIENTED_EDGE('',*,*,#4470,.T.);
#4470 = EDGE_CURVE('',#4471,#4471,#4473,.T.);
#4471 = VERTEX_POINT('',#4472);
#4472 = CARTESIAN_POINT('',(149.92,-7.394003,1.));
#4473 = CIRCLE('',#4474,0.5);
#4474 = AXIS2_PLACEMENT_3D('',#4475,#4476,#4477);
#4475 = CARTESIAN_POINT('',(149.92,-6.894003,1.));
#4476 = DIRECTION('',(-0.,0.,-1.));
#4477 = DIRECTION('',(-0.,-1.,0.));
#4478 = FACE_BOUND('',#4479,.T.);
#4479 = EDGE_LOOP('',(#4480));
#4480 = ORIENTED_EDGE('',*,*,#4481,.T.);
#4481 = EDGE_CURVE('',#4482,#4482,#4484,.T.);
#4482 = VERTEX_POINT('',#4483);
#4483 = CARTESIAN_POINT('',(149.92,-4.854003,1.));
#4484 = CIRCLE('',#4485,0.5);
#4485 = AXIS2_PLACEMENT_3D('',#4486,#4487,#4488);
#4486 = CARTESIAN_POINT('',(149.92,-4.354003,1.));
#4487 = DIRECTION('',(-0.,0.,-1.));
#4488 = DIRECTION('',(-0.,-1.,0.));
#4489 = FACE_BOUND('',#4490,.T.);
#4490 = EDGE_LOOP('',(#4491));
#4491 = ORIENTED_EDGE('',*,*,#4492,.T.);
#4492 = EDGE_CURVE('',#4493,#4493,#4495,.T.);
#4493 = VERTEX_POINT('',#4494);
#4494 = CARTESIAN_POINT('',(149.92,-2.314003,1.));
#4495 = CIRCLE('',#4496,0.5);
#4496 = AXIS2_PLACEMENT_3D('',#4497,#4498,#4499);
#4497 = CARTESIAN_POINT('',(149.92,-1.814003,1.));
#4498 = DIRECTION('',(-0.,0.,-1.));
#4499 = DIRECTION('',(-0.,-1.,0.));
#4500 = FACE_BOUND('',#4501,.T.);
#4501 = EDGE_LOOP('',(#4502));
#4502 = ORIENTED_EDGE('',*,*,#4503,.T.);
#4503 = EDGE_CURVE('',#4504,#4504,#4506,.T.);
#4504 = VERTEX_POINT('',#4505);
#4505 = CARTESIAN_POINT('',(149.92,0.225997,1.));
#4506 = CIRCLE('',#4507,0.5);
#4507 = AXIS2_PLACEMENT_3D('',#4508,#4509,#4510);
#4508 = CARTESIAN_POINT('',(149.92,0.725997,1.));
#4509 = DIRECTION('',(-0.,0.,-1.));
#4510 = DIRECTION('',(-0.,-1.,0.));
#4511 = FACE_BOUND('',#4512,.T.);
#4512 = EDGE_LOOP('',(#4513));
#4513 = ORIENTED_EDGE('',*,*,#4514,.T.);
#4514 = EDGE_CURVE('',#4515,#4515,#4517,.T.);
#4515 = VERTEX_POINT('',#4516);
#4516 = CARTESIAN_POINT('',(120.456,3.881997,1.));
#4517 = CIRCLE('',#4518,0.4);
#4518 = AXIS2_PLACEMENT_3D('',#4519,#4520,#4521);
#4519 = CARTESIAN_POINT('',(120.456,4.281997,1.));
#4520 = DIRECTION('',(-0.,0.,-1.));
#4521 = DIRECTION('',(3.5527136788E-14,-1.,-0.));
#4522 = FACE_BOUND('',#4523,.T.);
#4523 = EDGE_LOOP('',(#4524));
#4524 = ORIENTED_EDGE('',*,*,#4525,.T.);
#4525 = EDGE_CURVE('',#4526,#4526,#4528,.T.);
#4526 = VERTEX_POINT('',#4527);
#4527 = CARTESIAN_POINT('',(120.456,14.041997,1.));
#4528 = CIRCLE('',#4529,0.4);
#4529 = AXIS2_PLACEMENT_3D('',#4530,#4531,#4532);
#4530 = CARTESIAN_POINT('',(120.456,14.441997,1.));
#4531 = DIRECTION('',(-0.,0.,-1.));
#4532 = DIRECTION('',(3.5527136788E-14,-1.,-0.));
#4533 = FACE_BOUND('',#4534,.T.);
#4534 = EDGE_LOOP('',(#4535));
#4535 = ORIENTED_EDGE('',*,*,#4536,.T.);
#4536 = EDGE_CURVE('',#4537,#4537,#4539,.T.);
#4537 = VERTEX_POINT('',#4538);
#4538 = CARTESIAN_POINT('',(136.204,7.945997,1.));
#4539 = CIRCLE('',#4540,0.4);
#4540 = AXIS2_PLACEMENT_3D('',#4541,#4542,#4543);
#4541 = CARTESIAN_POINT('',(136.204,8.345997,1.));
#4542 = DIRECTION('',(-0.,0.,-1.));
#4543 = DIRECTION('',(-0.,-1.,0.));
#4544 = FACE_BOUND('',#4545,.T.);
#4545 = EDGE_LOOP('',(#4546));
#4546 = ORIENTED_EDGE('',*,*,#4547,.T.);
#4547 = EDGE_CURVE('',#4548,#4548,#4550,.T.);
#4548 = VERTEX_POINT('',#4549);
#4549 = CARTESIAN_POINT('',(149.92,5.305997,1.));
#4550 = CIRCLE('',#4551,0.5);
#4551 = AXIS2_PLACEMENT_3D('',#4552,#4553,#4554);
#4552 = CARTESIAN_POINT('',(149.92,5.805997,1.));
#4553 = DIRECTION('',(-0.,0.,-1.));
#4554 = DIRECTION('',(-0.,-1.,0.));
#4555 = FACE_BOUND('',#4556,.T.);
#4556 = EDGE_LOOP('',(#4557));
#4557 = ORIENTED_EDGE('',*,*,#4558,.T.);
#4558 = EDGE_CURVE('',#4559,#4559,#4561,.T.);
#4559 = VERTEX_POINT('',#4560);
#4560 = CARTESIAN_POINT('',(146.364,7.945997,1.));
#4561 = CIRCLE('',#4562,0.4);
#4562 = AXIS2_PLACEMENT_3D('',#4563,#4564,#4565);
#4563 = CARTESIAN_POINT('',(146.364,8.345997,1.));
#4564 = DIRECTION('',(-0.,0.,-1.));
#4565 = DIRECTION('',(-0.,-1.,0.));
#4566 = FACE_BOUND('',#4567,.T.);
#4567 = EDGE_LOOP('',(#4568));
#4568 = ORIENTED_EDGE('',*,*,#4569,.T.);
#4569 = EDGE_CURVE('',#4570,#4570,#4572,.T.);
#4570 = VERTEX_POINT('',#4571);
#4571 = CARTESIAN_POINT('',(149.92,7.845997,1.));
#4572 = CIRCLE('',#4573,0.5);
#4573 = AXIS2_PLACEMENT_3D('',#4574,#4575,#4576);
#4574 = CARTESIAN_POINT('',(149.92,8.345997,1.));
#4575 = DIRECTION('',(-0.,0.,-1.));
#4576 = DIRECTION('',(-0.,-1.,0.));
#4577 = FACE_BOUND('',#4578,.T.);
#4578 = EDGE_LOOP('',(#4579));
#4579 = ORIENTED_EDGE('',*,*,#4580,.T.);
#4580 = EDGE_CURVE('',#4581,#4581,#4583,.T.);
#4581 = VERTEX_POINT('',#4582);
#4582 = CARTESIAN_POINT('',(134.934,12.796997,1.));
#4583 = CIRCLE('',#4584,0.375);
#4584 = AXIS2_PLACEMENT_3D('',#4585,#4586,#4587);
#4585 = CARTESIAN_POINT('',(134.934,13.171997,1.));
#4586 = DIRECTION('',(-0.,0.,-1.));
#4587 = DIRECTION('',(-0.,-1.,0.));
#4588 = FACE_BOUND('',#4589,.T.);
#4589 = EDGE_LOOP('',(#4590));
#4590 = ORIENTED_EDGE('',*,*,#4591,.T.);
#4591 = EDGE_CURVE('',#4592,#4592,#4594,.T.);
#4592 = VERTEX_POINT('',#4593);
#4593 = CARTESIAN_POINT('',(136.204,12.796997,1.));
#4594 = CIRCLE('',#4595,0.375);
#4595 = AXIS2_PLACEMENT_3D('',#4596,#4597,#4598);
#4596 = CARTESIAN_POINT('',(136.204,13.171997,1.));
#4597 = DIRECTION('',(-0.,0.,-1.));
#4598 = DIRECTION('',(-0.,-1.,0.));
#4599 = FACE_BOUND('',#4600,.T.);
#4600 = EDGE_LOOP('',(#4601));
#4601 = ORIENTED_EDGE('',*,*,#4602,.T.);
#4602 = EDGE_CURVE('',#4603,#4603,#4605,.T.);
#4603 = VERTEX_POINT('',#4604);
#4604 = CARTESIAN_POINT('',(137.474,12.796997,1.));
#4605 = CIRCLE('',#4606,0.375);
#4606 = AXIS2_PLACEMENT_3D('',#4607,#4608,#4609);
#4607 = CARTESIAN_POINT('',(137.474,13.171997,1.));
#4608 = DIRECTION('',(-0.,0.,-1.));
#4609 = DIRECTION('',(-0.,-1.,0.));
#4610 = FACE_BOUND('',#4611,.T.);
#4611 = EDGE_LOOP('',(#4612));
#4612 = ORIENTED_EDGE('',*,*,#4613,.T.);
#4613 = EDGE_CURVE('',#4614,#4614,#4616,.T.);
#4614 = VERTEX_POINT('',#4615);
#4615 = CARTESIAN_POINT('',(149.92,10.385997,1.));
#4616 = CIRCLE('',#4617,0.5);
#4617 = AXIS2_PLACEMENT_3D('',#4618,#4619,#4620);
#4618 = CARTESIAN_POINT('',(149.92,10.885997,1.));
#4619 = DIRECTION('',(-0.,0.,-1.));
#4620 = DIRECTION('',(-0.,-1.,0.));
#4621 = FACE_BOUND('',#4622,.T.);
#4622 = EDGE_LOOP('',(#4623));
#4623 = ORIENTED_EDGE('',*,*,#4624,.T.);
#4624 = EDGE_CURVE('',#4625,#4625,#4627,.T.);
#4625 = VERTEX_POINT('',#4626);
#4626 = CARTESIAN_POINT('',(149.92,12.925997,1.));
#4627 = CIRCLE('',#4628,0.5);
#4628 = AXIS2_PLACEMENT_3D('',#4629,#4630,#4631);
#4629 = CARTESIAN_POINT('',(149.92,13.425997,1.));
#4630 = DIRECTION('',(-0.,0.,-1.));
#4631 = DIRECTION('',(-0.,-1.,0.));
#4632 = FACE_BOUND('',#4633,.T.);
#4633 = EDGE_LOOP('',(#4634));
#4634 = ORIENTED_EDGE('',*,*,#4635,.T.);
#4635 = EDGE_CURVE('',#4636,#4636,#4638,.T.);
#4636 = VERTEX_POINT('',#4637);
#4637 = CARTESIAN_POINT('',(12.41,23.817997,1.));
#4638 = CIRCLE('',#4639,1.8);
#4639 = AXIS2_PLACEMENT_3D('',#4640,#4641,#4642);
#4640 = CARTESIAN_POINT('',(12.41,25.617997,1.));
#4641 = DIRECTION('',(-0.,0.,-1.));
#4642 = DIRECTION('',(-0.,-1.,0.));
#4643 = FACE_BOUND('',#4644,.T.);
#4644 = EDGE_LOOP('',(#4645));
#4645 = ORIENTED_EDGE('',*,*,#4646,.T.);
#4646 = EDGE_CURVE('',#4647,#4647,#4649,.T.);
#4647 = VERTEX_POINT('',#4648);
#4648 = CARTESIAN_POINT('',(31.81,15.311997,1.));
#4649 = CIRCLE('',#4650,0.4);
#4650 = AXIS2_PLACEMENT_3D('',#4651,#4652,#4653);
#4651 = CARTESIAN_POINT('',(31.81,15.711997,1.));
#4652 = DIRECTION('',(-0.,0.,-1.));
#4653 = DIRECTION('',(-8.881784197001E-15,-1.,0.));
#4654 = FACE_BOUND('',#4655,.T.);
#4655 = EDGE_LOOP('',(#4656));
#4656 = ORIENTED_EDGE('',*,*,#4657,.T.);
#4657 = EDGE_CURVE('',#4658,#4658,#4660,.T.);
#4658 = VERTEX_POINT('',#4659);
#4659 = CARTESIAN_POINT('',(32.27,19.417997,1.));
#4660 = CIRCLE('',#4661,0.75);
#4661 = AXIS2_PLACEMENT_3D('',#4662,#4663,#4664);
#4662 = CARTESIAN_POINT('',(32.27,20.167997,1.));
#4663 = DIRECTION('',(-0.,0.,-1.));
#4664 = DIRECTION('',(-0.,-1.,0.));
#4665 = FACE_BOUND('',#4666,.T.);
#4666 = EDGE_LOOP('',(#4667));
#4667 = ORIENTED_EDGE('',*,*,#4668,.T.);
#4668 = EDGE_CURVE('',#4669,#4669,#4671,.T.);
#4669 = VERTEX_POINT('',#4670);
#4670 = CARTESIAN_POINT('',(32.27,24.867997,1.));
#4671 = CIRCLE('',#4672,0.75);
#4672 = AXIS2_PLACEMENT_3D('',#4673,#4674,#4675);
#4673 = CARTESIAN_POINT('',(32.27,25.617997,1.));
#4674 = DIRECTION('',(-0.,0.,-1.));
#4675 = DIRECTION('',(-0.,-1.,0.));
#4676 = FACE_BOUND('',#4677,.T.);
#4677 = EDGE_LOOP('',(#4678));
#4678 = ORIENTED_EDGE('',*,*,#4679,.T.);
#4679 = EDGE_CURVE('',#4680,#4680,#4682,.T.);
#4680 = VERTEX_POINT('',#4681);
#4681 = CARTESIAN_POINT('',(32.27,30.317997,1.));
#4682 = CIRCLE('',#4683,0.75);
#4683 = AXIS2_PLACEMENT_3D('',#4684,#4685,#4686);
#4684 = CARTESIAN_POINT('',(32.27,31.067997,1.));
#4685 = DIRECTION('',(-0.,0.,-1.));
#4686 = DIRECTION('',(-0.,-1.,0.));
#4687 = FACE_BOUND('',#4688,.T.);
#4688 = EDGE_LOOP('',(#4689));
#4689 = ORIENTED_EDGE('',*,*,#4690,.T.);
#4690 = EDGE_CURVE('',#4691,#4691,#4693,.T.);
#4691 = VERTEX_POINT('',#4692);
#4692 = CARTESIAN_POINT('',(37.906,31.875997,1.));
#4693 = CIRCLE('',#4694,0.6);
#4694 = AXIS2_PLACEMENT_3D('',#4695,#4696,#4697);
#4695 = CARTESIAN_POINT('',(37.906,32.475997,1.));
#4696 = DIRECTION('',(-0.,0.,-1.));
#4697 = DIRECTION('',(-0.,-1.,0.));
#4698 = FACE_BOUND('',#4699,.T.);
#4699 = EDGE_LOOP('',(#4700));
#4700 = ORIENTED_EDGE('',*,*,#4701,.T.);
#4701 = EDGE_CURVE('',#4702,#4702,#4704,.T.);
#4702 = VERTEX_POINT('',#4703);
#4703 = CARTESIAN_POINT('',(32.27,38.213997,1.));
#4704 = CIRCLE('',#4705,0.75);
#4705 = AXIS2_PLACEMENT_3D('',#4706,#4707,#4708);
#4706 = CARTESIAN_POINT('',(32.27,38.963997,1.));
#4707 = DIRECTION('',(-0.,0.,-1.));
#4708 = DIRECTION('',(-0.,-1.,0.));
#4709 = FACE_BOUND('',#4710,.T.);
#4710 = EDGE_LOOP('',(#4711));
#4711 = ORIENTED_EDGE('',*,*,#4712,.T.);
#4712 = EDGE_CURVE('',#4713,#4713,#4715,.T.);
#4713 = VERTEX_POINT('',#4714);
#4714 = CARTESIAN_POINT('',(47.05,15.311997,1.));
#4715 = CIRCLE('',#4716,0.4);
#4716 = AXIS2_PLACEMENT_3D('',#4717,#4718,#4719);
#4717 = CARTESIAN_POINT('',(47.05,15.711997,1.));
#4718 = DIRECTION('',(-0.,0.,-1.));
#4719 = DIRECTION('',(-0.,-1.,0.));
#4720 = FACE_BOUND('',#4721,.T.);
#4721 = EDGE_LOOP('',(#4722));
#4722 = ORIENTED_EDGE('',*,*,#4723,.T.);
#4723 = EDGE_CURVE('',#4724,#4724,#4726,.T.);
#4724 = VERTEX_POINT('',#4725);
#4725 = CARTESIAN_POINT('',(47.05,18.867997,1.));
#4726 = CIRCLE('',#4727,0.4);
#4727 = AXIS2_PLACEMENT_3D('',#4728,#4729,#4730);
#4728 = CARTESIAN_POINT('',(47.05,19.267997,1.));
#4729 = DIRECTION('',(-0.,0.,-1.));
#4730 = DIRECTION('',(-0.,-1.,0.));
#4731 = FACE_BOUND('',#4732,.T.);
#4732 = EDGE_LOOP('',(#4733));
#4733 = ORIENTED_EDGE('',*,*,#4734,.T.);
#4734 = EDGE_CURVE('',#4735,#4735,#4737,.T.);
#4735 = VERTEX_POINT('',#4736);
#4736 = CARTESIAN_POINT('',(60.258,15.819997,1.));
#4737 = CIRCLE('',#4738,0.4);
#4738 = AXIS2_PLACEMENT_3D('',#4739,#4740,#4741);
#4739 = CARTESIAN_POINT('',(60.258,16.219997,1.));
#4740 = DIRECTION('',(-0.,0.,-1.));
#4741 = DIRECTION('',(1.7763568394E-14,-1.,-0.));
#4742 = FACE_BOUND('',#4743,.T.);
#4743 = EDGE_LOOP('',(#4744));
#4744 = ORIENTED_EDGE('',*,*,#4745,.T.);
#4745 = EDGE_CURVE('',#4746,#4746,#4748,.T.);
#4746 = VERTEX_POINT('',#4747);
#4747 = CARTESIAN_POINT('',(57.21,18.867997,1.));
#4748 = CIRCLE('',#4749,0.4);
#4749 = AXIS2_PLACEMENT_3D('',#4750,#4751,#4752);
#4750 = CARTESIAN_POINT('',(57.21,19.267997,1.));
#4751 = DIRECTION('',(-0.,0.,-1.));
#4752 = DIRECTION('',(-0.,-1.,0.));
#4753 = FACE_BOUND('',#4754,.T.);
#4754 = EDGE_LOOP('',(#4755));
#4755 = ORIENTED_EDGE('',*,*,#4756,.T.);
#4756 = EDGE_CURVE('',#4757,#4757,#4759,.T.);
#4757 = VERTEX_POINT('',#4758);
#4758 = CARTESIAN_POINT('',(47.05,23.693997,1.));
#4759 = CIRCLE('',#4760,0.4);
#4760 = AXIS2_PLACEMENT_3D('',#4761,#4762,#4763);
#4761 = CARTESIAN_POINT('',(47.05,24.093997,1.));
#4762 = DIRECTION('',(-0.,0.,-1.));
#4763 = DIRECTION('',(-0.,-1.,0.));
#4764 = FACE_BOUND('',#4765,.T.);
#4765 = EDGE_LOOP('',(#4766));
#4766 = ORIENTED_EDGE('',*,*,#4767,.T.);
#4767 = EDGE_CURVE('',#4768,#4768,#4770,.T.);
#4768 = VERTEX_POINT('',#4769);
#4769 = CARTESIAN_POINT('',(57.21,23.693997,1.));
#4770 = CIRCLE('',#4771,0.4);
#4771 = AXIS2_PLACEMENT_3D('',#4772,#4773,#4774);
#4772 = CARTESIAN_POINT('',(57.21,24.093997,1.));
#4773 = DIRECTION('',(-0.,0.,-1.));
#4774 = DIRECTION('',(-0.,-1.,0.));
#4775 = FACE_BOUND('',#4776,.T.);
#4776 = EDGE_LOOP('',(#4777));
#4777 = ORIENTED_EDGE('',*,*,#4778,.T.);
#4778 = EDGE_CURVE('',#4779,#4779,#4781,.T.);
#4779 = VERTEX_POINT('',#4780);
#4780 = CARTESIAN_POINT('',(60.258,23.439997,1.));
#4781 = CIRCLE('',#4782,0.4);
#4782 = AXIS2_PLACEMENT_3D('',#4783,#4784,#4785);
#4783 = CARTESIAN_POINT('',(60.258,23.839997,1.));
#4784 = DIRECTION('',(-0.,0.,-1.));
#4785 = DIRECTION('',(1.7763568394E-14,-1.,-0.));
#4786 = FACE_BOUND('',#4787,.T.);
#4787 = EDGE_LOOP('',(#4788));
#4788 = ORIENTED_EDGE('',*,*,#4789,.T.);
#4789 = EDGE_CURVE('',#4790,#4790,#4792,.T.);
#4790 = VERTEX_POINT('',#4791);
#4791 = CARTESIAN_POINT('',(62.798,15.819997,1.));
#4792 = CIRCLE('',#4793,0.4);
#4793 = AXIS2_PLACEMENT_3D('',#4794,#4795,#4796);
#4794 = CARTESIAN_POINT('',(62.798,16.219997,1.));
#4795 = DIRECTION('',(-0.,0.,-1.));
#4796 = DIRECTION('',(-0.,-1.,0.));
#4797 = FACE_BOUND('',#4798,.T.);
#4798 = EDGE_LOOP('',(#4799));
#4799 = ORIENTED_EDGE('',*,*,#4800,.T.);
#4800 = EDGE_CURVE('',#4801,#4801,#4803,.T.);
#4801 = VERTEX_POINT('',#4802);
#4802 = CARTESIAN_POINT('',(65.338,15.819997,1.));
#4803 = CIRCLE('',#4804,0.4);
#4804 = AXIS2_PLACEMENT_3D('',#4805,#4806,#4807);
#4805 = CARTESIAN_POINT('',(65.338,16.219997,1.));
#4806 = DIRECTION('',(-0.,0.,-1.));
#4807 = DIRECTION('',(-0.,-1.,0.));
#4808 = FACE_BOUND('',#4809,.T.);
#4809 = EDGE_LOOP('',(#4810));
#4810 = ORIENTED_EDGE('',*,*,#4811,.T.);
#4811 = EDGE_CURVE('',#4812,#4812,#4814,.T.);
#4812 = VERTEX_POINT('',#4813);
#4813 = CARTESIAN_POINT('',(67.878,15.819997,1.));
#4814 = CIRCLE('',#4815,0.4);
#4815 = AXIS2_PLACEMENT_3D('',#4816,#4817,#4818);
#4816 = CARTESIAN_POINT('',(67.878,16.219997,1.));
#4817 = DIRECTION('',(-0.,0.,-1.));
#4818 = DIRECTION('',(-0.,-1.,0.));
#4819 = FACE_BOUND('',#4820,.T.);
#4820 = EDGE_LOOP('',(#4821));
#4821 = ORIENTED_EDGE('',*,*,#4822,.T.);
#4822 = EDGE_CURVE('',#4823,#4823,#4825,.T.);
#4823 = VERTEX_POINT('',#4824);
#4824 = CARTESIAN_POINT('',(74.228,15.057997,1.));
#4825 = CIRCLE('',#4826,0.4);
#4826 = AXIS2_PLACEMENT_3D('',#4827,#4828,#4829);
#4827 = CARTESIAN_POINT('',(74.228,15.457997,1.));
#4828 = DIRECTION('',(-0.,0.,-1.));
#4829 = DIRECTION('',(-3.552713678801E-14,-1.,0.));
#4830 = FACE_BOUND('',#4831,.T.);
#4831 = EDGE_LOOP('',(#4832));
#4832 = ORIENTED_EDGE('',*,*,#4833,.T.);
#4833 = EDGE_CURVE('',#4834,#4834,#4836,.T.);
#4834 = VERTEX_POINT('',#4835);
#4835 = CARTESIAN_POINT('',(71.688,17.851997,1.));
#4836 = CIRCLE('',#4837,0.4);
#4837 = AXIS2_PLACEMENT_3D('',#4838,#4839,#4840);
#4838 = CARTESIAN_POINT('',(71.688,18.251997,1.));
#4839 = DIRECTION('',(-0.,0.,-1.));
#4840 = DIRECTION('',(3.5527136788E-14,-1.,-0.));
#4841 = FACE_BOUND('',#4842,.T.);
#4842 = EDGE_LOOP('',(#4843));
#4843 = ORIENTED_EDGE('',*,*,#4844,.T.);
#4844 = EDGE_CURVE('',#4845,#4845,#4847,.T.);
#4845 = VERTEX_POINT('',#4846);
#4846 = CARTESIAN_POINT('',(62.798,23.439997,1.));
#4847 = CIRCLE('',#4848,0.4);
#4848 = AXIS2_PLACEMENT_3D('',#4849,#4850,#4851);
#4849 = CARTESIAN_POINT('',(62.798,23.839997,1.));
#4850 = DIRECTION('',(-0.,0.,-1.));
#4851 = DIRECTION('',(-0.,-1.,0.));
#4852 = FACE_BOUND('',#4853,.T.);
#4853 = EDGE_LOOP('',(#4854));
#4854 = ORIENTED_EDGE('',*,*,#4855,.T.);
#4855 = EDGE_CURVE('',#4856,#4856,#4858,.T.);
#4856 = VERTEX_POINT('',#4857);
#4857 = CARTESIAN_POINT('',(65.338,23.439997,1.));
#4858 = CIRCLE('',#4859,0.4);
#4859 = AXIS2_PLACEMENT_3D('',#4860,#4861,#4862);
#4860 = CARTESIAN_POINT('',(65.338,23.839997,1.));
#4861 = DIRECTION('',(-0.,0.,-1.));
#4862 = DIRECTION('',(-0.,-1.,0.));
#4863 = FACE_BOUND('',#4864,.T.);
#4864 = EDGE_LOOP('',(#4865));
#4865 = ORIENTED_EDGE('',*,*,#4866,.T.);
#4866 = EDGE_CURVE('',#4867,#4867,#4869,.T.);
#4867 = VERTEX_POINT('',#4868);
#4868 = CARTESIAN_POINT('',(67.878,23.439997,1.));
#4869 = CIRCLE('',#4870,0.4);
#4870 = AXIS2_PLACEMENT_3D('',#4871,#4872,#4873);
#4871 = CARTESIAN_POINT('',(67.878,23.839997,1.));
#4872 = DIRECTION('',(-0.,0.,-1.));
#4873 = DIRECTION('',(-0.,-1.,0.));
#4874 = FACE_BOUND('',#4875,.T.);
#4875 = EDGE_LOOP('',(#4876));
#4876 = ORIENTED_EDGE('',*,*,#4877,.T.);
#4877 = EDGE_CURVE('',#4878,#4878,#4880,.T.);
#4878 = VERTEX_POINT('',#4879);
#4879 = CARTESIAN_POINT('',(71.434,23.947997,1.));
#4880 = CIRCLE('',#4881,0.4);
#4881 = AXIS2_PLACEMENT_3D('',#4882,#4883,#4884);
#4882 = CARTESIAN_POINT('',(71.434,24.347997,1.));
#4883 = DIRECTION('',(-0.,0.,-1.));
#4884 = DIRECTION('',(-0.,-1.,0.));
#4885 = FACE_BOUND('',#4886,.T.);
#4886 = EDGE_LOOP('',(#4887));
#4887 = ORIENTED_EDGE('',*,*,#4888,.T.);
#4888 = EDGE_CURVE('',#4889,#4889,#4891,.T.);
#4889 = VERTEX_POINT('',#4890);
#4890 = CARTESIAN_POINT('',(73.466,20.899997,1.));
#4891 = CIRCLE('',#4892,0.4);
#4892 = AXIS2_PLACEMENT_3D('',#4893,#4894,#4895);
#4893 = CARTESIAN_POINT('',(73.466,21.299997,1.));
#4894 = DIRECTION('',(-0.,0.,-1.));
#4895 = DIRECTION('',(-3.552713678801E-14,-1.,0.));
#4896 = FACE_BOUND('',#4897,.T.);
#4897 = EDGE_LOOP('',(#4898));
#4898 = ORIENTED_EDGE('',*,*,#4899,.T.);
#4899 = EDGE_CURVE('',#4900,#4900,#4902,.T.);
#4900 = VERTEX_POINT('',#4901);
#4901 = CARTESIAN_POINT('',(12.41,42.613997,1.));
#4902 = CIRCLE('',#4903,1.8);
#4903 = AXIS2_PLACEMENT_3D('',#4904,#4905,#4906);
#4904 = CARTESIAN_POINT('',(12.41,44.413997,1.));
#4905 = DIRECTION('',(-0.,0.,-1.));
#4906 = DIRECTION('',(-0.,-1.,0.));
#4907 = FACE_BOUND('',#4908,.T.);
#4908 = EDGE_LOOP('',(#4909));
#4909 = ORIENTED_EDGE('',*,*,#4910,.T.);
#4910 = EDGE_CURVE('',#4911,#4911,#4913,.T.);
#4911 = VERTEX_POINT('',#4912);
#4912 = CARTESIAN_POINT('',(32.27,43.663997,1.));
#4913 = CIRCLE('',#4914,0.75);
#4914 = AXIS2_PLACEMENT_3D('',#4915,#4916,#4917);
#4915 = CARTESIAN_POINT('',(32.27,44.413997,1.));
#4916 = DIRECTION('',(-0.,0.,-1.));
#4917 = DIRECTION('',(-0.,-1.,0.));
#4918 = FACE_BOUND('',#4919,.T.);
#4919 = EDGE_LOOP('',(#4920));
#4920 = ORIENTED_EDGE('',*,*,#4921,.T.);
#4921 = EDGE_CURVE('',#4922,#4922,#4924,.T.);
#4922 = VERTEX_POINT('',#4923);
#4923 = CARTESIAN_POINT('',(40.954,40.203997,1.));
#4924 = CIRCLE('',#4925,0.4);
#4925 = AXIS2_PLACEMENT_3D('',#4926,#4927,#4928);
#4926 = CARTESIAN_POINT('',(40.954,40.603997,1.));
#4927 = DIRECTION('',(-0.,0.,-1.));
#4928 = DIRECTION('',(-0.,-1.,0.));
#4929 = FACE_BOUND('',#4930,.T.);
#4930 = EDGE_LOOP('',(#4931));
#4931 = ORIENTED_EDGE('',*,*,#4932,.T.);
#4932 = EDGE_CURVE('',#4933,#4933,#4935,.T.);
#4933 = VERTEX_POINT('',#4934);
#4934 = CARTESIAN_POINT('',(32.27,49.113997,1.));
#4935 = CIRCLE('',#4936,0.75);
#4936 = AXIS2_PLACEMENT_3D('',#4937,#4938,#4939);
#4937 = CARTESIAN_POINT('',(32.27,49.863997,1.));
#4938 = DIRECTION('',(-0.,0.,-1.));
#4939 = DIRECTION('',(-0.,-1.,0.));
#4940 = FACE_BOUND('',#4941,.T.);
#4941 = EDGE_LOOP('',(#4942));
#4942 = ORIENTED_EDGE('',*,*,#4943,.T.);
#4943 = EDGE_CURVE('',#4944,#4944,#4946,.T.);
#4944 = VERTEX_POINT('',#4945);
#4945 = CARTESIAN_POINT('',(39.982,46.761997,1.));
#4946 = CIRCLE('',#4947,0.7);
#4947 = AXIS2_PLACEMENT_3D('',#4948,#4949,#4950);
#4948 = CARTESIAN_POINT('',(39.982,47.461997,1.));
#4949 = DIRECTION('',(-0.,0.,-1.));
#4950 = DIRECTION('',(-0.,-1.,0.));
#4951 = FACE_BOUND('',#4952,.T.);
#4952 = EDGE_LOOP('',(#4953));
#4953 = ORIENTED_EDGE('',*,*,#4954,.T.);
#4954 = EDGE_CURVE('',#4955,#4955,#4957,.T.);
#4955 = VERTEX_POINT('',#4956);
#4956 = CARTESIAN_POINT('',(10.5,59.1,1.));
#4957 = CIRCLE('',#4958,1.6);
#4958 = AXIS2_PLACEMENT_3D('',#4959,#4960,#4961);
#4959 = CARTESIAN_POINT('',(10.5,60.7,1.));
#4960 = DIRECTION('',(-0.,0.,-1.));
#4961 = DIRECTION('',(-0.,-1.,0.));
#4962 = FACE_BOUND('',#4963,.T.);
#4963 = EDGE_LOOP('',(#4964));
#4964 = ORIENTED_EDGE('',*,*,#4965,.T.);
#4965 = EDGE_CURVE('',#4966,#4966,#4968,.T.);
#4966 = VERTEX_POINT('',#4967);
#4967 = CARTESIAN_POINT('',(42.412,55.293997,1.));
#4968 = CIRCLE('',#4969,0.55);
#4969 = AXIS2_PLACEMENT_3D('',#4970,#4971,#4972);
#4970 = CARTESIAN_POINT('',(42.412,55.843997,1.));
#4971 = DIRECTION('',(-0.,0.,-1.));
#4972 = DIRECTION('',(-1.2918958832E-14,-1.,0.));
#4973 = FACE_BOUND('',#4974,.T.);
#4974 = EDGE_LOOP('',(#4975));
#4975 = ORIENTED_EDGE('',*,*,#4976,.T.);
#4976 = EDGE_CURVE('',#4977,#4977,#4979,.T.);
#4977 = VERTEX_POINT('',#4978);
#4978 = CARTESIAN_POINT('',(32.064,55.415997,1.));
#4979 = CIRCLE('',#4980,1.6);
#4980 = AXIS2_PLACEMENT_3D('',#4981,#4982,#4983);
#4981 = CARTESIAN_POINT('',(32.064,57.015997,1.));
#4982 = DIRECTION('',(-0.,0.,-1.));
#4983 = DIRECTION('',(-0.,-1.,0.));
#4984 = FACE_BOUND('',#4985,.T.);
#4985 = EDGE_LOOP('',(#4986));
#4986 = ORIENTED_EDGE('',*,*,#4987,.T.);
#4987 = EDGE_CURVE('',#4988,#4988,#4990,.T.);
#4988 = VERTEX_POINT('',#4989);
#4989 = CARTESIAN_POINT('',(42.412,60.373997,1.));
#4990 = CIRCLE('',#4991,0.55);
#4991 = AXIS2_PLACEMENT_3D('',#4992,#4993,#4994);
#4992 = CARTESIAN_POINT('',(42.412,60.923997,1.));
#4993 = DIRECTION('',(-0.,0.,-1.));
#4994 = DIRECTION('',(-1.2918958832E-14,-1.,0.));
#4995 = FACE_BOUND('',#4996,.T.);
#4996 = EDGE_LOOP('',(#4997));
#4997 = ORIENTED_EDGE('',*,*,#4998,.T.);
#4998 = EDGE_CURVE('',#4999,#4999,#5001,.T.);
#4999 = VERTEX_POINT('',#5000);
#5000 = CARTESIAN_POINT('',(56.194,40.203997,1.));
#5001 = CIRCLE('',#5002,0.4);
#5002 = AXIS2_PLACEMENT_3D('',#5003,#5004,#5005);
#5003 = CARTESIAN_POINT('',(56.194,40.603997,1.));
#5004 = DIRECTION('',(-0.,0.,-1.));
#5005 = DIRECTION('',(-0.,-1.,0.));
#5006 = FACE_BOUND('',#5007,.T.);
#5007 = EDGE_LOOP('',(#5008));
#5008 = ORIENTED_EDGE('',*,*,#5009,.T.);
#5009 = EDGE_CURVE('',#5010,#5010,#5012,.T.);
#5010 = VERTEX_POINT('',#5011);
#5011 = CARTESIAN_POINT('',(50.882,45.961997,1.));
#5012 = CIRCLE('',#5013,1.5);
#5013 = AXIS2_PLACEMENT_3D('',#5014,#5015,#5016);
#5014 = CARTESIAN_POINT('',(50.882,47.461997,1.));
#5015 = DIRECTION('',(-0.,0.,-1.));
#5016 = DIRECTION('',(-0.,-1.,0.));
#5017 = FACE_BOUND('',#5018,.T.);
#5018 = EDGE_LOOP('',(#5019));
#5019 = ORIENTED_EDGE('',*,*,#5020,.T.);
#5020 = EDGE_CURVE('',#5021,#5021,#5023,.T.);
#5021 = VERTEX_POINT('',#5022);
#5022 = CARTESIAN_POINT('',(61.782,46.761997,1.));
#5023 = CIRCLE('',#5024,0.7);
#5024 = AXIS2_PLACEMENT_3D('',#5025,#5026,#5027);
#5025 = CARTESIAN_POINT('',(61.782,47.461997,1.));
#5026 = DIRECTION('',(-0.,0.,-1.));
#5027 = DIRECTION('',(-0.,-1.,0.));
#5028 = FACE_BOUND('',#5029,.T.);
#5029 = EDGE_LOOP('',(#5030));
#5030 = ORIENTED_EDGE('',*,*,#5031,.T.);
#5031 = EDGE_CURVE('',#5032,#5032,#5034,.T.);
#5032 = VERTEX_POINT('',#5033);
#5033 = CARTESIAN_POINT('',(68.684,43.459997,1.));
#5034 = CIRCLE('',#5035,0.7);
#5035 = AXIS2_PLACEMENT_3D('',#5036,#5037,#5038);
#5036 = CARTESIAN_POINT('',(68.684,44.159997,1.));
#5037 = DIRECTION('',(-0.,0.,-1.));
#5038 = DIRECTION('',(-0.,-1.,0.));
#5039 = FACE_BOUND('',#5040,.T.);
#5040 = EDGE_LOOP('',(#5041));
#5041 = ORIENTED_EDGE('',*,*,#5042,.T.);
#5042 = EDGE_CURVE('',#5043,#5043,#5045,.T.);
#5043 = VERTEX_POINT('',#5044);
#5044 = CARTESIAN_POINT('',(79.584,42.659997,1.));
#5045 = CIRCLE('',#5046,1.5);
#5046 = AXIS2_PLACEMENT_3D('',#5047,#5048,#5049);
#5047 = CARTESIAN_POINT('',(79.584,44.159997,1.));
#5048 = DIRECTION('',(-0.,0.,-1.));
#5049 = DIRECTION('',(-0.,-1.,0.));
#5050 = FACE_BOUND('',#5051,.T.);
#5051 = EDGE_LOOP('',(#5052));
#5052 = ORIENTED_EDGE('',*,*,#5053,.T.);
#5053 = EDGE_CURVE('',#5054,#5054,#5056,.T.);
#5054 = VERTEX_POINT('',#5055);
#5055 = CARTESIAN_POINT('',(48.654,53.833997,1.));
#5056 = CIRCLE('',#5057,1.);
#5057 = AXIS2_PLACEMENT_3D('',#5058,#5059,#5060);
#5058 = CARTESIAN_POINT('',(48.654,54.833997,1.));
#5059 = DIRECTION('',(-0.,0.,-1.));
#5060 = DIRECTION('',(-0.,-1.,0.));
#5061 = FACE_BOUND('',#5062,.T.);
#5062 = EDGE_LOOP('',(#5063));
#5063 = ORIENTED_EDGE('',*,*,#5064,.T.);
#5064 = EDGE_CURVE('',#5065,#5065,#5067,.T.);
#5065 = VERTEX_POINT('',#5066);
#5066 = CARTESIAN_POINT('',(53.654,53.833997,1.));
#5067 = CIRCLE('',#5068,1.);
#5068 = AXIS2_PLACEMENT_3D('',#5069,#5070,#5071);
#5069 = CARTESIAN_POINT('',(53.654,54.833997,1.));
#5070 = DIRECTION('',(-0.,0.,-1.));
#5071 = DIRECTION('',(-0.,-1.,0.));
#5072 = FACE_BOUND('',#5073,.T.);
#5073 = EDGE_LOOP('',(#5074));
#5074 = ORIENTED_EDGE('',*,*,#5075,.T.);
#5075 = EDGE_CURVE('',#5076,#5076,#5078,.T.);
#5076 = VERTEX_POINT('',#5077);
#5077 = CARTESIAN_POINT('',(58.654,53.833997,1.));
#5078 = CIRCLE('',#5079,1.);
#5079 = AXIS2_PLACEMENT_3D('',#5080,#5081,#5082);
#5080 = CARTESIAN_POINT('',(58.654,54.833997,1.));
#5081 = DIRECTION('',(-0.,0.,-1.));
#5082 = DIRECTION('',(-0.,-1.,0.));
#5083 = FACE_BOUND('',#5084,.T.);
#5084 = EDGE_LOOP('',(#5085));
#5085 = ORIENTED_EDGE('',*,*,#5086,.T.);
#5086 = EDGE_CURVE('',#5087,#5087,#5089,.T.);
#5087 = VERTEX_POINT('',#5088);
#5088 = CARTESIAN_POINT('',(48.654,60.933997,1.));
#5089 = CIRCLE('',#5090,1.);
#5090 = AXIS2_PLACEMENT_3D('',#5091,#5092,#5093);
#5091 = CARTESIAN_POINT('',(48.654,61.933997,1.));
#5092 = DIRECTION('',(-0.,0.,-1.));
#5093 = DIRECTION('',(-0.,-1.,0.));
#5094 = FACE_BOUND('',#5095,.T.);
#5095 = EDGE_LOOP('',(#5096));
#5096 = ORIENTED_EDGE('',*,*,#5097,.T.);
#5097 = EDGE_CURVE('',#5098,#5098,#5100,.T.);
#5098 = VERTEX_POINT('',#5099);
#5099 = CARTESIAN_POINT('',(53.654,60.933997,1.));
#5100 = CIRCLE('',#5101,1.);
#5101 = AXIS2_PLACEMENT_3D('',#5102,#5103,#5104);
#5102 = CARTESIAN_POINT('',(53.654,61.933997,1.));
#5103 = DIRECTION('',(-0.,0.,-1.));
#5104 = DIRECTION('',(-0.,-1.,0.));
#5105 = FACE_BOUND('',#5106,.T.);
#5106 = EDGE_LOOP('',(#5107));
#5107 = ORIENTED_EDGE('',*,*,#5108,.T.);
#5108 = EDGE_CURVE('',#5109,#5109,#5111,.T.);
#5109 = VERTEX_POINT('',#5110);
#5110 = CARTESIAN_POINT('',(58.654,60.933997,1.));
#5111 = CIRCLE('',#5112,1.);
#5112 = AXIS2_PLACEMENT_3D('',#5113,#5114,#5115);
#5113 = CARTESIAN_POINT('',(58.654,61.933997,1.));
#5114 = DIRECTION('',(-0.,0.,-1.));
#5115 = DIRECTION('',(-0.,-1.,0.));
#5116 = FACE_BOUND('',#5117,.T.);
#5117 = EDGE_LOOP('',(#5118));
#5118 = ORIENTED_EDGE('',*,*,#5119,.T.);
#5119 = EDGE_CURVE('',#5120,#5120,#5122,.T.);
#5120 = VERTEX_POINT('',#5121);
#5121 = CARTESIAN_POINT('',(65.502667,53.833997,1.));
#5122 = CIRCLE('',#5123,1.);
#5123 = AXIS2_PLACEMENT_3D('',#5124,#5125,#5126);
#5124 = CARTESIAN_POINT('',(65.502667,54.833997,1.));
#5125 = DIRECTION('',(-0.,0.,-1.));
#5126 = DIRECTION('',(-0.,-1.,0.));
#5127 = FACE_BOUND('',#5128,.T.);
#5128 = EDGE_LOOP('',(#5129));
#5129 = ORIENTED_EDGE('',*,*,#5130,.T.);
#5130 = EDGE_CURVE('',#5131,#5131,#5133,.T.);
#5131 = VERTEX_POINT('',#5132);
#5132 = CARTESIAN_POINT('',(70.502667,53.833997,1.));
#5133 = CIRCLE('',#5134,1.);
#5134 = AXIS2_PLACEMENT_3D('',#5135,#5136,#5137);
#5135 = CARTESIAN_POINT('',(70.502667,54.833997,1.));
#5136 = DIRECTION('',(-0.,0.,-1.));
#5137 = DIRECTION('',(-0.,-1.,0.));
#5138 = FACE_BOUND('',#5139,.T.);
#5139 = EDGE_LOOP('',(#5140));
#5140 = ORIENTED_EDGE('',*,*,#5141,.T.);
#5141 = EDGE_CURVE('',#5142,#5142,#5144,.T.);
#5142 = VERTEX_POINT('',#5143);
#5143 = CARTESIAN_POINT('',(75.502667,53.833997,1.));
#5144 = CIRCLE('',#5145,1.);
#5145 = AXIS2_PLACEMENT_3D('',#5146,#5147,#5148);
#5146 = CARTESIAN_POINT('',(75.502667,54.833997,1.));
#5147 = DIRECTION('',(-0.,0.,-1.));
#5148 = DIRECTION('',(-0.,-1.,0.));
#5149 = FACE_BOUND('',#5150,.T.);
#5150 = EDGE_LOOP('',(#5151));
#5151 = ORIENTED_EDGE('',*,*,#5152,.T.);
#5152 = EDGE_CURVE('',#5153,#5153,#5155,.T.);
#5153 = VERTEX_POINT('',#5154);
#5154 = CARTESIAN_POINT('',(65.502667,60.933997,1.));
#5155 = CIRCLE('',#5156,1.);
#5156 = AXIS2_PLACEMENT_3D('',#5157,#5158,#5159);
#5157 = CARTESIAN_POINT('',(65.502667,61.933997,1.));
#5158 = DIRECTION('',(-0.,0.,-1.));
#5159 = DIRECTION('',(-0.,-1.,0.));
#5160 = FACE_BOUND('',#5161,.T.);
#5161 = EDGE_LOOP('',(#5162));
#5162 = ORIENTED_EDGE('',*,*,#5163,.T.);
#5163 = EDGE_CURVE('',#5164,#5164,#5166,.T.);
#5164 = VERTEX_POINT('',#5165);
#5165 = CARTESIAN_POINT('',(70.502667,60.933997,1.));
#5166 = CIRCLE('',#5167,1.);
#5167 = AXIS2_PLACEMENT_3D('',#5168,#5169,#5170);
#5168 = CARTESIAN_POINT('',(70.502667,61.933997,1.));
#5169 = DIRECTION('',(-0.,0.,-1.));
#5170 = DIRECTION('',(-0.,-1.,0.));
#5171 = FACE_BOUND('',#5172,.T.);
#5172 = EDGE_LOOP('',(#5173));
#5173 = ORIENTED_EDGE('',*,*,#5174,.T.);
#5174 = EDGE_CURVE('',#5175,#5175,#5177,.T.);
#5175 = VERTEX_POINT('',#5176);
#5176 = CARTESIAN_POINT('',(75.502667,60.933997,1.));
#5177 = CIRCLE('',#5178,1.);
#5178 = AXIS2_PLACEMENT_3D('',#5179,#5180,#5181);
#5179 = CARTESIAN_POINT('',(75.502667,61.933997,1.));
#5180 = DIRECTION('',(-0.,0.,-1.));
#5181 = DIRECTION('',(-0.,-1.,0.));
#5182 = FACE_BOUND('',#5183,.T.);
#5183 = EDGE_LOOP('',(#5184));
#5184 = ORIENTED_EDGE('',*,*,#5185,.T.);
#5185 = EDGE_CURVE('',#5186,#5186,#5188,.T.);
#5186 = VERTEX_POINT('',#5187);
#5187 = CARTESIAN_POINT('',(86.928,17.851997,1.));
#5188 = CIRCLE('',#5189,0.4);
#5189 = AXIS2_PLACEMENT_3D('',#5190,#5191,#5192);
#5190 = CARTESIAN_POINT('',(86.928,18.251997,1.));
#5191 = DIRECTION('',(-0.,0.,-1.));
#5192 = DIRECTION('',(-0.,-1.,0.));
#5193 = FACE_BOUND('',#5194,.T.);
#5194 = EDGE_LOOP('',(#5195));
#5195 = ORIENTED_EDGE('',*,*,#5196,.T.);
#5196 = EDGE_CURVE('',#5197,#5197,#5199,.T.);
#5197 = VERTEX_POINT('',#5198);
#5198 = CARTESIAN_POINT('',(89.468,15.057997,1.));
#5199 = CIRCLE('',#5200,0.4);
#5200 = AXIS2_PLACEMENT_3D('',#5201,#5202,#5203);
#5201 = CARTESIAN_POINT('',(89.468,15.457997,1.));
#5202 = DIRECTION('',(-0.,0.,-1.));
#5203 = DIRECTION('',(3.5527136788E-14,-1.,-0.));
#5204 = FACE_BOUND('',#5205,.T.);
#5205 = EDGE_LOOP('',(#5206));
#5206 = ORIENTED_EDGE('',*,*,#5207,.T.);
#5207 = EDGE_CURVE('',#5208,#5208,#5210,.T.);
#5208 = VERTEX_POINT('',#5209);
#5209 = CARTESIAN_POINT('',(90.5,19.1,1.));
#5210 = CIRCLE('',#5211,1.6);
#5211 = AXIS2_PLACEMENT_3D('',#5212,#5213,#5214);
#5212 = CARTESIAN_POINT('',(90.5,20.7,1.));
#5213 = DIRECTION('',(-0.,0.,-1.));
#5214 = DIRECTION('',(-0.,-1.,0.));
#5215 = FACE_BOUND('',#5216,.T.);
#5216 = EDGE_LOOP('',(#5217));
#5217 = ORIENTED_EDGE('',*,*,#5218,.T.);
#5218 = EDGE_CURVE('',#5219,#5219,#5221,.T.);
#5219 = VERTEX_POINT('',#5220);
#5220 = CARTESIAN_POINT('',(83.626,20.899997,1.));
#5221 = CIRCLE('',#5222,0.4);
#5222 = AXIS2_PLACEMENT_3D('',#5223,#5224,#5225);
#5223 = CARTESIAN_POINT('',(83.626,21.299997,1.));
#5224 = DIRECTION('',(-0.,0.,-1.));
#5225 = DIRECTION('',(-0.,-1.,0.));
#5226 = FACE_BOUND('',#5227,.T.);
#5227 = EDGE_LOOP('',(#5228));
#5228 = ORIENTED_EDGE('',*,*,#5229,.T.);
#5229 = EDGE_CURVE('',#5230,#5230,#5232,.T.);
#5230 = VERTEX_POINT('',#5231);
#5231 = CARTESIAN_POINT('',(81.594,23.947997,1.));
#5232 = CIRCLE('',#5233,0.4);
#5233 = AXIS2_PLACEMENT_3D('',#5234,#5235,#5236);
#5234 = CARTESIAN_POINT('',(81.594,24.347997,1.));
#5235 = DIRECTION('',(-0.,0.,-1.));
#5236 = DIRECTION('',(-0.,-1.,0.));
#5237 = FACE_BOUND('',#5238,.T.);
#5238 = EDGE_LOOP('',(#5239));
#5239 = ORIENTED_EDGE('',*,*,#5240,.T.);
#5240 = EDGE_CURVE('',#5241,#5241,#5243,.T.);
#5241 = VERTEX_POINT('',#5242);
#5242 = CARTESIAN_POINT('',(101.66,15.465997,1.));
#5243 = CIRCLE('',#5244,0.5);
#5244 = AXIS2_PLACEMENT_3D('',#5245,#5246,#5247);
#5245 = CARTESIAN_POINT('',(101.66,15.965997,1.));
#5246 = DIRECTION('',(-0.,0.,-1.));
#5247 = DIRECTION('',(-0.,-1.,0.));
#5248 = FACE_BOUND('',#5249,.T.);
#5249 = EDGE_LOOP('',(#5250));
#5250 = ORIENTED_EDGE('',*,*,#5251,.T.);
#5251 = EDGE_CURVE('',#5252,#5252,#5254,.T.);
#5252 = VERTEX_POINT('',#5253);
#5253 = CARTESIAN_POINT('',(105.337,17.343997,1.));
#5254 = CIRCLE('',#5255,0.4);
#5255 = AXIS2_PLACEMENT_3D('',#5256,#5257,#5258);
#5256 = CARTESIAN_POINT('',(105.337,17.743997,1.));
#5257 = DIRECTION('',(-0.,0.,-1.));
#5258 = DIRECTION('',(3.5527136788E-14,-1.,-0.));
#5259 = FACE_BOUND('',#5260,.T.);
#5260 = EDGE_LOOP('',(#5261));
#5261 = ORIENTED_EDGE('',*,*,#5262,.T.);
#5262 = EDGE_CURVE('',#5263,#5263,#5265,.T.);
#5263 = VERTEX_POINT('',#5264);
#5264 = CARTESIAN_POINT('',(101.66,18.005997,1.));
#5265 = CIRCLE('',#5266,0.5);
#5266 = AXIS2_PLACEMENT_3D('',#5267,#5268,#5269);
#5267 = CARTESIAN_POINT('',(101.66,18.505997,1.));
#5268 = DIRECTION('',(-0.,0.,-1.));
#5269 = DIRECTION('',(-0.,-1.,0.));
#5270 = FACE_BOUND('',#5271,.T.);
#5271 = EDGE_LOOP('',(#5272));
#5272 = ORIENTED_EDGE('',*,*,#5273,.T.);
#5273 = EDGE_CURVE('',#5274,#5274,#5276,.T.);
#5274 = VERTEX_POINT('',#5275);
#5275 = CARTESIAN_POINT('',(107.877,17.343997,1.));
#5276 = CIRCLE('',#5277,0.4);
#5277 = AXIS2_PLACEMENT_3D('',#5278,#5279,#5280);
#5278 = CARTESIAN_POINT('',(107.877,17.743997,1.));
#5279 = DIRECTION('',(-0.,0.,-1.));
#5280 = DIRECTION('',(-3.552713678801E-14,-1.,0.));
#5281 = FACE_BOUND('',#5282,.T.);
#5282 = EDGE_LOOP('',(#5283));
#5283 = ORIENTED_EDGE('',*,*,#5284,.T.);
#5284 = EDGE_CURVE('',#5285,#5285,#5287,.T.);
#5285 = VERTEX_POINT('',#5286);
#5286 = CARTESIAN_POINT('',(110.935,17.343997,1.));
#5287 = CIRCLE('',#5288,0.4);
#5288 = AXIS2_PLACEMENT_3D('',#5289,#5290,#5291);
#5289 = CARTESIAN_POINT('',(110.935,17.743997,1.));
#5290 = DIRECTION('',(-0.,0.,-1.));
#5291 = DIRECTION('',(-0.,-1.,0.));
#5292 = FACE_BOUND('',#5293,.T.);
#5293 = EDGE_LOOP('',(#5294));
#5294 = ORIENTED_EDGE('',*,*,#5295,.T.);
#5295 = EDGE_CURVE('',#5296,#5296,#5298,.T.);
#5296 = VERTEX_POINT('',#5297);
#5297 = CARTESIAN_POINT('',(113.475,17.343997,1.));
#5298 = CIRCLE('',#5299,0.4);
#5299 = AXIS2_PLACEMENT_3D('',#5300,#5301,#5302);
#5300 = CARTESIAN_POINT('',(113.475,17.743997,1.));
#5301 = DIRECTION('',(-0.,0.,-1.));
#5302 = DIRECTION('',(-0.,-1.,0.));
#5303 = FACE_BOUND('',#5304,.T.);
#5304 = EDGE_LOOP('',(#5305));
#5305 = ORIENTED_EDGE('',*,*,#5306,.T.);
#5306 = EDGE_CURVE('',#5307,#5307,#5309,.T.);
#5307 = VERTEX_POINT('',#5308);
#5308 = CARTESIAN_POINT('',(105.337,24.963997,1.));
#5309 = CIRCLE('',#5310,0.4);
#5310 = AXIS2_PLACEMENT_3D('',#5311,#5312,#5313);
#5311 = CARTESIAN_POINT('',(105.337,25.363997,1.));
#5312 = DIRECTION('',(-0.,0.,-1.));
#5313 = DIRECTION('',(3.5527136788E-14,-1.,-0.));
#5314 = FACE_BOUND('',#5315,.T.);
#5315 = EDGE_LOOP('',(#5316));
#5316 = ORIENTED_EDGE('',*,*,#5317,.T.);
#5317 = EDGE_CURVE('',#5318,#5318,#5320,.T.);
#5318 = VERTEX_POINT('',#5319);
#5319 = CARTESIAN_POINT('',(107.877,24.963997,1.));
#5320 = CIRCLE('',#5321,0.4);
#5321 = AXIS2_PLACEMENT_3D('',#5322,#5323,#5324);
#5322 = CARTESIAN_POINT('',(107.877,25.363997,1.));
#5323 = DIRECTION('',(-0.,0.,-1.));
#5324 = DIRECTION('',(-3.552713678801E-14,-1.,0.));
#5325 = FACE_BOUND('',#5326,.T.);
#5326 = EDGE_LOOP('',(#5327));
#5327 = ORIENTED_EDGE('',*,*,#5328,.T.);
#5328 = EDGE_CURVE('',#5329,#5329,#5331,.T.);
#5329 = VERTEX_POINT('',#5330);
#5330 = CARTESIAN_POINT('',(110.935,24.963997,1.));
#5331 = CIRCLE('',#5332,0.4);
#5332 = AXIS2_PLACEMENT_3D('',#5333,#5334,#5335);
#5333 = CARTESIAN_POINT('',(110.935,25.363997,1.));
#5334 = DIRECTION('',(-0.,0.,-1.));
#5335 = DIRECTION('',(-0.,-1.,0.));
#5336 = FACE_BOUND('',#5337,.T.);
#5337 = EDGE_LOOP('',(#5338));
#5338 = ORIENTED_EDGE('',*,*,#5339,.T.);
#5339 = EDGE_CURVE('',#5340,#5340,#5342,.T.);
#5340 = VERTEX_POINT('',#5341);
#5341 = CARTESIAN_POINT('',(113.475,24.963997,1.));
#5342 = CIRCLE('',#5343,0.4);
#5343 = AXIS2_PLACEMENT_3D('',#5344,#5345,#5346);
#5344 = CARTESIAN_POINT('',(113.475,25.363997,1.));
#5345 = DIRECTION('',(-0.,0.,-1.));
#5346 = DIRECTION('',(-0.,-1.,0.));
#5347 = FACE_BOUND('',#5348,.T.);
#5348 = EDGE_LOOP('',(#5349));
#5349 = ORIENTED_EDGE('',*,*,#5350,.T.);
#5350 = EDGE_CURVE('',#5351,#5351,#5353,.T.);
#5351 = VERTEX_POINT('',#5352);
#5352 = CARTESIAN_POINT('',(93.786,31.875997,1.));
#5353 = CIRCLE('',#5354,0.6);
#5354 = AXIS2_PLACEMENT_3D('',#5355,#5356,#5357);
#5355 = CARTESIAN_POINT('',(93.786,32.475997,1.));
#5356 = DIRECTION('',(-0.,0.,-1.));
#5357 = DIRECTION('',(-0.,-1.,0.));
#5358 = FACE_BOUND('',#5359,.T.);
#5359 = EDGE_LOOP('',(#5360));
#5360 = ORIENTED_EDGE('',*,*,#5361,.T.);
#5361 = EDGE_CURVE('',#5362,#5362,#5364,.T.);
#5362 = VERTEX_POINT('',#5363);
#5363 = CARTESIAN_POINT('',(113.47,28.011997,1.));
#5364 = CIRCLE('',#5365,0.4);
#5365 = AXIS2_PLACEMENT_3D('',#5366,#5367,#5368);
#5366 = CARTESIAN_POINT('',(113.47,28.411997,1.));
#5367 = DIRECTION('',(-0.,0.,-1.));
#5368 = DIRECTION('',(-0.,-1.,0.));
#5369 = FACE_BOUND('',#5370,.T.);
#5370 = EDGE_LOOP('',(#5371));
#5371 = ORIENTED_EDGE('',*,*,#5372,.T.);
#5372 = EDGE_CURVE('',#5373,#5373,#5375,.T.);
#5373 = VERTEX_POINT('',#5374);
#5374 = CARTESIAN_POINT('',(107.628,32.473997,1.));
#5375 = CIRCLE('',#5376,0.51);
#5376 = AXIS2_PLACEMENT_3D('',#5377,#5378,#5379);
#5377 = CARTESIAN_POINT('',(107.628,32.983997,1.));
#5378 = DIRECTION('',(-0.,0.,-1.));
#5379 = DIRECTION('',(-0.,-1.,0.));
#5380 = FACE_BOUND('',#5381,.T.);
#5381 = EDGE_LOOP('',(#5382));
#5382 = ORIENTED_EDGE('',*,*,#5383,.T.);
#5383 = EDGE_CURVE('',#5384,#5384,#5386,.T.);
#5384 = VERTEX_POINT('',#5385);
#5385 = CARTESIAN_POINT('',(107.628,35.013997,1.));
#5386 = CIRCLE('',#5387,0.51);
#5387 = AXIS2_PLACEMENT_3D('',#5388,#5389,#5390);
#5388 = CARTESIAN_POINT('',(107.628,35.523997,1.));
#5389 = DIRECTION('',(-0.,0.,-1.));
#5390 = DIRECTION('',(-0.,-1.,0.));
#5391 = FACE_BOUND('',#5392,.T.);
#5392 = EDGE_LOOP('',(#5393));
#5393 = ORIENTED_EDGE('',*,*,#5394,.T.);
#5394 = EDGE_CURVE('',#5395,#5395,#5397,.T.);
#5395 = VERTEX_POINT('',#5396);
#5396 = CARTESIAN_POINT('',(109.788,34.973997,1.));
#5397 = CIRCLE('',#5398,0.55);
#5398 = AXIS2_PLACEMENT_3D('',#5399,#5400,#5401);
#5399 = CARTESIAN_POINT('',(109.788,35.523997,1.));
#5400 = DIRECTION('',(-0.,0.,-1.));
#5401 = DIRECTION('',(-0.,-1.,0.));
#5402 = FACE_BOUND('',#5403,.T.);
#5403 = EDGE_LOOP('',(#5404));
#5404 = ORIENTED_EDGE('',*,*,#5405,.T.);
#5405 = EDGE_CURVE('',#5406,#5406,#5408,.T.);
#5406 = VERTEX_POINT('',#5407);
#5407 = CARTESIAN_POINT('',(107.628,37.553997,1.));
#5408 = CIRCLE('',#5409,0.51);
#5409 = AXIS2_PLACEMENT_3D('',#5410,#5411,#5412);
#5410 = CARTESIAN_POINT('',(107.628,38.063997,1.));
#5411 = DIRECTION('',(-0.,0.,-1.));
#5412 = DIRECTION('',(-0.,-1.,0.));
#5413 = FACE_BOUND('',#5414,.T.);
#5414 = EDGE_LOOP('',(#5415));
#5415 = ORIENTED_EDGE('',*,*,#5416,.T.);
#5416 = EDGE_CURVE('',#5417,#5417,#5419,.T.);
#5417 = VERTEX_POINT('',#5418);
#5418 = CARTESIAN_POINT('',(113.47,38.171997,1.));
#5419 = CIRCLE('',#5420,0.4);
#5420 = AXIS2_PLACEMENT_3D('',#5421,#5422,#5423);
#5421 = CARTESIAN_POINT('',(113.47,38.571997,1.));
#5422 = DIRECTION('',(-0.,0.,-1.));
#5423 = DIRECTION('',(-0.,-1.,0.));
#5424 = FACE_BOUND('',#5425,.T.);
#5425 = EDGE_LOOP('',(#5426));
#5426 = ORIENTED_EDGE('',*,*,#5427,.T.);
#5427 = EDGE_CURVE('',#5428,#5428,#5430,.T.);
#5428 = VERTEX_POINT('',#5429);
#5429 = CARTESIAN_POINT('',(120.579,17.089997,1.));
#5430 = CIRCLE('',#5431,0.4);
#5431 = AXIS2_PLACEMENT_3D('',#5432,#5433,#5434);
#5432 = CARTESIAN_POINT('',(120.579,17.489997,1.));
#5433 = DIRECTION('',(-0.,0.,-1.));
#5434 = DIRECTION('',(-3.552713678801E-14,-1.,0.));
#5435 = FACE_BOUND('',#5436,.T.);
#5436 = EDGE_LOOP('',(#5437));
#5437 = ORIENTED_EDGE('',*,*,#5438,.T.);
#5438 = EDGE_CURVE('',#5439,#5439,#5441,.T.);
#5439 = VERTEX_POINT('',#5440);
#5440 = CARTESIAN_POINT('',(123.119,17.089997,1.));
#5441 = CIRCLE('',#5442,0.4);
#5442 = AXIS2_PLACEMENT_3D('',#5443,#5444,#5445);
#5443 = CARTESIAN_POINT('',(123.119,17.489997,1.));
#5444 = DIRECTION('',(-0.,0.,-1.));
#5445 = DIRECTION('',(-0.,-1.,0.));
#5446 = FACE_BOUND('',#5447,.T.);
#5447 = EDGE_LOOP('',(#5448));
#5448 = ORIENTED_EDGE('',*,*,#5449,.T.);
#5449 = EDGE_CURVE('',#5450,#5450,#5452,.T.);
#5450 = VERTEX_POINT('',#5451);
#5451 = CARTESIAN_POINT('',(116.9,19.445997,1.));
#5452 = CIRCLE('',#5453,1.6);
#5453 = AXIS2_PLACEMENT_3D('',#5454,#5455,#5456);
#5454 = CARTESIAN_POINT('',(116.9,21.045997,1.));
#5455 = DIRECTION('',(-0.,0.,-1.));
#5456 = DIRECTION('',(-0.,-1.,0.));
#5457 = FACE_BOUND('',#5458,.T.);
#5458 = EDGE_LOOP('',(#5459));
#5459 = ORIENTED_EDGE('',*,*,#5460,.T.);
#5460 = EDGE_CURVE('',#5461,#5461,#5463,.T.);
#5461 = VERTEX_POINT('',#5462);
#5462 = CARTESIAN_POINT('',(126.177,17.089997,1.));
#5463 = CIRCLE('',#5464,0.4);
#5464 = AXIS2_PLACEMENT_3D('',#5465,#5466,#5467);
#5465 = CARTESIAN_POINT('',(126.177,17.489997,1.));
#5466 = DIRECTION('',(-0.,0.,-1.));
#5467 = DIRECTION('',(3.5527136788E-14,-1.,-0.));
#5468 = FACE_BOUND('',#5469,.T.);
#5469 = EDGE_LOOP('',(#5470));
#5470 = ORIENTED_EDGE('',*,*,#5471,.T.);
#5471 = EDGE_CURVE('',#5472,#5472,#5474,.T.);
#5472 = VERTEX_POINT('',#5473);
#5473 = CARTESIAN_POINT('',(128.717,17.089997,1.));
#5474 = CIRCLE('',#5475,0.4);
#5475 = AXIS2_PLACEMENT_3D('',#5476,#5477,#5478);
#5476 = CARTESIAN_POINT('',(128.717,17.489997,1.));
#5477 = DIRECTION('',(-0.,0.,-1.));
#5478 = DIRECTION('',(7.105427357601E-14,-1.,-0.));
#5479 = FACE_BOUND('',#5480,.T.);
#5480 = EDGE_LOOP('',(#5481));
#5481 = ORIENTED_EDGE('',*,*,#5482,.T.);
#5482 = EDGE_CURVE('',#5483,#5483,#5485,.T.);
#5483 = VERTEX_POINT('',#5484);
#5484 = CARTESIAN_POINT('',(120.579,24.709997,1.));
#5485 = CIRCLE('',#5486,0.4);
#5486 = AXIS2_PLACEMENT_3D('',#5487,#5488,#5489);
#5487 = CARTESIAN_POINT('',(120.579,25.109997,1.));
#5488 = DIRECTION('',(-0.,0.,-1.));
#5489 = DIRECTION('',(-3.552713678801E-14,-1.,0.));
#5490 = FACE_BOUND('',#5491,.T.);
#5491 = EDGE_LOOP('',(#5492));
#5492 = ORIENTED_EDGE('',*,*,#5493,.T.);
#5493 = EDGE_CURVE('',#5494,#5494,#5496,.T.);
#5494 = VERTEX_POINT('',#5495);
#5495 = CARTESIAN_POINT('',(123.119,24.709997,1.));
#5496 = CIRCLE('',#5497,0.4);
#5497 = AXIS2_PLACEMENT_3D('',#5498,#5499,#5500);
#5498 = CARTESIAN_POINT('',(123.119,25.109997,1.));
#5499 = DIRECTION('',(-0.,0.,-1.));
#5500 = DIRECTION('',(-0.,-1.,0.));
#5501 = FACE_BOUND('',#5502,.T.);
#5502 = EDGE_LOOP('',(#5503));
#5503 = ORIENTED_EDGE('',*,*,#5504,.T.);
#5504 = EDGE_CURVE('',#5505,#5505,#5507,.T.);
#5505 = VERTEX_POINT('',#5506);
#5506 = CARTESIAN_POINT('',(126.177,24.709997,1.));
#5507 = CIRCLE('',#5508,0.4);
#5508 = AXIS2_PLACEMENT_3D('',#5509,#5510,#5511);
#5509 = CARTESIAN_POINT('',(126.177,25.109997,1.));
#5510 = DIRECTION('',(-0.,0.,-1.));
#5511 = DIRECTION('',(3.5527136788E-14,-1.,-0.));
#5512 = FACE_BOUND('',#5513,.T.);
#5513 = EDGE_LOOP('',(#5514));
#5514 = ORIENTED_EDGE('',*,*,#5515,.T.);
#5515 = EDGE_CURVE('',#5516,#5516,#5518,.T.);
#5516 = VERTEX_POINT('',#5517);
#5517 = CARTESIAN_POINT('',(128.717,24.709997,1.));
#5518 = CIRCLE('',#5519,0.4);
#5519 = AXIS2_PLACEMENT_3D('',#5520,#5521,#5522);
#5520 = CARTESIAN_POINT('',(128.717,25.109997,1.));
#5521 = DIRECTION('',(-0.,0.,-1.));
#5522 = DIRECTION('',(7.105427357601E-14,-1.,-0.));
#5523 = FACE_BOUND('',#5524,.T.);
#5524 = EDGE_LOOP('',(#5525));
#5525 = ORIENTED_EDGE('',*,*,#5526,.T.);
#5526 = EDGE_CURVE('',#5527,#5527,#5529,.T.);
#5527 = VERTEX_POINT('',#5528);
#5528 = CARTESIAN_POINT('',(137.474,16.327997,1.));
#5529 = CIRCLE('',#5530,0.4);
#5530 = AXIS2_PLACEMENT_3D('',#5531,#5532,#5533);
#5531 = CARTESIAN_POINT('',(137.474,16.727997,1.));
#5532 = DIRECTION('',(-0.,0.,-1.));
#5533 = DIRECTION('',(-0.,-1.,0.));
#5534 = FACE_BOUND('',#5535,.T.);
#5535 = EDGE_LOOP('',(#5536));
#5536 = ORIENTED_EDGE('',*,*,#5537,.T.);
#5537 = EDGE_CURVE('',#5538,#5538,#5540,.T.);
#5538 = VERTEX_POINT('',#5539);
#5539 = CARTESIAN_POINT('',(145.094,16.327997,1.));
#5540 = CIRCLE('',#5541,0.4);
#5541 = AXIS2_PLACEMENT_3D('',#5542,#5543,#5544);
#5542 = CARTESIAN_POINT('',(145.094,16.727997,1.));
#5543 = DIRECTION('',(-0.,0.,-1.));
#5544 = DIRECTION('',(-0.,-1.,0.));
#5545 = FACE_BOUND('',#5546,.T.);
#5546 = EDGE_LOOP('',(#5547));
#5547 = ORIENTED_EDGE('',*,*,#5548,.T.);
#5548 = EDGE_CURVE('',#5549,#5549,#5551,.T.);
#5549 = VERTEX_POINT('',#5550);
#5550 = CARTESIAN_POINT('',(149.92,15.465997,1.));
#5551 = CIRCLE('',#5552,0.5);
#5552 = AXIS2_PLACEMENT_3D('',#5553,#5554,#5555);
#5553 = CARTESIAN_POINT('',(149.92,15.965997,1.));
#5554 = DIRECTION('',(-0.,0.,-1.));
#5555 = DIRECTION('',(-0.,-1.,0.));
#5556 = FACE_BOUND('',#5557,.T.);
#5557 = EDGE_LOOP('',(#5558));
#5558 = ORIENTED_EDGE('',*,*,#5559,.T.);
#5559 = EDGE_CURVE('',#5560,#5560,#5562,.T.);
#5560 = VERTEX_POINT('',#5561);
#5561 = CARTESIAN_POINT('',(144.84,19.445997,1.));
#5562 = CIRCLE('',#5563,1.6);
#5563 = AXIS2_PLACEMENT_3D('',#5564,#5565,#5566);
#5564 = CARTESIAN_POINT('',(144.84,21.045997,1.));
#5565 = DIRECTION('',(-0.,0.,-1.));
#5566 = DIRECTION('',(-0.,-1.,0.));
#5567 = FACE_BOUND('',#5568,.T.);
#5568 = EDGE_LOOP('',(#5569));
#5569 = ORIENTED_EDGE('',*,*,#5570,.T.);
#5570 = EDGE_CURVE('',#5571,#5571,#5573,.T.);
#5571 = VERTEX_POINT('',#5572);
#5572 = CARTESIAN_POINT('',(149.92,18.005997,1.));
#5573 = CIRCLE('',#5574,0.5);
#5574 = AXIS2_PLACEMENT_3D('',#5575,#5576,#5577);
#5575 = CARTESIAN_POINT('',(149.92,18.505997,1.));
#5576 = DIRECTION('',(-0.,0.,-1.));
#5577 = DIRECTION('',(-0.,-1.,0.));
#5578 = FACE_BOUND('',#5579,.T.);
#5579 = EDGE_LOOP('',(#5580));
#5580 = ORIENTED_EDGE('',*,*,#5581,.T.);
#5581 = EDGE_CURVE('',#5582,#5582,#5584,.T.);
#5582 = VERTEX_POINT('',#5583);
#5583 = CARTESIAN_POINT('',(136.512,25.925997,1.));
#5584 = CIRCLE('',#5585,0.5);
#5585 = AXIS2_PLACEMENT_3D('',#5586,#5587,#5588);
#5586 = CARTESIAN_POINT('',(136.512,26.425997,1.));
#5587 = DIRECTION('',(-0.,0.,-1.));
#5588 = DIRECTION('',(-0.,-1.,0.));
#5589 = FACE_BOUND('',#5590,.T.);
#5590 = EDGE_LOOP('',(#5591));
#5591 = ORIENTED_EDGE('',*,*,#5592,.T.);
#5592 = EDGE_CURVE('',#5593,#5593,#5595,.T.);
#5593 = VERTEX_POINT('',#5594);
#5594 = CARTESIAN_POINT('',(148.712,25.775997,1.));
#5595 = CIRCLE('',#5596,0.65);
#5596 = AXIS2_PLACEMENT_3D('',#5597,#5598,#5599);
#5597 = CARTESIAN_POINT('',(148.712,26.425997,1.));
#5598 = DIRECTION('',(-0.,0.,-1.));
#5599 = DIRECTION('',(-0.,-1.,0.));
#5600 = FACE_BOUND('',#5601,.T.);
#5601 = EDGE_LOOP('',(#5602));
#5602 = ORIENTED_EDGE('',*,*,#5603,.T.);
#5603 = EDGE_CURVE('',#5604,#5604,#5606,.T.);
#5604 = VERTEX_POINT('',#5605);
#5605 = CARTESIAN_POINT('',(123.25,32.473997,1.));
#5606 = CIRCLE('',#5607,0.51);
#5607 = AXIS2_PLACEMENT_3D('',#5608,#5609,#5610);
#5608 = CARTESIAN_POINT('',(123.25,32.983997,1.));
#5609 = DIRECTION('',(-0.,0.,-1.));
#5610 = DIRECTION('',(-0.,-1.,0.));
#5611 = FACE_BOUND('',#5612,.T.);
#5612 = EDGE_LOOP('',(#5613));
#5613 = ORIENTED_EDGE('',*,*,#5614,.T.);
#5614 = EDGE_CURVE('',#5615,#5615,#5617,.T.);
#5615 = VERTEX_POINT('',#5616);
#5616 = CARTESIAN_POINT('',(128.712,27.757997,1.));
#5617 = CIRCLE('',#5618,0.4);
#5618 = AXIS2_PLACEMENT_3D('',#5619,#5620,#5621);
#5619 = CARTESIAN_POINT('',(128.712,28.157997,1.));
#5620 = DIRECTION('',(-0.,0.,-1.));
#5621 = DIRECTION('',(-0.,-1.,0.));
#5622 = FACE_BOUND('',#5623,.T.);
#5623 = EDGE_LOOP('',(#5624));
#5624 = ORIENTED_EDGE('',*,*,#5625,.T.);
#5625 = EDGE_CURVE('',#5626,#5626,#5628,.T.);
#5626 = VERTEX_POINT('',#5627);
#5627 = CARTESIAN_POINT('',(123.25,35.013997,1.));
#5628 = CIRCLE('',#5629,0.51);
#5629 = AXIS2_PLACEMENT_3D('',#5630,#5631,#5632);
#5630 = CARTESIAN_POINT('',(123.25,35.523997,1.));
#5631 = DIRECTION('',(-0.,0.,-1.));
#5632 = DIRECTION('',(-0.,-1.,0.));
#5633 = FACE_BOUND('',#5634,.T.);
#5634 = EDGE_LOOP('',(#5635));
#5635 = ORIENTED_EDGE('',*,*,#5636,.T.);
#5636 = EDGE_CURVE('',#5637,#5637,#5639,.T.);
#5637 = VERTEX_POINT('',#5638);
#5638 = CARTESIAN_POINT('',(123.25,37.553997,1.));
#5639 = CIRCLE('',#5640,0.51);
#5640 = AXIS2_PLACEMENT_3D('',#5641,#5642,#5643);
#5641 = CARTESIAN_POINT('',(123.25,38.063997,1.));
#5642 = DIRECTION('',(-0.,0.,-1.));
#5643 = DIRECTION('',(-0.,-1.,0.));
#5644 = FACE_BOUND('',#5645,.T.);
#5645 = EDGE_LOOP('',(#5646));
#5646 = ORIENTED_EDGE('',*,*,#5647,.T.);
#5647 = EDGE_CURVE('',#5648,#5648,#5650,.T.);
#5648 = VERTEX_POINT('',#5649);
#5649 = CARTESIAN_POINT('',(125.41,34.973997,1.));
#5650 = CIRCLE('',#5651,0.55);
#5651 = AXIS2_PLACEMENT_3D('',#5652,#5653,#5654);
#5652 = CARTESIAN_POINT('',(125.41,35.523997,1.));
#5653 = DIRECTION('',(-0.,0.,-1.));
#5654 = DIRECTION('',(-0.,-1.,0.));
#5655 = FACE_BOUND('',#5656,.T.);
#5656 = EDGE_LOOP('',(#5657));
#5657 = ORIENTED_EDGE('',*,*,#5658,.T.);
#5658 = EDGE_CURVE('',#5659,#5659,#5661,.T.);
#5659 = VERTEX_POINT('',#5660);
#5660 = CARTESIAN_POINT('',(128.712,37.917997,1.));
#5661 = CIRCLE('',#5662,0.4);
#5662 = AXIS2_PLACEMENT_3D('',#5663,#5664,#5665);
#5663 = CARTESIAN_POINT('',(128.712,38.317997,1.));
#5664 = DIRECTION('',(-0.,0.,-1.));
#5665 = DIRECTION('',(-0.,-1.,0.));
#5666 = FACE_BOUND('',#5667,.T.);
#5667 = EDGE_LOOP('',(#5668));
#5668 = ORIENTED_EDGE('',*,*,#5669,.T.);
#5669 = EDGE_CURVE('',#5670,#5670,#5672,.T.);
#5670 = VERTEX_POINT('',#5671);
#5671 = CARTESIAN_POINT('',(134.562,31.825997,1.));
#5672 = CIRCLE('',#5673,0.65);
#5673 = AXIS2_PLACEMENT_3D('',#5674,#5675,#5676);
#5674 = CARTESIAN_POINT('',(134.562,32.475997,1.));
#5675 = DIRECTION('',(-0.,0.,-1.));
#5676 = DIRECTION('',(-0.,-1.,0.));
#5677 = FACE_BOUND('',#5678,.T.);
#5678 = EDGE_LOOP('',(#5679));
#5679 = ORIENTED_EDGE('',*,*,#5680,.T.);
#5680 = EDGE_CURVE('',#5681,#5681,#5683,.T.);
#5681 = VERTEX_POINT('',#5682);
#5682 = CARTESIAN_POINT('',(136.512,37.925997,1.));
#5683 = CIRCLE('',#5684,0.5);
#5684 = AXIS2_PLACEMENT_3D('',#5685,#5686,#5687);
#5685 = CARTESIAN_POINT('',(136.512,38.425997,1.));
#5686 = DIRECTION('',(-0.,0.,-1.));
#5687 = DIRECTION('',(-0.,-1.,0.));
#5688 = FACE_BOUND('',#5689,.T.);
#5689 = EDGE_LOOP('',(#5690));
#5690 = ORIENTED_EDGE('',*,*,#5691,.T.);
#5691 = EDGE_CURVE('',#5692,#5692,#5694,.T.);
#5692 = VERTEX_POINT('',#5693);
#5693 = CARTESIAN_POINT('',(148.762,37.825997,1.));
#5694 = CIRCLE('',#5695,0.65);
#5695 = AXIS2_PLACEMENT_3D('',#5696,#5697,#5698);
#5696 = CARTESIAN_POINT('',(148.762,38.475997,1.));
#5697 = DIRECTION('',(-0.,0.,-1.));
#5698 = DIRECTION('',(-0.,-1.,0.));
#5699 = FACE_BOUND('',#5700,.T.);
#5700 = EDGE_LOOP('',(#5701));
#5701 = ORIENTED_EDGE('',*,*,#5702,.T.);
#5702 = EDGE_CURVE('',#5703,#5703,#5705,.T.);
#5703 = VERTEX_POINT('',#5704);
#5704 = CARTESIAN_POINT('',(90.484,43.459997,1.));
#5705 = CIRCLE('',#5706,0.7);
#5706 = AXIS2_PLACEMENT_3D('',#5707,#5708,#5709);
#5707 = CARTESIAN_POINT('',(90.484,44.159997,1.));
#5708 = DIRECTION('',(-0.,0.,-1.));
#5709 = DIRECTION('',(-2.030122102172E-14,-1.,0.));
#5710 = FACE_BOUND('',#5711,.T.);
#5711 = EDGE_LOOP('',(#5712));
#5712 = ORIENTED_EDGE('',*,*,#5713,.T.);
#5713 = EDGE_CURVE('',#5714,#5714,#5716,.T.);
#5714 = VERTEX_POINT('',#5715);
#5715 = CARTESIAN_POINT('',(107.628,40.093997,1.));
#5716 = CIRCLE('',#5717,0.51);
#5717 = AXIS2_PLACEMENT_3D('',#5718,#5719,#5720);
#5718 = CARTESIAN_POINT('',(107.628,40.603997,1.));
#5719 = DIRECTION('',(-0.,0.,-1.));
#5720 = DIRECTION('',(-0.,-1.,0.));
#5721 = FACE_BOUND('',#5722,.T.);
#5722 = EDGE_LOOP('',(#5723));
#5723 = ORIENTED_EDGE('',*,*,#5724,.T.);
#5724 = EDGE_CURVE('',#5725,#5725,#5727,.T.);
#5725 = VERTEX_POINT('',#5726);
#5726 = CARTESIAN_POINT('',(82.351333,53.833997,1.));
#5727 = CIRCLE('',#5728,1.);
#5728 = AXIS2_PLACEMENT_3D('',#5729,#5730,#5731);
#5729 = CARTESIAN_POINT('',(82.351333,54.833997,1.));
#5730 = DIRECTION('',(-0.,0.,-1.));
#5731 = DIRECTION('',(-0.,-1.,0.));
#5732 = FACE_BOUND('',#5733,.T.);
#5733 = EDGE_LOOP('',(#5734));
#5734 = ORIENTED_EDGE('',*,*,#5735,.T.);
#5735 = EDGE_CURVE('',#5736,#5736,#5738,.T.);
#5736 = VERTEX_POINT('',#5737);
#5737 = CARTESIAN_POINT('',(87.351333,53.833997,1.));
#5738 = CIRCLE('',#5739,1.);
#5739 = AXIS2_PLACEMENT_3D('',#5740,#5741,#5742);
#5740 = CARTESIAN_POINT('',(87.351333,54.833997,1.));
#5741 = DIRECTION('',(-0.,0.,-1.));
#5742 = DIRECTION('',(-0.,-1.,0.));
#5743 = FACE_BOUND('',#5744,.T.);
#5744 = EDGE_LOOP('',(#5745));
#5745 = ORIENTED_EDGE('',*,*,#5746,.T.);
#5746 = EDGE_CURVE('',#5747,#5747,#5749,.T.);
#5747 = VERTEX_POINT('',#5748);
#5748 = CARTESIAN_POINT('',(92.351333,53.833997,1.));
#5749 = CIRCLE('',#5750,1.);
#5750 = AXIS2_PLACEMENT_3D('',#5751,#5752,#5753);
#5751 = CARTESIAN_POINT('',(92.351333,54.833997,1.));
#5752 = DIRECTION('',(-0.,0.,-1.));
#5753 = DIRECTION('',(-0.,-1.,0.));
#5754 = FACE_BOUND('',#5755,.T.);
#5755 = EDGE_LOOP('',(#5756));
#5756 = ORIENTED_EDGE('',*,*,#5757,.T.);
#5757 = EDGE_CURVE('',#5758,#5758,#5760,.T.);
#5758 = VERTEX_POINT('',#5759);
#5759 = CARTESIAN_POINT('',(82.351333,60.933997,1.));
#5760 = CIRCLE('',#5761,1.);
#5761 = AXIS2_PLACEMENT_3D('',#5762,#5763,#5764);
#5762 = CARTESIAN_POINT('',(82.351333,61.933997,1.));
#5763 = DIRECTION('',(-0.,0.,-1.));
#5764 = DIRECTION('',(-0.,-1.,0.));
#5765 = FACE_BOUND('',#5766,.T.);
#5766 = EDGE_LOOP('',(#5767));
#5767 = ORIENTED_EDGE('',*,*,#5768,.T.);
#5768 = EDGE_CURVE('',#5769,#5769,#5771,.T.);
#5769 = VERTEX_POINT('',#5770);
#5770 = CARTESIAN_POINT('',(87.351333,60.933997,1.));
#5771 = CIRCLE('',#5772,1.);
#5772 = AXIS2_PLACEMENT_3D('',#5773,#5774,#5775);
#5773 = CARTESIAN_POINT('',(87.351333,61.933997,1.));
#5774 = DIRECTION('',(-0.,0.,-1.));
#5775 = DIRECTION('',(-0.,-1.,0.));
#5776 = FACE_BOUND('',#5777,.T.);
#5777 = EDGE_LOOP('',(#5778));
#5778 = ORIENTED_EDGE('',*,*,#5779,.T.);
#5779 = EDGE_CURVE('',#5780,#5780,#5782,.T.);
#5780 = VERTEX_POINT('',#5781);
#5781 = CARTESIAN_POINT('',(92.351333,60.933997,1.));
#5782 = CIRCLE('',#5783,1.);
#5783 = AXIS2_PLACEMENT_3D('',#5784,#5785,#5786);
#5784 = CARTESIAN_POINT('',(92.351333,61.933997,1.));
#5785 = DIRECTION('',(-0.,0.,-1.));
#5786 = DIRECTION('',(-0.,-1.,0.));
#5787 = FACE_BOUND('',#5788,.T.);
#5788 = EDGE_LOOP('',(#5789));
#5789 = ORIENTED_EDGE('',*,*,#5790,.T.);
#5790 = EDGE_CURVE('',#5791,#5791,#5793,.T.);
#5791 = VERTEX_POINT('',#5792);
#5792 = CARTESIAN_POINT('',(99.2,53.833997,1.));
#5793 = CIRCLE('',#5794,1.);
#5794 = AXIS2_PLACEMENT_3D('',#5795,#5796,#5797);
#5795 = CARTESIAN_POINT('',(99.2,54.833997,1.));
#5796 = DIRECTION('',(-0.,0.,-1.));
#5797 = DIRECTION('',(-0.,-1.,0.));
#5798 = FACE_BOUND('',#5799,.T.);
#5799 = EDGE_LOOP('',(#5800));
#5800 = ORIENTED_EDGE('',*,*,#5801,.T.);
#5801 = EDGE_CURVE('',#5802,#5802,#5804,.T.);
#5802 = VERTEX_POINT('',#5803);
#5803 = CARTESIAN_POINT('',(104.2,53.833997,1.));
#5804 = CIRCLE('',#5805,1.);
#5805 = AXIS2_PLACEMENT_3D('',#5806,#5807,#5808);
#5806 = CARTESIAN_POINT('',(104.2,54.833997,1.));
#5807 = DIRECTION('',(-0.,0.,-1.));
#5808 = DIRECTION('',(-0.,-1.,0.));
#5809 = FACE_BOUND('',#5810,.T.);
#5810 = EDGE_LOOP('',(#5811));
#5811 = ORIENTED_EDGE('',*,*,#5812,.T.);
#5812 = EDGE_CURVE('',#5813,#5813,#5815,.T.);
#5813 = VERTEX_POINT('',#5814);
#5814 = CARTESIAN_POINT('',(109.2,53.833997,1.));
#5815 = CIRCLE('',#5816,1.);
#5816 = AXIS2_PLACEMENT_3D('',#5817,#5818,#5819);
#5817 = CARTESIAN_POINT('',(109.2,54.833997,1.));
#5818 = DIRECTION('',(-0.,0.,-1.));
#5819 = DIRECTION('',(-0.,-1.,0.));
#5820 = FACE_BOUND('',#5821,.T.);
#5821 = EDGE_LOOP('',(#5822));
#5822 = ORIENTED_EDGE('',*,*,#5823,.T.);
#5823 = EDGE_CURVE('',#5824,#5824,#5826,.T.);
#5824 = VERTEX_POINT('',#5825);
#5825 = CARTESIAN_POINT('',(114.68,55.547997,1.));
#5826 = CIRCLE('',#5827,0.55);
#5827 = AXIS2_PLACEMENT_3D('',#5828,#5829,#5830);
#5828 = CARTESIAN_POINT('',(114.68,56.097997,1.));
#5829 = DIRECTION('',(-0.,0.,-1.));
#5830 = DIRECTION('',(-0.,-1.,0.));
#5831 = FACE_BOUND('',#5832,.T.);
#5832 = EDGE_LOOP('',(#5833));
#5833 = ORIENTED_EDGE('',*,*,#5834,.T.);
#5834 = EDGE_CURVE('',#5835,#5835,#5837,.T.);
#5835 = VERTEX_POINT('',#5836);
#5836 = CARTESIAN_POINT('',(99.2,60.933997,1.));
#5837 = CIRCLE('',#5838,1.);
#5838 = AXIS2_PLACEMENT_3D('',#5839,#5840,#5841);
#5839 = CARTESIAN_POINT('',(99.2,61.933997,1.));
#5840 = DIRECTION('',(-0.,0.,-1.));
#5841 = DIRECTION('',(-0.,-1.,0.));
#5842 = FACE_BOUND('',#5843,.T.);
#5843 = EDGE_LOOP('',(#5844));
#5844 = ORIENTED_EDGE('',*,*,#5845,.T.);
#5845 = EDGE_CURVE('',#5846,#5846,#5848,.T.);
#5846 = VERTEX_POINT('',#5847);
#5847 = CARTESIAN_POINT('',(104.2,60.933997,1.));
#5848 = CIRCLE('',#5849,1.);
#5849 = AXIS2_PLACEMENT_3D('',#5850,#5851,#5852);
#5850 = CARTESIAN_POINT('',(104.2,61.933997,1.));
#5851 = DIRECTION('',(-0.,0.,-1.));
#5852 = DIRECTION('',(-0.,-1.,0.));
#5853 = FACE_BOUND('',#5854,.T.);
#5854 = EDGE_LOOP('',(#5855));
#5855 = ORIENTED_EDGE('',*,*,#5856,.T.);
#5856 = EDGE_CURVE('',#5857,#5857,#5859,.T.);
#5857 = VERTEX_POINT('',#5858);
#5858 = CARTESIAN_POINT('',(109.2,60.933997,1.));
#5859 = CIRCLE('',#5860,1.);
#5860 = AXIS2_PLACEMENT_3D('',#5861,#5862,#5863);
#5861 = CARTESIAN_POINT('',(109.2,61.933997,1.));
#5862 = DIRECTION('',(-0.,0.,-1.));
#5863 = DIRECTION('',(-0.,-1.,0.));
#5864 = FACE_BOUND('',#5865,.T.);
#5865 = EDGE_LOOP('',(#5866));
#5866 = ORIENTED_EDGE('',*,*,#5867,.T.);
#5867 = EDGE_CURVE('',#5868,#5868,#5870,.T.);
#5868 = VERTEX_POINT('',#5869);
#5869 = CARTESIAN_POINT('',(114.68,60.627997,1.));
#5870 = CIRCLE('',#5871,0.55);
#5871 = AXIS2_PLACEMENT_3D('',#5872,#5873,#5874);
#5872 = CARTESIAN_POINT('',(114.68,61.177997,1.));
#5873 = DIRECTION('',(-0.,0.,-1.));
#5874 = DIRECTION('',(-0.,-1.,0.));
#5875 = FACE_BOUND('',#5876,.T.);
#5876 = EDGE_LOOP('',(#5877));
#5877 = ORIENTED_EDGE('',*,*,#5878,.T.);
#5878 = EDGE_CURVE('',#5879,#5879,#5881,.T.);
#5879 = VERTEX_POINT('',#5880);
#5880 = CARTESIAN_POINT('',(123.25,40.093997,1.));
#5881 = CIRCLE('',#5882,0.51);
#5882 = AXIS2_PLACEMENT_3D('',#5883,#5884,#5885);
#5883 = CARTESIAN_POINT('',(123.25,40.603997,1.));
#5884 = DIRECTION('',(-0.,0.,-1.));
#5885 = DIRECTION('',(-0.,-1.,0.));
#5886 = FACE_BOUND('',#5887,.T.);
#5887 = EDGE_LOOP('',(#5888));
#5888 = ORIENTED_EDGE('',*,*,#5889,.T.);
#5889 = EDGE_CURVE('',#5890,#5890,#5892,.T.);
#5890 = VERTEX_POINT('',#5891);
#5891 = CARTESIAN_POINT('',(133.426,46.895997,1.));
#5892 = CIRCLE('',#5893,0.55);
#5893 = AXIS2_PLACEMENT_3D('',#5894,#5895,#5896);
#5894 = CARTESIAN_POINT('',(133.426,47.445997,1.));
#5895 = DIRECTION('',(-0.,0.,-1.));
#5896 = DIRECTION('',(-0.,-1.,0.));
#5897 = FACE_BOUND('',#5898,.T.);
#5898 = EDGE_LOOP('',(#5899));
#5899 = ORIENTED_EDGE('',*,*,#5900,.T.);
#5900 = EDGE_CURVE('',#5901,#5901,#5903,.T.);
#5901 = VERTEX_POINT('',#5902);
#5902 = CARTESIAN_POINT('',(135.966,46.895997,1.));
#5903 = CIRCLE('',#5904,0.55);
#5904 = AXIS2_PLACEMENT_3D('',#5905,#5906,#5907);
#5905 = CARTESIAN_POINT('',(135.966,47.445997,1.));
#5906 = DIRECTION('',(-0.,0.,-1.));
#5907 = DIRECTION('',(-0.,-1.,0.));
#5908 = FACE_BOUND('',#5909,.T.);
#5909 = EDGE_LOOP('',(#5910));
#5910 = ORIENTED_EDGE('',*,*,#5911,.T.);
#5911 = EDGE_CURVE('',#5912,#5912,#5914,.T.);
#5912 = VERTEX_POINT('',#5913);
#5913 = CARTESIAN_POINT('',(138.506,46.895997,1.));
#5914 = CIRCLE('',#5915,0.55);
#5915 = AXIS2_PLACEMENT_3D('',#5916,#5917,#5918);
#5916 = CARTESIAN_POINT('',(138.506,47.445997,1.));
#5917 = DIRECTION('',(-0.,0.,-1.));
#5918 = DIRECTION('',(-0.,-1.,0.));
#5919 = FACE_BOUND('',#5920,.T.);
#5920 = EDGE_LOOP('',(#5921));
#5921 = ORIENTED_EDGE('',*,*,#5922,.T.);
#5922 = EDGE_CURVE('',#5923,#5923,#5925,.T.);
#5923 = VERTEX_POINT('',#5924);
#5924 = CARTESIAN_POINT('',(149.158,45.875997,1.));
#5925 = CIRCLE('',#5926,0.65);
#5926 = AXIS2_PLACEMENT_3D('',#5927,#5928,#5929);
#5927 = CARTESIAN_POINT('',(149.158,46.525997,1.));
#5928 = DIRECTION('',(-0.,0.,-1.));
#5929 = DIRECTION('',(-4.372570681601E-14,-1.,0.));
#5930 = FACE_BOUND('',#5931,.T.);
#5931 = EDGE_LOOP('',(#5932));
#5932 = ORIENTED_EDGE('',*,*,#5933,.T.);
#5933 = EDGE_CURVE('',#5934,#5934,#5936,.T.);
#5934 = VERTEX_POINT('',#5935);
#5935 = CARTESIAN_POINT('',(131.426,53.395997,1.));
#5936 = CIRCLE('',#5937,0.4);
#5937 = AXIS2_PLACEMENT_3D('',#5938,#5939,#5940);
#5938 = CARTESIAN_POINT('',(131.426,53.795997,1.));
#5939 = DIRECTION('',(-0.,0.,-1.));
#5940 = DIRECTION('',(-0.,-1.,0.));
#5941 = FACE_BOUND('',#5942,.T.);
#5942 = EDGE_LOOP('',(#5943));
#5943 = ORIENTED_EDGE('',*,*,#5944,.T.);
#5944 = EDGE_CURVE('',#5945,#5945,#5947,.T.);
#5945 = VERTEX_POINT('',#5946);
#5946 = CARTESIAN_POINT('',(133.426,53.395997,1.));
#5947 = CIRCLE('',#5948,0.4);
#5948 = AXIS2_PLACEMENT_3D('',#5949,#5950,#5951);
#5949 = CARTESIAN_POINT('',(133.426,53.795997,1.));
#5950 = DIRECTION('',(-0.,0.,-1.));
#5951 = DIRECTION('',(-0.,-1.,0.));
#5952 = FACE_BOUND('',#5953,.T.);
#5953 = EDGE_LOOP('',(#5954));
#5954 = ORIENTED_EDGE('',*,*,#5955,.T.);
#5955 = EDGE_CURVE('',#5956,#5956,#5958,.T.);
#5956 = VERTEX_POINT('',#5957);
#5957 = CARTESIAN_POINT('',(138.506,53.395997,1.));
#5958 = CIRCLE('',#5959,0.4);
#5959 = AXIS2_PLACEMENT_3D('',#5960,#5961,#5962);
#5960 = CARTESIAN_POINT('',(138.506,53.795997,1.));
#5961 = DIRECTION('',(-0.,0.,-1.));
#5962 = DIRECTION('',(-0.,-1.,0.));
#5963 = FACE_BOUND('',#5964,.T.);
#5964 = EDGE_LOOP('',(#5965));
#5965 = ORIENTED_EDGE('',*,*,#5966,.T.);
#5966 = EDGE_CURVE('',#5967,#5967,#5969,.T.);
#5967 = VERTEX_POINT('',#5968);
#5968 = CARTESIAN_POINT('',(140.506,53.395997,1.));
#5969 = CIRCLE('',#5970,0.4);
#5970 = AXIS2_PLACEMENT_3D('',#5971,#5972,#5973);
#5971 = CARTESIAN_POINT('',(140.506,53.795997,1.));
#5972 = DIRECTION('',(-0.,0.,-1.));
#5973 = DIRECTION('',(-0.,-1.,0.));
#5974 = FACE_BOUND('',#5975,.T.);
#5975 = EDGE_LOOP('',(#5976));
#5976 = ORIENTED_EDGE('',*,*,#5977,.T.);
#5977 = EDGE_CURVE('',#5978,#5978,#5980,.T.);
#5978 = VERTEX_POINT('',#5979);
#5979 = CARTESIAN_POINT('',(149.158,50.875997,1.));
#5980 = CIRCLE('',#5981,0.65);
#5981 = AXIS2_PLACEMENT_3D('',#5982,#5983,#5984);
#5982 = CARTESIAN_POINT('',(149.158,51.525997,1.));
#5983 = DIRECTION('',(-0.,0.,-1.));
#5984 = DIRECTION('',(-4.372570681601E-14,-1.,0.));
#5985 = FACE_BOUND('',#5986,.T.);
#5986 = EDGE_LOOP('',(#5987));
#5987 = ORIENTED_EDGE('',*,*,#5988,.T.);
#5988 = EDGE_CURVE('',#5989,#5989,#5991,.T.);
#5989 = VERTEX_POINT('',#5990);
#5990 = CARTESIAN_POINT('',(150.5,59.1,1.));
#5991 = CIRCLE('',#5992,1.6);
#5992 = AXIS2_PLACEMENT_3D('',#5993,#5994,#5995);
#5993 = CARTESIAN_POINT('',(150.5,60.7,1.));
#5994 = DIRECTION('',(-0.,0.,-1.));
#5995 = DIRECTION('',(-0.,-1.,0.));
#5996 = PLANE('',#5997);
#5997 = AXIS2_PLACEMENT_3D('',#5998,#5999,#6000);
#5998 = CARTESIAN_POINT('',(0.,0.,1.));
#5999 = DIRECTION('',(0.,0.,1.));
#6000 = DIRECTION('',(1.,0.,-0.));
#6001 = ADVANCED_FACE('',(#6002),#6008,.T.);
#6002 = FACE_BOUND('',#6003,.T.);
#6003 = EDGE_LOOP('',(#6004,#6005,#6006,#6007));
#6004 = ORIENTED_EDGE('',*,*,#119,.T.);
#6005 = ORIENTED_EDGE('',*,*,#3075,.T.);
#6006 = ORIENTED_EDGE('',*,*,#79,.F.);
#6007 = ORIENTED_EDGE('',*,*,#143,.F.);
#6008 = PLANE('',#6009);
#6009 = AXIS2_PLACEMENT_3D('',#6010,#6011,#6012);
#6010 = CARTESIAN_POINT('',(5.508,65.749997,0.));
#6011 = DIRECTION('',(0.,1.,0.));
#6012 = DIRECTION('',(1.,0.,0.));
#6013 = ADVANCED_FACE('',(#6014),#6025,.F.);
#6014 = FACE_BOUND('',#6015,.T.);
#6015 = EDGE_LOOP('',(#6016,#6017,#6023,#6024));
#6016 = ORIENTED_EDGE('',*,*,#152,.T.);
#6017 = ORIENTED_EDGE('',*,*,#6018,.T.);
#6018 = EDGE_CURVE('',#153,#3085,#6019,.T.);
#6019 = LINE('',#6020,#6021);
#6020 = CARTESIAN_POINT('',(10.5,-30.9,-4.6E-02));
#6021 = VECTOR('',#6022,1.);
#6022 = DIRECTION('',(0.,0.,1.));
#6023 = ORIENTED_EDGE('',*,*,#3084,.F.);
#6024 = ORIENTED_EDGE('',*,*,#6018,.F.);
#6025 = CYLINDRICAL_SURFACE('',#6026,1.6);
#6026 = AXIS2_PLACEMENT_3D('',#6027,#6028,#6029);
#6027 = CARTESIAN_POINT('',(10.5,-29.3,-4.6E-02));
#6028 = DIRECTION('',(-0.,-0.,-1.));
#6029 = DIRECTION('',(-0.,-1.,0.));
#6030 = ADVANCED_FACE('',(#6031),#6042,.F.);
#6031 = FACE_BOUND('',#6032,.T.);
#6032 = EDGE_LOOP('',(#6033,#6034,#6040,#6041));
#6033 = ORIENTED_EDGE('',*,*,#163,.T.);
#6034 = ORIENTED_EDGE('',*,*,#6035,.T.);
#6035 = EDGE_CURVE('',#164,#3096,#6036,.T.);
#6036 = LINE('',#6037,#6038);
#6037 = CARTESIAN_POINT('',(23.976,-30.662003,-4.6E-02));
#6038 = VECTOR('',#6039,1.);
#6039 = DIRECTION('',(0.,0.,1.));
#6040 = ORIENTED_EDGE('',*,*,#3095,.F.);
#6041 = ORIENTED_EDGE('',*,*,#6035,.F.);
#6042 = CYLINDRICAL_SURFACE('',#6043,0.4);
#6043 = AXIS2_PLACEMENT_3D('',#6044,#6045,#6046);
#6044 = CARTESIAN_POINT('',(23.976,-30.262003,-4.6E-02));
#6045 = DIRECTION('',(-0.,-0.,-1.));
#6046 = DIRECTION('',(-0.,-1.,0.));
#6047 = ADVANCED_FACE('',(#6048),#6059,.F.);
#6048 = FACE_BOUND('',#6049,.T.);
#6049 = EDGE_LOOP('',(#6050,#6051,#6057,#6058));
#6050 = ORIENTED_EDGE('',*,*,#174,.T.);
#6051 = ORIENTED_EDGE('',*,*,#6052,.T.);
#6052 = EDGE_CURVE('',#175,#3107,#6053,.T.);
#6053 = LINE('',#6054,#6055);
#6054 = CARTESIAN_POINT('',(24.19,-27.868003,-4.6E-02));
#6055 = VECTOR('',#6056,1.);
#6056 = DIRECTION('',(0.,0.,1.));
#6057 = ORIENTED_EDGE('',*,*,#3106,.F.);
#6058 = ORIENTED_EDGE('',*,*,#6052,.F.);
#6059 = CYLINDRICAL_SURFACE('',#6060,0.4);
#6060 = AXIS2_PLACEMENT_3D('',#6061,#6062,#6063);
#6061 = CARTESIAN_POINT('',(24.19,-27.468003,-4.6E-02));
#6062 = DIRECTION('',(-0.,0.,-1.));
#6063 = DIRECTION('',(8.881784197001E-15,-1.,-0.));
#6064 = ADVANCED_FACE('',(#6065),#6076,.F.);
#6065 = FACE_BOUND('',#6066,.T.);
#6066 = EDGE_LOOP('',(#6067,#6068,#6074,#6075));
#6067 = ORIENTED_EDGE('',*,*,#185,.T.);
#6068 = ORIENTED_EDGE('',*,*,#6069,.T.);
#6069 = EDGE_CURVE('',#186,#3118,#6070,.T.);
#6070 = LINE('',#6071,#6072);
#6071 = CARTESIAN_POINT('',(28.976,-30.662003,-4.6E-02));
#6072 = VECTOR('',#6073,1.);
#6073 = DIRECTION('',(0.,0.,1.));
#6074 = ORIENTED_EDGE('',*,*,#3117,.F.);
#6075 = ORIENTED_EDGE('',*,*,#6069,.F.);
#6076 = CYLINDRICAL_SURFACE('',#6077,0.4);
#6077 = AXIS2_PLACEMENT_3D('',#6078,#6079,#6080);
#6078 = CARTESIAN_POINT('',(28.976,-30.262003,-4.6E-02));
#6079 = DIRECTION('',(-0.,-0.,-1.));
#6080 = DIRECTION('',(-0.,-1.,0.));
#6081 = ADVANCED_FACE('',(#6082),#6093,.F.);
#6082 = FACE_BOUND('',#6083,.T.);
#6083 = EDGE_LOOP('',(#6084,#6085,#6091,#6092));
#6084 = ORIENTED_EDGE('',*,*,#196,.T.);
#6085 = ORIENTED_EDGE('',*,*,#6086,.T.);
#6086 = EDGE_CURVE('',#197,#3129,#6087,.T.);
#6087 = LINE('',#6088,#6089);
#6088 = CARTESIAN_POINT('',(28.508,-27.868003,-4.6E-02));
#6089 = VECTOR('',#6090,1.);
#6090 = DIRECTION('',(0.,0.,1.));
#6091 = ORIENTED_EDGE('',*,*,#3128,.F.);
#6092 = ORIENTED_EDGE('',*,*,#6086,.F.);
#6093 = CYLINDRICAL_SURFACE('',#6094,0.4);
#6094 = AXIS2_PLACEMENT_3D('',#6095,#6096,#6097);
#6095 = CARTESIAN_POINT('',(28.508,-27.468003,-4.6E-02));
#6096 = DIRECTION('',(-0.,-0.,-1.));
#6097 = DIRECTION('',(-8.881784197001E-15,-1.,0.));
#6098 = ADVANCED_FACE('',(#6099),#6110,.F.);
#6099 = FACE_BOUND('',#6100,.T.);
#6100 = EDGE_LOOP('',(#6101,#6102,#6108,#6109));
#6101 = ORIENTED_EDGE('',*,*,#207,.T.);
#6102 = ORIENTED_EDGE('',*,*,#6103,.T.);
#6103 = EDGE_CURVE('',#208,#3140,#6104,.T.);
#6104 = LINE('',#6105,#6106);
#6105 = CARTESIAN_POINT('',(38.922,-30.916003,-4.6E-02));
#6106 = VECTOR('',#6107,1.);
#6107 = DIRECTION('',(0.,0.,1.));
#6108 = ORIENTED_EDGE('',*,*,#3139,.F.);
#6109 = ORIENTED_EDGE('',*,*,#6103,.F.);
#6110 = CYLINDRICAL_SURFACE('',#6111,0.4);
#6111 = AXIS2_PLACEMENT_3D('',#6112,#6113,#6114);
#6112 = CARTESIAN_POINT('',(38.922,-30.516003,-4.6E-02));
#6113 = DIRECTION('',(-0.,-0.,-1.));
#6114 = DIRECTION('',(-0.,-1.,0.));
#6115 = ADVANCED_FACE('',(#6116),#6127,.F.);
#6116 = FACE_BOUND('',#6117,.T.);
#6117 = EDGE_LOOP('',(#6118,#6119,#6125,#6126));
#6118 = ORIENTED_EDGE('',*,*,#218,.T.);
#6119 = ORIENTED_EDGE('',*,*,#6120,.T.);
#6120 = EDGE_CURVE('',#219,#3151,#6121,.T.);
#6121 = LINE('',#6122,#6123);
#6122 = CARTESIAN_POINT('',(41.462,-30.916003,-4.6E-02));
#6123 = VECTOR('',#6124,1.);
#6124 = DIRECTION('',(0.,0.,1.));
#6125 = ORIENTED_EDGE('',*,*,#3150,.F.);
#6126 = ORIENTED_EDGE('',*,*,#6120,.F.);
#6127 = CYLINDRICAL_SURFACE('',#6128,0.4);
#6128 = AXIS2_PLACEMENT_3D('',#6129,#6130,#6131);
#6129 = CARTESIAN_POINT('',(41.462,-30.516003,-4.6E-02));
#6130 = DIRECTION('',(-0.,-0.,-1.));
#6131 = DIRECTION('',(-0.,-1.,0.));
#6132 = ADVANCED_FACE('',(#6133),#6144,.F.);
#6133 = FACE_BOUND('',#6134,.T.);
#6134 = EDGE_LOOP('',(#6135,#6136,#6142,#6143));
#6135 = ORIENTED_EDGE('',*,*,#229,.T.);
#6136 = ORIENTED_EDGE('',*,*,#6137,.T.);
#6137 = EDGE_CURVE('',#230,#3162,#6138,.T.);
#6138 = LINE('',#6139,#6140);
#6139 = CARTESIAN_POINT('',(44.002,-30.916003,-4.6E-02));
#6140 = VECTOR('',#6141,1.);
#6141 = DIRECTION('',(0.,0.,1.));
#6142 = ORIENTED_EDGE('',*,*,#3161,.F.);
#6143 = ORIENTED_EDGE('',*,*,#6137,.F.);
#6144 = CYLINDRICAL_SURFACE('',#6145,0.4);
#6145 = AXIS2_PLACEMENT_3D('',#6146,#6147,#6148);
#6146 = CARTESIAN_POINT('',(44.002,-30.516003,-4.6E-02));
#6147 = DIRECTION('',(-0.,0.,-1.));
#6148 = DIRECTION('',(1.7763568394E-14,-1.,-0.));
#6149 = ADVANCED_FACE('',(#6150),#6161,.F.);
#6150 = FACE_BOUND('',#6151,.T.);
#6151 = EDGE_LOOP('',(#6152,#6153,#6159,#6160));
#6152 = ORIENTED_EDGE('',*,*,#240,.T.);
#6153 = ORIENTED_EDGE('',*,*,#6154,.T.);
#6154 = EDGE_CURVE('',#241,#3173,#6155,.T.);
#6155 = LINE('',#6156,#6157);
#6156 = CARTESIAN_POINT('',(38.922,-23.296003,-4.6E-02));
#6157 = VECTOR('',#6158,1.);
#6158 = DIRECTION('',(0.,0.,1.));
#6159 = ORIENTED_EDGE('',*,*,#3172,.F.);
#6160 = ORIENTED_EDGE('',*,*,#6154,.F.);
#6161 = CYLINDRICAL_SURFACE('',#6162,0.4);
#6162 = AXIS2_PLACEMENT_3D('',#6163,#6164,#6165);
#6163 = CARTESIAN_POINT('',(38.922,-22.896003,-4.6E-02));
#6164 = DIRECTION('',(-0.,-0.,-1.));
#6165 = DIRECTION('',(-0.,-1.,0.));
#6166 = ADVANCED_FACE('',(#6167),#6178,.F.);
#6167 = FACE_BOUND('',#6168,.T.);
#6168 = EDGE_LOOP('',(#6169,#6170,#6176,#6177));
#6169 = ORIENTED_EDGE('',*,*,#251,.T.);
#6170 = ORIENTED_EDGE('',*,*,#6171,.T.);
#6171 = EDGE_CURVE('',#252,#3184,#6172,.T.);
#6172 = LINE('',#6173,#6174);
#6173 = CARTESIAN_POINT('',(41.462,-23.296003,-4.6E-02));
#6174 = VECTOR('',#6175,1.);
#6175 = DIRECTION('',(0.,0.,1.));
#6176 = ORIENTED_EDGE('',*,*,#3183,.F.);
#6177 = ORIENTED_EDGE('',*,*,#6171,.F.);
#6178 = CYLINDRICAL_SURFACE('',#6179,0.4);
#6179 = AXIS2_PLACEMENT_3D('',#6180,#6181,#6182);
#6180 = CARTESIAN_POINT('',(41.462,-22.896003,-4.6E-02));
#6181 = DIRECTION('',(-0.,-0.,-1.));
#6182 = DIRECTION('',(-0.,-1.,0.));
#6183 = ADVANCED_FACE('',(#6184),#6195,.F.);
#6184 = FACE_BOUND('',#6185,.T.);
#6185 = EDGE_LOOP('',(#6186,#6187,#6193,#6194));
#6186 = ORIENTED_EDGE('',*,*,#262,.T.);
#6187 = ORIENTED_EDGE('',*,*,#6188,.T.);
#6188 = EDGE_CURVE('',#263,#3195,#6189,.T.);
#6189 = LINE('',#6190,#6191);
#6190 = CARTESIAN_POINT('',(44.002,-23.296003,-4.6E-02));
#6191 = VECTOR('',#6192,1.);
#6192 = DIRECTION('',(0.,0.,1.));
#6193 = ORIENTED_EDGE('',*,*,#3194,.F.);
#6194 = ORIENTED_EDGE('',*,*,#6188,.F.);
#6195 = CYLINDRICAL_SURFACE('',#6196,0.4);
#6196 = AXIS2_PLACEMENT_3D('',#6197,#6198,#6199);
#6197 = CARTESIAN_POINT('',(44.002,-22.896003,-4.6E-02));
#6198 = DIRECTION('',(-0.,0.,-1.));
#6199 = DIRECTION('',(1.7763568394E-14,-1.,-0.));
#6200 = ADVANCED_FACE('',(#6201),#6212,.F.);
#6201 = FACE_BOUND('',#6202,.T.);
#6202 = EDGE_LOOP('',(#6203,#6204,#6210,#6211));
#6203 = ORIENTED_EDGE('',*,*,#273,.T.);
#6204 = ORIENTED_EDGE('',*,*,#6205,.T.);
#6205 = EDGE_CURVE('',#274,#3206,#6206,.T.);
#6206 = LINE('',#6207,#6208);
#6207 = CARTESIAN_POINT('',(24.19,-15.168003,-4.6E-02));
#6208 = VECTOR('',#6209,1.);
#6209 = DIRECTION('',(0.,0.,1.));
#6210 = ORIENTED_EDGE('',*,*,#3205,.F.);
#6211 = ORIENTED_EDGE('',*,*,#6205,.F.);
#6212 = CYLINDRICAL_SURFACE('',#6213,0.4);
#6213 = AXIS2_PLACEMENT_3D('',#6214,#6215,#6216);
#6214 = CARTESIAN_POINT('',(24.19,-14.768003,-4.6E-02));
#6215 = DIRECTION('',(-0.,0.,-1.));
#6216 = DIRECTION('',(8.881784197001E-15,-1.,-0.));
#6217 = ADVANCED_FACE('',(#6218),#6229,.F.);
#6218 = FACE_BOUND('',#6219,.T.);
#6219 = EDGE_LOOP('',(#6220,#6221,#6227,#6228));
#6220 = ORIENTED_EDGE('',*,*,#284,.T.);
#6221 = ORIENTED_EDGE('',*,*,#6222,.T.);
#6222 = EDGE_CURVE('',#285,#3217,#6223,.T.);
#6223 = LINE('',#6224,#6225);
#6224 = CARTESIAN_POINT('',(32.652,-19.232003,-4.6E-02));
#6225 = VECTOR('',#6226,1.);
#6226 = DIRECTION('',(0.,0.,1.));
#6227 = ORIENTED_EDGE('',*,*,#3216,.F.);
#6228 = ORIENTED_EDGE('',*,*,#6222,.F.);
#6229 = CYLINDRICAL_SURFACE('',#6230,0.4);
#6230 = AXIS2_PLACEMENT_3D('',#6231,#6232,#6233);
#6231 = CARTESIAN_POINT('',(32.652,-18.832003,-4.6E-02));
#6232 = DIRECTION('',(-0.,-0.,-1.));
#6233 = DIRECTION('',(-0.,-1.,0.));
#6234 = ADVANCED_FACE('',(#6235),#6246,.F.);
#6235 = FACE_BOUND('',#6236,.T.);
#6236 = EDGE_LOOP('',(#6237,#6238,#6244,#6245));
#6237 = ORIENTED_EDGE('',*,*,#295,.T.);
#6238 = ORIENTED_EDGE('',*,*,#6239,.T.);
#6239 = EDGE_CURVE('',#296,#3228,#6240,.T.);
#6240 = LINE('',#6241,#6242);
#6241 = CARTESIAN_POINT('',(28.508,-15.168003,-4.6E-02));
#6242 = VECTOR('',#6243,1.);
#6243 = DIRECTION('',(0.,0.,1.));
#6244 = ORIENTED_EDGE('',*,*,#3227,.F.);
#6245 = ORIENTED_EDGE('',*,*,#6239,.F.);
#6246 = CYLINDRICAL_SURFACE('',#6247,0.4);
#6247 = AXIS2_PLACEMENT_3D('',#6248,#6249,#6250);
#6248 = CARTESIAN_POINT('',(28.508,-14.768003,-4.6E-02));
#6249 = DIRECTION('',(-0.,-0.,-1.));
#6250 = DIRECTION('',(-8.881784197001E-15,-1.,0.));
#6251 = ADVANCED_FACE('',(#6252),#6263,.F.);
#6252 = FACE_BOUND('',#6253,.T.);
#6253 = EDGE_LOOP('',(#6254,#6255,#6261,#6262));
#6254 = ORIENTED_EDGE('',*,*,#306,.T.);
#6255 = ORIENTED_EDGE('',*,*,#6256,.T.);
#6256 = EDGE_CURVE('',#307,#3239,#6257,.T.);
#6257 = LINE('',#6258,#6259);
#6258 = CARTESIAN_POINT('',(32.572,-16.438003,-4.6E-02));
#6259 = VECTOR('',#6260,1.);
#6260 = DIRECTION('',(0.,0.,1.));
#6261 = ORIENTED_EDGE('',*,*,#3238,.F.);
#6262 = ORIENTED_EDGE('',*,*,#6256,.F.);
#6263 = CYLINDRICAL_SURFACE('',#6264,0.4);
#6264 = AXIS2_PLACEMENT_3D('',#6265,#6266,#6267);
#6265 = CARTESIAN_POINT('',(32.572,-16.038003,-4.6E-02));
#6266 = DIRECTION('',(-0.,-0.,-1.));
#6267 = DIRECTION('',(-0.,-1.,0.));
#6268 = ADVANCED_FACE('',(#6269),#6280,.F.);
#6269 = FACE_BOUND('',#6270,.T.);
#6270 = EDGE_LOOP('',(#6271,#6272,#6278,#6279));
#6271 = ORIENTED_EDGE('',*,*,#317,.T.);
#6272 = ORIENTED_EDGE('',*,*,#6273,.T.);
#6273 = EDGE_CURVE('',#318,#3250,#6274,.T.);
#6274 = LINE('',#6275,#6276);
#6275 = CARTESIAN_POINT('',(37.652,-19.232003,-4.6E-02));
#6276 = VECTOR('',#6277,1.);
#6277 = DIRECTION('',(0.,0.,1.));
#6278 = ORIENTED_EDGE('',*,*,#3249,.F.);
#6279 = ORIENTED_EDGE('',*,*,#6273,.F.);
#6280 = CYLINDRICAL_SURFACE('',#6281,0.4);
#6281 = AXIS2_PLACEMENT_3D('',#6282,#6283,#6284);
#6282 = CARTESIAN_POINT('',(37.652,-18.832003,-4.6E-02));
#6283 = DIRECTION('',(-0.,-0.,-1.));
#6284 = DIRECTION('',(-0.,-1.,0.));
#6285 = ADVANCED_FACE('',(#6286),#6297,.F.);
#6286 = FACE_BOUND('',#6287,.T.);
#6287 = EDGE_LOOP('',(#6288,#6289,#6295,#6296));
#6288 = ORIENTED_EDGE('',*,*,#328,.T.);
#6289 = ORIENTED_EDGE('',*,*,#6290,.T.);
#6290 = EDGE_CURVE('',#329,#3261,#6291,.T.);
#6291 = LINE('',#6292,#6293);
#6292 = CARTESIAN_POINT('',(37.652,-16.438003,-4.6E-02));
#6293 = VECTOR('',#6294,1.);
#6294 = DIRECTION('',(0.,0.,1.));
#6295 = ORIENTED_EDGE('',*,*,#3260,.F.);
#6296 = ORIENTED_EDGE('',*,*,#6290,.F.);
#6297 = CYLINDRICAL_SURFACE('',#6298,0.4);
#6298 = AXIS2_PLACEMENT_3D('',#6299,#6300,#6301);
#6299 = CARTESIAN_POINT('',(37.652,-16.038003,-4.6E-02));
#6300 = DIRECTION('',(-0.,-0.,-1.));
#6301 = DIRECTION('',(-0.,-1.,0.));
#6302 = ADVANCED_FACE('',(#6303),#6314,.F.);
#6303 = FACE_BOUND('',#6304,.T.);
#6304 = EDGE_LOOP('',(#6305,#6306,#6312,#6313));
#6305 = ORIENTED_EDGE('',*,*,#339,.T.);
#6306 = ORIENTED_EDGE('',*,*,#6307,.T.);
#6307 = EDGE_CURVE('',#340,#3272,#6308,.T.);
#6308 = LINE('',#6309,#6310);
#6309 = CARTESIAN_POINT('',(46.542,-30.916003,-4.6E-02));
#6310 = VECTOR('',#6311,1.);
#6311 = DIRECTION('',(0.,0.,1.));
#6312 = ORIENTED_EDGE('',*,*,#3271,.F.);
#6313 = ORIENTED_EDGE('',*,*,#6307,.F.);
#6314 = CYLINDRICAL_SURFACE('',#6315,0.4);
#6315 = AXIS2_PLACEMENT_3D('',#6316,#6317,#6318);
#6316 = CARTESIAN_POINT('',(46.542,-30.516003,-4.6E-02));
#6317 = DIRECTION('',(-0.,-0.,-1.));
#6318 = DIRECTION('',(-0.,-1.,0.));
#6319 = ADVANCED_FACE('',(#6320),#6331,.F.);
#6320 = FACE_BOUND('',#6321,.T.);
#6321 = EDGE_LOOP('',(#6322,#6323,#6329,#6330));
#6322 = ORIENTED_EDGE('',*,*,#350,.T.);
#6323 = ORIENTED_EDGE('',*,*,#6324,.T.);
#6324 = EDGE_CURVE('',#351,#3283,#6325,.T.);
#6325 = LINE('',#6326,#6327);
#6326 = CARTESIAN_POINT('',(46.542,-23.296003,-4.6E-02));
#6327 = VECTOR('',#6328,1.);
#6328 = DIRECTION('',(0.,0.,1.));
#6329 = ORIENTED_EDGE('',*,*,#3282,.F.);
#6330 = ORIENTED_EDGE('',*,*,#6324,.F.);
#6331 = CYLINDRICAL_SURFACE('',#6332,0.4);
#6332 = AXIS2_PLACEMENT_3D('',#6333,#6334,#6335);
#6333 = CARTESIAN_POINT('',(46.542,-22.896003,-4.6E-02));
#6334 = DIRECTION('',(-0.,-0.,-1.));
#6335 = DIRECTION('',(-0.,-1.,0.));
#6336 = ADVANCED_FACE('',(#6337),#6348,.F.);
#6337 = FACE_BOUND('',#6338,.T.);
#6338 = EDGE_LOOP('',(#6339,#6340,#6346,#6347));
#6339 = ORIENTED_EDGE('',*,*,#361,.T.);
#6340 = ORIENTED_EDGE('',*,*,#6341,.T.);
#6341 = EDGE_CURVE('',#362,#3294,#6342,.T.);
#6342 = LINE('',#6343,#6344);
#6343 = CARTESIAN_POINT('',(51.384,-18.233003,-4.6E-02));
#6344 = VECTOR('',#6345,1.);
#6345 = DIRECTION('',(0.,0.,1.));
#6346 = ORIENTED_EDGE('',*,*,#3293,.F.);
#6347 = ORIENTED_EDGE('',*,*,#6341,.F.);
#6348 = CYLINDRICAL_SURFACE('',#6349,0.375);
#6349 = AXIS2_PLACEMENT_3D('',#6350,#6351,#6352);
#6350 = CARTESIAN_POINT('',(51.384,-17.858003,-4.6E-02));
#6351 = DIRECTION('',(-0.,-0.,-1.));
#6352 = DIRECTION('',(-0.,-1.,0.));
#6353 = ADVANCED_FACE('',(#6354),#6365,.F.);
#6354 = FACE_BOUND('',#6355,.T.);
#6355 = EDGE_LOOP('',(#6356,#6357,#6363,#6364));
#6356 = ORIENTED_EDGE('',*,*,#372,.T.);
#6357 = ORIENTED_EDGE('',*,*,#6358,.T.);
#6358 = EDGE_CURVE('',#373,#3305,#6359,.T.);
#6359 = LINE('',#6360,#6361);
#6360 = CARTESIAN_POINT('',(53.384,-18.233003,-4.6E-02));
#6361 = VECTOR('',#6362,1.);
#6362 = DIRECTION('',(0.,0.,1.));
#6363 = ORIENTED_EDGE('',*,*,#3304,.F.);
#6364 = ORIENTED_EDGE('',*,*,#6358,.F.);
#6365 = CYLINDRICAL_SURFACE('',#6366,0.375);
#6366 = AXIS2_PLACEMENT_3D('',#6367,#6368,#6369);
#6367 = CARTESIAN_POINT('',(53.384,-17.858003,-4.6E-02));
#6368 = DIRECTION('',(-0.,-0.,-1.));
#6369 = DIRECTION('',(-0.,-1.,0.));
#6370 = ADVANCED_FACE('',(#6371),#6382,.F.);
#6371 = FACE_BOUND('',#6372,.T.);
#6372 = EDGE_LOOP('',(#6373,#6374,#6380,#6381));
#6373 = ORIENTED_EDGE('',*,*,#383,.T.);
#6374 = ORIENTED_EDGE('',*,*,#6375,.T.);
#6375 = EDGE_CURVE('',#384,#3316,#6376,.T.);
#6376 = LINE('',#6377,#6378);
#6377 = CARTESIAN_POINT('',(59.496,-18.978003,-4.6E-02));
#6378 = VECTOR('',#6379,1.);
#6379 = DIRECTION('',(0.,0.,1.));
#6380 = ORIENTED_EDGE('',*,*,#3315,.F.);
#6381 = ORIENTED_EDGE('',*,*,#6375,.F.);
#6382 = CYLINDRICAL_SURFACE('',#6383,0.4);
#6383 = AXIS2_PLACEMENT_3D('',#6384,#6385,#6386);
#6384 = CARTESIAN_POINT('',(59.496,-18.578003,-4.6E-02));
#6385 = DIRECTION('',(-0.,0.,-1.));
#6386 = DIRECTION('',(1.7763568394E-14,-1.,-0.));
#6387 = ADVANCED_FACE('',(#6388),#6399,.F.);
#6388 = FACE_BOUND('',#6389,.T.);
#6389 = EDGE_LOOP('',(#6390,#6391,#6397,#6398));
#6390 = ORIENTED_EDGE('',*,*,#394,.T.);
#6391 = ORIENTED_EDGE('',*,*,#6392,.T.);
#6392 = EDGE_CURVE('',#395,#3327,#6393,.T.);
#6393 = LINE('',#6394,#6395);
#6394 = CARTESIAN_POINT('',(62.036,-18.978003,-4.6E-02));
#6395 = VECTOR('',#6396,1.);
#6396 = DIRECTION('',(0.,0.,1.));
#6397 = ORIENTED_EDGE('',*,*,#3326,.F.);
#6398 = ORIENTED_EDGE('',*,*,#6392,.F.);
#6399 = CYLINDRICAL_SURFACE('',#6400,0.4);
#6400 = AXIS2_PLACEMENT_3D('',#6401,#6402,#6403);
#6401 = CARTESIAN_POINT('',(62.036,-18.578003,-4.6E-02));
#6402 = DIRECTION('',(-0.,-0.,-1.));
#6403 = DIRECTION('',(-0.,-1.,0.));
#6404 = ADVANCED_FACE('',(#6405),#6416,.F.);
#6405 = FACE_BOUND('',#6406,.T.);
#6406 = EDGE_LOOP('',(#6407,#6408,#6414,#6415));
#6407 = ORIENTED_EDGE('',*,*,#405,.T.);
#6408 = ORIENTED_EDGE('',*,*,#6409,.T.);
#6409 = EDGE_CURVE('',#406,#3338,#6410,.T.);
#6410 = LINE('',#6411,#6412);
#6411 = CARTESIAN_POINT('',(51.368,-12.603003,-4.6E-02));
#6412 = VECTOR('',#6413,1.);
#6413 = DIRECTION('',(0.,0.,1.));
#6414 = ORIENTED_EDGE('',*,*,#3337,.F.);
#6415 = ORIENTED_EDGE('',*,*,#6409,.F.);
#6416 = CYLINDRICAL_SURFACE('',#6417,0.375);
#6417 = AXIS2_PLACEMENT_3D('',#6418,#6419,#6420);
#6418 = CARTESIAN_POINT('',(51.368,-12.228003,-4.6E-02));
#6419 = DIRECTION('',(-0.,-0.,-1.));
#6420 = DIRECTION('',(-0.,-1.,0.));
#6421 = ADVANCED_FACE('',(#6422),#6433,.F.);
#6422 = FACE_BOUND('',#6423,.T.);
#6423 = EDGE_LOOP('',(#6424,#6425,#6431,#6432));
#6424 = ORIENTED_EDGE('',*,*,#416,.T.);
#6425 = ORIENTED_EDGE('',*,*,#6426,.T.);
#6426 = EDGE_CURVE('',#417,#3349,#6427,.T.);
#6427 = LINE('',#6428,#6429);
#6428 = CARTESIAN_POINT('',(53.368,-12.603003,-4.6E-02));
#6429 = VECTOR('',#6430,1.);
#6430 = DIRECTION('',(0.,0.,1.));
#6431 = ORIENTED_EDGE('',*,*,#3348,.F.);
#6432 = ORIENTED_EDGE('',*,*,#6426,.F.);
#6433 = CYLINDRICAL_SURFACE('',#6434,0.375);
#6434 = AXIS2_PLACEMENT_3D('',#6435,#6436,#6437);
#6435 = CARTESIAN_POINT('',(53.368,-12.228003,-4.6E-02));
#6436 = DIRECTION('',(-0.,-0.,-1.));
#6437 = DIRECTION('',(-0.,-1.,0.));
#6438 = ADVANCED_FACE('',(#6439),#6450,.F.);
#6439 = FACE_BOUND('',#6440,.T.);
#6440 = EDGE_LOOP('',(#6441,#6442,#6448,#6449));
#6441 = ORIENTED_EDGE('',*,*,#427,.T.);
#6442 = ORIENTED_EDGE('',*,*,#6443,.T.);
#6443 = EDGE_CURVE('',#428,#3360,#6444,.T.);
#6444 = LINE('',#6445,#6446);
#6445 = CARTESIAN_POINT('',(59.75,-12.628003,-4.6E-02));
#6446 = VECTOR('',#6447,1.);
#6447 = DIRECTION('',(0.,0.,1.));
#6448 = ORIENTED_EDGE('',*,*,#3359,.F.);
#6449 = ORIENTED_EDGE('',*,*,#6443,.F.);
#6450 = CYLINDRICAL_SURFACE('',#6451,0.4);
#6451 = AXIS2_PLACEMENT_3D('',#6452,#6453,#6454);
#6452 = CARTESIAN_POINT('',(59.75,-12.228003,-4.6E-02));
#6453 = DIRECTION('',(-0.,-0.,-1.));
#6454 = DIRECTION('',(-0.,-1.,0.));
#6455 = ADVANCED_FACE('',(#6456),#6467,.F.);
#6456 = FACE_BOUND('',#6457,.T.);
#6457 = EDGE_LOOP('',(#6458,#6459,#6465,#6466));
#6458 = ORIENTED_EDGE('',*,*,#438,.T.);
#6459 = ORIENTED_EDGE('',*,*,#6460,.T.);
#6460 = EDGE_CURVE('',#439,#3371,#6461,.T.);
#6461 = LINE('',#6462,#6463);
#6462 = CARTESIAN_POINT('',(59.75,-9.834003,-4.6E-02));
#6463 = VECTOR('',#6464,1.);
#6464 = DIRECTION('',(0.,0.,1.));
#6465 = ORIENTED_EDGE('',*,*,#3370,.F.);
#6466 = ORIENTED_EDGE('',*,*,#6460,.F.);
#6467 = CYLINDRICAL_SURFACE('',#6468,0.4);
#6468 = AXIS2_PLACEMENT_3D('',#6469,#6470,#6471);
#6469 = CARTESIAN_POINT('',(59.75,-9.434003,-4.6E-02));
#6470 = DIRECTION('',(-0.,-0.,-1.));
#6471 = DIRECTION('',(-0.,-1.,0.));
#6472 = ADVANCED_FACE('',(#6473),#6484,.F.);
#6473 = FACE_BOUND('',#6474,.T.);
#6474 = EDGE_LOOP('',(#6475,#6476,#6482,#6483));
#6475 = ORIENTED_EDGE('',*,*,#449,.T.);
#6476 = ORIENTED_EDGE('',*,*,#6477,.T.);
#6477 = EDGE_CURVE('',#450,#3382,#6478,.T.);
#6478 = LINE('',#6479,#6480);
#6479 = CARTESIAN_POINT('',(64.576,-18.978003,-4.6E-02));
#6480 = VECTOR('',#6481,1.);
#6481 = DIRECTION('',(0.,0.,1.));
#6482 = ORIENTED_EDGE('',*,*,#3381,.F.);
#6483 = ORIENTED_EDGE('',*,*,#6477,.F.);
#6484 = CYLINDRICAL_SURFACE('',#6485,0.4);
#6485 = AXIS2_PLACEMENT_3D('',#6486,#6487,#6488);
#6486 = CARTESIAN_POINT('',(64.576,-18.578003,-4.6E-02));
#6487 = DIRECTION('',(-0.,-0.,-1.));
#6488 = DIRECTION('',(-0.,-1.,0.));
#6489 = ADVANCED_FACE('',(#6490),#6501,.F.);
#6490 = FACE_BOUND('',#6491,.T.);
#6491 = EDGE_LOOP('',(#6492,#6493,#6499,#6500));
#6492 = ORIENTED_EDGE('',*,*,#460,.T.);
#6493 = ORIENTED_EDGE('',*,*,#6494,.T.);
#6494 = EDGE_CURVE('',#461,#3393,#6495,.T.);
#6495 = LINE('',#6496,#6497);
#6496 = CARTESIAN_POINT('',(67.116,-18.978003,-4.6E-02));
#6497 = VECTOR('',#6498,1.);
#6498 = DIRECTION('',(0.,0.,1.));
#6499 = ORIENTED_EDGE('',*,*,#3392,.F.);
#6500 = ORIENTED_EDGE('',*,*,#6494,.F.);
#6501 = CYLINDRICAL_SURFACE('',#6502,0.4);
#6502 = AXIS2_PLACEMENT_3D('',#6503,#6504,#6505);
#6503 = CARTESIAN_POINT('',(67.116,-18.578003,-4.6E-02));
#6504 = DIRECTION('',(-0.,-0.,-1.));
#6505 = DIRECTION('',(-0.,-1.,0.));
#6506 = ADVANCED_FACE('',(#6507),#6518,.F.);
#6507 = FACE_BOUND('',#6508,.T.);
#6508 = EDGE_LOOP('',(#6509,#6510,#6516,#6517));
#6509 = ORIENTED_EDGE('',*,*,#471,.T.);
#6510 = ORIENTED_EDGE('',*,*,#6511,.T.);
#6511 = EDGE_CURVE('',#472,#3404,#6512,.T.);
#6512 = LINE('',#6513,#6514);
#6513 = CARTESIAN_POINT('',(69.656,-18.978003,-4.6E-02));
#6514 = VECTOR('',#6515,1.);
#6515 = DIRECTION('',(0.,0.,1.));
#6516 = ORIENTED_EDGE('',*,*,#3403,.F.);
#6517 = ORIENTED_EDGE('',*,*,#6511,.F.);
#6518 = CYLINDRICAL_SURFACE('',#6519,0.4);
#6519 = AXIS2_PLACEMENT_3D('',#6520,#6521,#6522);
#6520 = CARTESIAN_POINT('',(69.656,-18.578003,-4.6E-02));
#6521 = DIRECTION('',(-0.,-0.,-1.));
#6522 = DIRECTION('',(-0.,-1.,0.));
#6523 = ADVANCED_FACE('',(#6524),#6535,.F.);
#6524 = FACE_BOUND('',#6525,.T.);
#6525 = EDGE_LOOP('',(#6526,#6527,#6533,#6534));
#6526 = ORIENTED_EDGE('',*,*,#482,.T.);
#6527 = ORIENTED_EDGE('',*,*,#6528,.T.);
#6528 = EDGE_CURVE('',#483,#3415,#6529,.T.);
#6529 = LINE('',#6530,#6531);
#6530 = CARTESIAN_POINT('',(72.196,-18.978003,-4.6E-02));
#6531 = VECTOR('',#6532,1.);
#6532 = DIRECTION('',(0.,0.,1.));
#6533 = ORIENTED_EDGE('',*,*,#3414,.F.);
#6534 = ORIENTED_EDGE('',*,*,#6528,.F.);
#6535 = CYLINDRICAL_SURFACE('',#6536,0.4);
#6536 = AXIS2_PLACEMENT_3D('',#6537,#6538,#6539);
#6537 = CARTESIAN_POINT('',(72.196,-18.578003,-4.6E-02));
#6538 = DIRECTION('',(-0.,-0.,-1.));
#6539 = DIRECTION('',(-0.,-1.,0.));
#6540 = ADVANCED_FACE('',(#6541),#6552,.F.);
#6541 = FACE_BOUND('',#6542,.T.);
#6542 = EDGE_LOOP('',(#6543,#6544,#6550,#6551));
#6543 = ORIENTED_EDGE('',*,*,#493,.T.);
#6544 = ORIENTED_EDGE('',*,*,#6545,.T.);
#6545 = EDGE_CURVE('',#494,#3426,#6546,.T.);
#6546 = LINE('',#6547,#6548);
#6547 = CARTESIAN_POINT('',(74.736,-18.978003,-4.6E-02));
#6548 = VECTOR('',#6549,1.);
#6549 = DIRECTION('',(0.,0.,1.));
#6550 = ORIENTED_EDGE('',*,*,#3425,.F.);
#6551 = ORIENTED_EDGE('',*,*,#6545,.F.);
#6552 = CYLINDRICAL_SURFACE('',#6553,0.4);
#6553 = AXIS2_PLACEMENT_3D('',#6554,#6555,#6556);
#6554 = CARTESIAN_POINT('',(74.736,-18.578003,-4.6E-02));
#6555 = DIRECTION('',(-0.,0.,-1.));
#6556 = DIRECTION('',(3.5527136788E-14,-1.,-0.));
#6557 = ADVANCED_FACE('',(#6558),#6569,.F.);
#6558 = FACE_BOUND('',#6559,.T.);
#6559 = EDGE_LOOP('',(#6560,#6561,#6567,#6568));
#6560 = ORIENTED_EDGE('',*,*,#504,.T.);
#6561 = ORIENTED_EDGE('',*,*,#6562,.T.);
#6562 = EDGE_CURVE('',#505,#3437,#6563,.T.);
#6563 = LINE('',#6564,#6565);
#6564 = CARTESIAN_POINT('',(77.276,-18.978003,-4.6E-02));
#6565 = VECTOR('',#6566,1.);
#6566 = DIRECTION('',(0.,0.,1.));
#6567 = ORIENTED_EDGE('',*,*,#3436,.F.);
#6568 = ORIENTED_EDGE('',*,*,#6562,.F.);
#6569 = CYLINDRICAL_SURFACE('',#6570,0.4);
#6570 = AXIS2_PLACEMENT_3D('',#6571,#6572,#6573);
#6571 = CARTESIAN_POINT('',(77.276,-18.578003,-4.6E-02));
#6572 = DIRECTION('',(-0.,-0.,-1.));
#6573 = DIRECTION('',(-3.552713678801E-14,-1.,0.));
#6574 = ADVANCED_FACE('',(#6575),#6586,.F.);
#6575 = FACE_BOUND('',#6576,.T.);
#6576 = EDGE_LOOP('',(#6577,#6578,#6584,#6585));
#6577 = ORIENTED_EDGE('',*,*,#515,.T.);
#6578 = ORIENTED_EDGE('',*,*,#6579,.T.);
#6579 = EDGE_CURVE('',#516,#3448,#6580,.T.);
#6580 = LINE('',#6581,#6582);
#6581 = CARTESIAN_POINT('',(79.816,-18.978003,-4.6E-02));
#6582 = VECTOR('',#6583,1.);
#6583 = DIRECTION('',(0.,0.,1.));
#6584 = ORIENTED_EDGE('',*,*,#3447,.F.);
#6585 = ORIENTED_EDGE('',*,*,#6579,.F.);
#6586 = CYLINDRICAL_SURFACE('',#6587,0.4);
#6587 = AXIS2_PLACEMENT_3D('',#6588,#6589,#6590);
#6588 = CARTESIAN_POINT('',(79.816,-18.578003,-4.6E-02));
#6589 = DIRECTION('',(-0.,-0.,-1.));
#6590 = DIRECTION('',(-0.,-1.,0.));
#6591 = ADVANCED_FACE('',(#6592),#6603,.F.);
#6592 = FACE_BOUND('',#6593,.T.);
#6593 = EDGE_LOOP('',(#6594,#6595,#6601,#6602));
#6594 = ORIENTED_EDGE('',*,*,#526,.T.);
#6595 = ORIENTED_EDGE('',*,*,#6596,.T.);
#6596 = EDGE_CURVE('',#527,#3459,#6597,.T.);
#6597 = LINE('',#6598,#6599);
#6598 = CARTESIAN_POINT('',(69.91,-12.628003,-4.6E-02));
#6599 = VECTOR('',#6600,1.);
#6600 = DIRECTION('',(0.,0.,1.));
#6601 = ORIENTED_EDGE('',*,*,#3458,.F.);
#6602 = ORIENTED_EDGE('',*,*,#6596,.F.);
#6603 = CYLINDRICAL_SURFACE('',#6604,0.4);
#6604 = AXIS2_PLACEMENT_3D('',#6605,#6606,#6607);
#6605 = CARTESIAN_POINT('',(69.91,-12.228003,-4.6E-02));
#6606 = DIRECTION('',(-0.,-0.,-1.));
#6607 = DIRECTION('',(-0.,-1.,0.));
#6608 = ADVANCED_FACE('',(#6609),#6620,.F.);
#6609 = FACE_BOUND('',#6610,.T.);
#6610 = EDGE_LOOP('',(#6611,#6612,#6618,#6619));
#6611 = ORIENTED_EDGE('',*,*,#537,.T.);
#6612 = ORIENTED_EDGE('',*,*,#6613,.T.);
#6613 = EDGE_CURVE('',#538,#3470,#6614,.T.);
#6614 = LINE('',#6615,#6616);
#6615 = CARTESIAN_POINT('',(69.91,-9.834003,-4.6E-02));
#6616 = VECTOR('',#6617,1.);
#6617 = DIRECTION('',(0.,0.,1.));
#6618 = ORIENTED_EDGE('',*,*,#3469,.F.);
#6619 = ORIENTED_EDGE('',*,*,#6613,.F.);
#6620 = CYLINDRICAL_SURFACE('',#6621,0.4);
#6621 = AXIS2_PLACEMENT_3D('',#6622,#6623,#6624);
#6622 = CARTESIAN_POINT('',(69.91,-9.434003,-4.6E-02));
#6623 = DIRECTION('',(-0.,-0.,-1.));
#6624 = DIRECTION('',(-0.,-1.,0.));
#6625 = ADVANCED_FACE('',(#6626),#6637,.F.);
#6626 = FACE_BOUND('',#6627,.T.);
#6627 = EDGE_LOOP('',(#6628,#6629,#6635,#6636));
#6628 = ORIENTED_EDGE('',*,*,#548,.T.);
#6629 = ORIENTED_EDGE('',*,*,#6630,.T.);
#6630 = EDGE_CURVE('',#549,#3481,#6631,.T.);
#6631 = LINE('',#6632,#6633);
#6632 = CARTESIAN_POINT('',(73.72,-13.390003,-4.6E-02));
#6633 = VECTOR('',#6634,1.);
#6634 = DIRECTION('',(0.,0.,1.));
#6635 = ORIENTED_EDGE('',*,*,#3480,.F.);
#6636 = ORIENTED_EDGE('',*,*,#6630,.F.);
#6637 = CYLINDRICAL_SURFACE('',#6638,0.4);
#6638 = AXIS2_PLACEMENT_3D('',#6639,#6640,#6641);
#6639 = CARTESIAN_POINT('',(73.72,-12.990003,-4.6E-02));
#6640 = DIRECTION('',(-0.,-0.,-1.));
#6641 = DIRECTION('',(-0.,-1.,0.));
#6642 = ADVANCED_FACE('',(#6643),#6654,.F.);
#6643 = FACE_BOUND('',#6644,.T.);
#6644 = EDGE_LOOP('',(#6645,#6646,#6652,#6653));
#6645 = ORIENTED_EDGE('',*,*,#559,.T.);
#6646 = ORIENTED_EDGE('',*,*,#6647,.T.);
#6647 = EDGE_CURVE('',#560,#3492,#6648,.T.);
#6648 = LINE('',#6649,#6650);
#6649 = CARTESIAN_POINT('',(32.572,-3.738003,-4.6E-02));
#6650 = VECTOR('',#6651,1.);
#6651 = DIRECTION('',(0.,0.,1.));
#6652 = ORIENTED_EDGE('',*,*,#3491,.F.);
#6653 = ORIENTED_EDGE('',*,*,#6647,.F.);
#6654 = CYLINDRICAL_SURFACE('',#6655,0.4);
#6655 = AXIS2_PLACEMENT_3D('',#6656,#6657,#6658);
#6656 = CARTESIAN_POINT('',(32.572,-3.338003,-4.6E-02));
#6657 = DIRECTION('',(-0.,-0.,-1.));
#6658 = DIRECTION('',(-0.,-1.,0.));
#6659 = ADVANCED_FACE('',(#6660),#6671,.F.);
#6660 = FACE_BOUND('',#6661,.T.);
#6661 = EDGE_LOOP('',(#6662,#6663,#6669,#6670));
#6662 = ORIENTED_EDGE('',*,*,#570,.T.);
#6663 = ORIENTED_EDGE('',*,*,#6664,.T.);
#6664 = EDGE_CURVE('',#571,#3503,#6665,.T.);
#6665 = LINE('',#6666,#6667);
#6666 = CARTESIAN_POINT('',(43.494,-7.040003,-4.6E-02));
#6667 = VECTOR('',#6668,1.);
#6668 = DIRECTION('',(0.,0.,1.));
#6669 = ORIENTED_EDGE('',*,*,#3502,.F.);
#6670 = ORIENTED_EDGE('',*,*,#6664,.F.);
#6671 = CYLINDRICAL_SURFACE('',#6672,0.4);
#6672 = AXIS2_PLACEMENT_3D('',#6673,#6674,#6675);
#6673 = CARTESIAN_POINT('',(43.494,-6.640003,-4.6E-02));
#6674 = DIRECTION('',(-0.,-0.,-1.));
#6675 = DIRECTION('',(-0.,-1.,0.));
#6676 = ADVANCED_FACE('',(#6677),#6688,.F.);
#6677 = FACE_BOUND('',#6678,.T.);
#6678 = EDGE_LOOP('',(#6679,#6680,#6686,#6687));
#6679 = ORIENTED_EDGE('',*,*,#581,.T.);
#6680 = ORIENTED_EDGE('',*,*,#6681,.T.);
#6681 = EDGE_CURVE('',#582,#3514,#6682,.T.);
#6682 = LINE('',#6683,#6684);
#6683 = CARTESIAN_POINT('',(37.652,-3.738003,-4.6E-02));
#6684 = VECTOR('',#6685,1.);
#6685 = DIRECTION('',(0.,0.,1.));
#6686 = ORIENTED_EDGE('',*,*,#3513,.F.);
#6687 = ORIENTED_EDGE('',*,*,#6681,.F.);
#6688 = CYLINDRICAL_SURFACE('',#6689,0.4);
#6689 = AXIS2_PLACEMENT_3D('',#6690,#6691,#6692);
#6690 = CARTESIAN_POINT('',(37.652,-3.338003,-4.6E-02));
#6691 = DIRECTION('',(-0.,-0.,-1.));
#6692 = DIRECTION('',(-0.,-1.,0.));
#6693 = ADVANCED_FACE('',(#6694),#6705,.F.);
#6694 = FACE_BOUND('',#6695,.T.);
#6695 = EDGE_LOOP('',(#6696,#6697,#6703,#6704));
#6696 = ORIENTED_EDGE('',*,*,#592,.T.);
#6697 = ORIENTED_EDGE('',*,*,#6698,.T.);
#6698 = EDGE_CURVE('',#593,#3525,#6699,.T.);
#6699 = LINE('',#6700,#6701);
#6700 = CARTESIAN_POINT('',(43.494,-2.976003,-4.6E-02));
#6701 = VECTOR('',#6702,1.);
#6702 = DIRECTION('',(0.,0.,1.));
#6703 = ORIENTED_EDGE('',*,*,#3524,.F.);
#6704 = ORIENTED_EDGE('',*,*,#6698,.F.);
#6705 = CYLINDRICAL_SURFACE('',#6706,0.4);
#6706 = AXIS2_PLACEMENT_3D('',#6707,#6708,#6709);
#6707 = CARTESIAN_POINT('',(43.494,-2.576003,-4.6E-02));
#6708 = DIRECTION('',(-0.,-0.,-1.));
#6709 = DIRECTION('',(-0.,-1.,0.));
#6710 = ADVANCED_FACE('',(#6711),#6722,.F.);
#6711 = FACE_BOUND('',#6712,.T.);
#6712 = EDGE_LOOP('',(#6713,#6714,#6720,#6721));
#6713 = ORIENTED_EDGE('',*,*,#603,.T.);
#6714 = ORIENTED_EDGE('',*,*,#6715,.T.);
#6715 = EDGE_CURVE('',#604,#3536,#6716,.T.);
#6716 = LINE('',#6717,#6718);
#6717 = CARTESIAN_POINT('',(37.906,6.983997,-4.6E-02));
#6718 = VECTOR('',#6719,1.);
#6719 = DIRECTION('',(0.,0.,1.));
#6720 = ORIENTED_EDGE('',*,*,#3535,.F.);
#6721 = ORIENTED_EDGE('',*,*,#6715,.F.);
#6722 = CYLINDRICAL_SURFACE('',#6723,0.6);
#6723 = AXIS2_PLACEMENT_3D('',#6724,#6725,#6726);
#6724 = CARTESIAN_POINT('',(37.906,7.583997,-4.6E-02));
#6725 = DIRECTION('',(-0.,-0.,-1.));
#6726 = DIRECTION('',(-0.,-1.,0.));
#6727 = ADVANCED_FACE('',(#6728),#6739,.F.);
#6728 = FACE_BOUND('',#6729,.T.);
#6729 = EDGE_LOOP('',(#6730,#6731,#6737,#6738));
#6730 = ORIENTED_EDGE('',*,*,#614,.T.);
#6731 = ORIENTED_EDGE('',*,*,#6732,.T.);
#6732 = EDGE_CURVE('',#615,#3547,#6733,.T.);
#6733 = LINE('',#6734,#6735);
#6734 = CARTESIAN_POINT('',(32.064,11.415997,-4.6E-02));
#6735 = VECTOR('',#6736,1.);
#6736 = DIRECTION('',(0.,0.,1.));
#6737 = ORIENTED_EDGE('',*,*,#3546,.F.);
#6738 = ORIENTED_EDGE('',*,*,#6732,.F.);
#6739 = CYLINDRICAL_SURFACE('',#6740,1.6);
#6740 = AXIS2_PLACEMENT_3D('',#6741,#6742,#6743);
#6741 = CARTESIAN_POINT('',(32.064,13.015997,-4.6E-02));
#6742 = DIRECTION('',(-0.,-0.,-1.));
#6743 = DIRECTION('',(-0.,-1.,0.));
#6744 = ADVANCED_FACE('',(#6745),#6756,.F.);
#6745 = FACE_BOUND('',#6746,.T.);
#6746 = EDGE_LOOP('',(#6747,#6748,#6754,#6755));
#6747 = ORIENTED_EDGE('',*,*,#625,.T.);
#6748 = ORIENTED_EDGE('',*,*,#6749,.T.);
#6749 = EDGE_CURVE('',#626,#3558,#6750,.T.);
#6750 = LINE('',#6751,#6752);
#6751 = CARTESIAN_POINT('',(53.654,-7.040003,-4.6E-02));
#6752 = VECTOR('',#6753,1.);
#6753 = DIRECTION('',(0.,0.,1.));
#6754 = ORIENTED_EDGE('',*,*,#3557,.F.);
#6755 = ORIENTED_EDGE('',*,*,#6749,.F.);
#6756 = CYLINDRICAL_SURFACE('',#6757,0.4);
#6757 = AXIS2_PLACEMENT_3D('',#6758,#6759,#6760);
#6758 = CARTESIAN_POINT('',(53.654,-6.640003,-4.6E-02));
#6759 = DIRECTION('',(-0.,0.,-1.));
#6760 = DIRECTION('',(1.7763568394E-14,-1.,-0.));
#6761 = ADVANCED_FACE('',(#6762),#6773,.F.);
#6762 = FACE_BOUND('',#6763,.T.);
#6763 = EDGE_LOOP('',(#6764,#6765,#6771,#6772));
#6764 = ORIENTED_EDGE('',*,*,#636,.T.);
#6765 = ORIENTED_EDGE('',*,*,#6766,.T.);
#6766 = EDGE_CURVE('',#637,#3569,#6767,.T.);
#6767 = LINE('',#6768,#6769);
#6768 = CARTESIAN_POINT('',(59.496,-3.738003,-4.6E-02));
#6769 = VECTOR('',#6770,1.);
#6770 = DIRECTION('',(0.,0.,1.));
#6771 = ORIENTED_EDGE('',*,*,#3568,.F.);
#6772 = ORIENTED_EDGE('',*,*,#6766,.F.);
#6773 = CYLINDRICAL_SURFACE('',#6774,0.4);
#6774 = AXIS2_PLACEMENT_3D('',#6775,#6776,#6777);
#6775 = CARTESIAN_POINT('',(59.496,-3.338003,-4.6E-02));
#6776 = DIRECTION('',(-0.,0.,-1.));
#6777 = DIRECTION('',(1.7763568394E-14,-1.,-0.));
#6778 = ADVANCED_FACE('',(#6779),#6790,.F.);
#6779 = FACE_BOUND('',#6780,.T.);
#6780 = EDGE_LOOP('',(#6781,#6782,#6788,#6789));
#6781 = ORIENTED_EDGE('',*,*,#647,.T.);
#6782 = ORIENTED_EDGE('',*,*,#6783,.T.);
#6783 = EDGE_CURVE('',#648,#3580,#6784,.T.);
#6784 = LINE('',#6785,#6786);
#6785 = CARTESIAN_POINT('',(62.036,-3.738003,-4.6E-02));
#6786 = VECTOR('',#6787,1.);
#6787 = DIRECTION('',(0.,0.,1.));
#6788 = ORIENTED_EDGE('',*,*,#3579,.F.);
#6789 = ORIENTED_EDGE('',*,*,#6783,.F.);
#6790 = CYLINDRICAL_SURFACE('',#6791,0.4);
#6791 = AXIS2_PLACEMENT_3D('',#6792,#6793,#6794);
#6792 = CARTESIAN_POINT('',(62.036,-3.338003,-4.6E-02));
#6793 = DIRECTION('',(-0.,-0.,-1.));
#6794 = DIRECTION('',(-0.,-1.,0.));
#6795 = ADVANCED_FACE('',(#6796),#6807,.F.);
#6796 = FACE_BOUND('',#6797,.T.);
#6797 = EDGE_LOOP('',(#6798,#6799,#6805,#6806));
#6798 = ORIENTED_EDGE('',*,*,#658,.T.);
#6799 = ORIENTED_EDGE('',*,*,#6800,.T.);
#6800 = EDGE_CURVE('',#659,#3591,#6801,.T.);
#6801 = LINE('',#6802,#6803);
#6802 = CARTESIAN_POINT('',(53.654,-2.976003,-4.6E-02));
#6803 = VECTOR('',#6804,1.);
#6804 = DIRECTION('',(0.,0.,1.));
#6805 = ORIENTED_EDGE('',*,*,#3590,.F.);
#6806 = ORIENTED_EDGE('',*,*,#6800,.F.);
#6807 = CYLINDRICAL_SURFACE('',#6808,0.4);
#6808 = AXIS2_PLACEMENT_3D('',#6809,#6810,#6811);
#6809 = CARTESIAN_POINT('',(53.654,-2.576003,-4.6E-02));
#6810 = DIRECTION('',(-0.,0.,-1.));
#6811 = DIRECTION('',(1.7763568394E-14,-1.,-0.));
#6812 = ADVANCED_FACE('',(#6813),#6824,.F.);
#6813 = FACE_BOUND('',#6814,.T.);
#6814 = EDGE_LOOP('',(#6815,#6816,#6822,#6823));
#6815 = ORIENTED_EDGE('',*,*,#669,.T.);
#6816 = ORIENTED_EDGE('',*,*,#6817,.T.);
#6817 = EDGE_CURVE('',#670,#3602,#6818,.T.);
#6818 = LINE('',#6819,#6820);
#6819 = CARTESIAN_POINT('',(64.576,-3.738003,-4.6E-02));
#6820 = VECTOR('',#6821,1.);
#6821 = DIRECTION('',(0.,0.,1.));
#6822 = ORIENTED_EDGE('',*,*,#3601,.F.);
#6823 = ORIENTED_EDGE('',*,*,#6817,.F.);
#6824 = CYLINDRICAL_SURFACE('',#6825,0.4);
#6825 = AXIS2_PLACEMENT_3D('',#6826,#6827,#6828);
#6826 = CARTESIAN_POINT('',(64.576,-3.338003,-4.6E-02));
#6827 = DIRECTION('',(-0.,-0.,-1.));
#6828 = DIRECTION('',(-0.,-1.,0.));
#6829 = ADVANCED_FACE('',(#6830),#6841,.F.);
#6830 = FACE_BOUND('',#6831,.T.);
#6831 = EDGE_LOOP('',(#6832,#6833,#6839,#6840));
#6832 = ORIENTED_EDGE('',*,*,#680,.T.);
#6833 = ORIENTED_EDGE('',*,*,#6834,.T.);
#6834 = EDGE_CURVE('',#681,#3613,#6835,.T.);
#6835 = LINE('',#6836,#6837);
#6836 = CARTESIAN_POINT('',(67.116,-3.738003,-4.6E-02));
#6837 = VECTOR('',#6838,1.);
#6838 = DIRECTION('',(0.,0.,1.));
#6839 = ORIENTED_EDGE('',*,*,#3612,.F.);
#6840 = ORIENTED_EDGE('',*,*,#6834,.F.);
#6841 = CYLINDRICAL_SURFACE('',#6842,0.4);
#6842 = AXIS2_PLACEMENT_3D('',#6843,#6844,#6845);
#6843 = CARTESIAN_POINT('',(67.116,-3.338003,-4.6E-02));
#6844 = DIRECTION('',(-0.,-0.,-1.));
#6845 = DIRECTION('',(-0.,-1.,0.));
#6846 = ADVANCED_FACE('',(#6847),#6858,.F.);
#6847 = FACE_BOUND('',#6848,.T.);
#6848 = EDGE_LOOP('',(#6849,#6850,#6856,#6857));
#6849 = ORIENTED_EDGE('',*,*,#691,.T.);
#6850 = ORIENTED_EDGE('',*,*,#6851,.T.);
#6851 = EDGE_CURVE('',#692,#3624,#6852,.T.);
#6852 = LINE('',#6853,#6854);
#6853 = CARTESIAN_POINT('',(69.656,-3.738003,-4.6E-02));
#6854 = VECTOR('',#6855,1.);
#6855 = DIRECTION('',(0.,0.,1.));
#6856 = ORIENTED_EDGE('',*,*,#3623,.F.);
#6857 = ORIENTED_EDGE('',*,*,#6851,.F.);
#6858 = CYLINDRICAL_SURFACE('',#6859,0.4);
#6859 = AXIS2_PLACEMENT_3D('',#6860,#6861,#6862);
#6860 = CARTESIAN_POINT('',(69.656,-3.338003,-4.6E-02));
#6861 = DIRECTION('',(-0.,-0.,-1.));
#6862 = DIRECTION('',(-0.,-1.,0.));
#6863 = ADVANCED_FACE('',(#6864),#6875,.F.);
#6864 = FACE_BOUND('',#6865,.T.);
#6865 = EDGE_LOOP('',(#6866,#6867,#6873,#6874));
#6866 = ORIENTED_EDGE('',*,*,#702,.T.);
#6867 = ORIENTED_EDGE('',*,*,#6868,.T.);
#6868 = EDGE_CURVE('',#703,#3635,#6869,.T.);
#6869 = LINE('',#6870,#6871);
#6870 = CARTESIAN_POINT('',(71.728,-7.040003,-4.6E-02));
#6871 = VECTOR('',#6872,1.);
#6872 = DIRECTION('',(0.,0.,1.));
#6873 = ORIENTED_EDGE('',*,*,#3634,.F.);
#6874 = ORIENTED_EDGE('',*,*,#6868,.F.);
#6875 = CYLINDRICAL_SURFACE('',#6876,0.4);
#6876 = AXIS2_PLACEMENT_3D('',#6877,#6878,#6879);
#6877 = CARTESIAN_POINT('',(71.728,-6.640003,-4.6E-02));
#6878 = DIRECTION('',(-0.,-0.,-1.));
#6879 = DIRECTION('',(-3.552713678801E-14,-1.,0.));
#6880 = ADVANCED_FACE('',(#6881),#6892,.F.);
#6881 = FACE_BOUND('',#6882,.T.);
#6882 = EDGE_LOOP('',(#6883,#6884,#6890,#6891));
#6883 = ORIENTED_EDGE('',*,*,#713,.T.);
#6884 = ORIENTED_EDGE('',*,*,#6885,.T.);
#6885 = EDGE_CURVE('',#714,#3646,#6886,.T.);
#6886 = LINE('',#6887,#6888);
#6887 = CARTESIAN_POINT('',(77.57,-8.818003,-4.6E-02));
#6888 = VECTOR('',#6889,1.);
#6889 = DIRECTION('',(0.,0.,1.));
#6890 = ORIENTED_EDGE('',*,*,#3645,.F.);
#6891 = ORIENTED_EDGE('',*,*,#6885,.F.);
#6892 = CYLINDRICAL_SURFACE('',#6893,0.4);
#6893 = AXIS2_PLACEMENT_3D('',#6894,#6895,#6896);
#6894 = CARTESIAN_POINT('',(77.57,-8.418003,-4.6E-02));
#6895 = DIRECTION('',(-0.,-0.,-1.));
#6896 = DIRECTION('',(-0.,-1.,0.));
#6897 = ADVANCED_FACE('',(#6898),#6909,.F.);
#6898 = FACE_BOUND('',#6899,.T.);
#6899 = EDGE_LOOP('',(#6900,#6901,#6907,#6908));
#6900 = ORIENTED_EDGE('',*,*,#724,.T.);
#6901 = ORIENTED_EDGE('',*,*,#6902,.T.);
#6902 = EDGE_CURVE('',#725,#3657,#6903,.T.);
#6903 = LINE('',#6904,#6905);
#6904 = CARTESIAN_POINT('',(76.728,-7.040003,-4.6E-02));
#6905 = VECTOR('',#6906,1.);
#6906 = DIRECTION('',(0.,0.,1.));
#6907 = ORIENTED_EDGE('',*,*,#3656,.F.);
#6908 = ORIENTED_EDGE('',*,*,#6902,.F.);
#6909 = CYLINDRICAL_SURFACE('',#6910,0.4);
#6910 = AXIS2_PLACEMENT_3D('',#6911,#6912,#6913);
#6911 = CARTESIAN_POINT('',(76.728,-6.640003,-4.6E-02));
#6912 = DIRECTION('',(-0.,-0.,-1.));
#6913 = DIRECTION('',(-3.552713678801E-14,-1.,0.));
#6914 = ADVANCED_FACE('',(#6915),#6926,.F.);
#6915 = FACE_BOUND('',#6916,.T.);
#6916 = EDGE_LOOP('',(#6917,#6918,#6924,#6925));
#6917 = ORIENTED_EDGE('',*,*,#735,.T.);
#6918 = ORIENTED_EDGE('',*,*,#6919,.T.);
#6919 = EDGE_CURVE('',#736,#3668,#6920,.T.);
#6920 = LINE('',#6921,#6922);
#6921 = CARTESIAN_POINT('',(79.836,-6.278003,-4.6E-02));
#6922 = VECTOR('',#6923,1.);
#6923 = DIRECTION('',(0.,0.,1.));
#6924 = ORIENTED_EDGE('',*,*,#3667,.F.);
#6925 = ORIENTED_EDGE('',*,*,#6919,.F.);
#6926 = CYLINDRICAL_SURFACE('',#6927,0.4);
#6927 = AXIS2_PLACEMENT_3D('',#6928,#6929,#6930);
#6928 = CARTESIAN_POINT('',(79.836,-5.878003,-4.6E-02));
#6929 = DIRECTION('',(-0.,-0.,-1.));
#6930 = DIRECTION('',(-3.552713678801E-14,-1.,0.));
#6931 = ADVANCED_FACE('',(#6932),#6943,.F.);
#6932 = FACE_BOUND('',#6933,.T.);
#6933 = EDGE_LOOP('',(#6934,#6935,#6941,#6942));
#6934 = ORIENTED_EDGE('',*,*,#746,.T.);
#6935 = ORIENTED_EDGE('',*,*,#6936,.T.);
#6936 = EDGE_CURVE('',#747,#3679,#6937,.T.);
#6937 = LINE('',#6938,#6939);
#6938 = CARTESIAN_POINT('',(72.196,-3.738003,-4.6E-02));
#6939 = VECTOR('',#6940,1.);
#6940 = DIRECTION('',(0.,0.,1.));
#6941 = ORIENTED_EDGE('',*,*,#3678,.F.);
#6942 = ORIENTED_EDGE('',*,*,#6936,.F.);
#6943 = CYLINDRICAL_SURFACE('',#6944,0.4);
#6944 = AXIS2_PLACEMENT_3D('',#6945,#6946,#6947);
#6945 = CARTESIAN_POINT('',(72.196,-3.338003,-4.6E-02));
#6946 = DIRECTION('',(-0.,-0.,-1.));
#6947 = DIRECTION('',(-0.,-1.,0.));
#6948 = ADVANCED_FACE('',(#6949),#6960,.F.);
#6949 = FACE_BOUND('',#6950,.T.);
#6950 = EDGE_LOOP('',(#6951,#6952,#6958,#6959));
#6951 = ORIENTED_EDGE('',*,*,#757,.T.);
#6952 = ORIENTED_EDGE('',*,*,#6953,.T.);
#6953 = EDGE_CURVE('',#758,#3690,#6954,.T.);
#6954 = LINE('',#6955,#6956);
#6955 = CARTESIAN_POINT('',(74.736,-3.738003,-4.6E-02));
#6956 = VECTOR('',#6957,1.);
#6957 = DIRECTION('',(0.,0.,1.));
#6958 = ORIENTED_EDGE('',*,*,#3689,.F.);
#6959 = ORIENTED_EDGE('',*,*,#6953,.F.);
#6960 = CYLINDRICAL_SURFACE('',#6961,0.4);
#6961 = AXIS2_PLACEMENT_3D('',#6962,#6963,#6964);
#6962 = CARTESIAN_POINT('',(74.736,-3.338003,-4.6E-02));
#6963 = DIRECTION('',(-0.,0.,-1.));
#6964 = DIRECTION('',(3.5527136788E-14,-1.,-0.));
#6965 = ADVANCED_FACE('',(#6966),#6977,.F.);
#6966 = FACE_BOUND('',#6967,.T.);
#6967 = EDGE_LOOP('',(#6968,#6969,#6975,#6976));
#6968 = ORIENTED_EDGE('',*,*,#768,.T.);
#6969 = ORIENTED_EDGE('',*,*,#6970,.T.);
#6970 = EDGE_CURVE('',#769,#3701,#6971,.T.);
#6971 = LINE('',#6972,#6973);
#6972 = CARTESIAN_POINT('',(77.276,-3.738003,-4.6E-02));
#6973 = VECTOR('',#6974,1.);
#6974 = DIRECTION('',(0.,0.,1.));
#6975 = ORIENTED_EDGE('',*,*,#3700,.F.);
#6976 = ORIENTED_EDGE('',*,*,#6970,.F.);
#6977 = CYLINDRICAL_SURFACE('',#6978,0.4);
#6978 = AXIS2_PLACEMENT_3D('',#6979,#6980,#6981);
#6979 = CARTESIAN_POINT('',(77.276,-3.338003,-4.6E-02));
#6980 = DIRECTION('',(-0.,-0.,-1.));
#6981 = DIRECTION('',(-3.552713678801E-14,-1.,0.));
#6982 = ADVANCED_FACE('',(#6983),#6994,.F.);
#6983 = FACE_BOUND('',#6984,.T.);
#6984 = EDGE_LOOP('',(#6985,#6986,#6992,#6993));
#6985 = ORIENTED_EDGE('',*,*,#779,.T.);
#6986 = ORIENTED_EDGE('',*,*,#6987,.T.);
#6987 = EDGE_CURVE('',#780,#3712,#6988,.T.);
#6988 = LINE('',#6989,#6990);
#6989 = CARTESIAN_POINT('',(79.816,-3.738003,-4.6E-02));
#6990 = VECTOR('',#6991,1.);
#6991 = DIRECTION('',(0.,0.,1.));
#6992 = ORIENTED_EDGE('',*,*,#3711,.F.);
#6993 = ORIENTED_EDGE('',*,*,#6987,.F.);
#6994 = CYLINDRICAL_SURFACE('',#6995,0.4);
#6995 = AXIS2_PLACEMENT_3D('',#6996,#6997,#6998);
#6996 = CARTESIAN_POINT('',(79.816,-3.338003,-4.6E-02));
#6997 = DIRECTION('',(-0.,-0.,-1.));
#6998 = DIRECTION('',(-0.,-1.,0.));
#6999 = ADVANCED_FACE('',(#7000),#7011,.F.);
#7000 = FACE_BOUND('',#7001,.T.);
#7001 = EDGE_LOOP('',(#7002,#7003,#7009,#7010));
#7002 = ORIENTED_EDGE('',*,*,#790,.T.);
#7003 = ORIENTED_EDGE('',*,*,#7004,.T.);
#7004 = EDGE_CURVE('',#791,#3723,#7005,.T.);
#7005 = LINE('',#7006,#7007);
#7006 = CARTESIAN_POINT('',(65.846,-0.690003,-4.6E-02));
#7007 = VECTOR('',#7008,1.);
#7008 = DIRECTION('',(0.,0.,1.));
#7009 = ORIENTED_EDGE('',*,*,#3722,.F.);
#7010 = ORIENTED_EDGE('',*,*,#7004,.F.);
#7011 = CYLINDRICAL_SURFACE('',#7012,0.4);
#7012 = AXIS2_PLACEMENT_3D('',#7013,#7014,#7015);
#7013 = CARTESIAN_POINT('',(65.846,-0.290003,-4.6E-02));
#7014 = DIRECTION('',(-0.,-0.,-1.));
#7015 = DIRECTION('',(-0.,-1.,0.));
#7016 = ADVANCED_FACE('',(#7017),#7028,.F.);
#7017 = FACE_BOUND('',#7018,.T.);
#7018 = EDGE_LOOP('',(#7019,#7020,#7026,#7027));
#7019 = ORIENTED_EDGE('',*,*,#801,.T.);
#7020 = ORIENTED_EDGE('',*,*,#7021,.T.);
#7021 = EDGE_CURVE('',#802,#3734,#7022,.T.);
#7022 = LINE('',#7023,#7024);
#7023 = CARTESIAN_POINT('',(73.466,-0.690003,-4.6E-02));
#7024 = VECTOR('',#7025,1.);
#7025 = DIRECTION('',(0.,0.,1.));
#7026 = ORIENTED_EDGE('',*,*,#3733,.F.);
#7027 = ORIENTED_EDGE('',*,*,#7021,.F.);
#7028 = CYLINDRICAL_SURFACE('',#7029,0.4);
#7029 = AXIS2_PLACEMENT_3D('',#7030,#7031,#7032);
#7030 = CARTESIAN_POINT('',(73.466,-0.290003,-4.6E-02));
#7031 = DIRECTION('',(-0.,-0.,-1.));
#7032 = DIRECTION('',(-3.552713678801E-14,-1.,0.));
#7033 = ADVANCED_FACE('',(#7034),#7045,.F.);
#7034 = FACE_BOUND('',#7035,.T.);
#7035 = EDGE_LOOP('',(#7036,#7037,#7043,#7044));
#7036 = ORIENTED_EDGE('',*,*,#812,.T.);
#7037 = ORIENTED_EDGE('',*,*,#7038,.T.);
#7038 = EDGE_CURVE('',#813,#3745,#7039,.T.);
#7039 = LINE('',#7040,#7041);
#7040 = CARTESIAN_POINT('',(76.768,-0.690003,-4.6E-02));
#7041 = VECTOR('',#7042,1.);
#7042 = DIRECTION('',(0.,0.,1.));
#7043 = ORIENTED_EDGE('',*,*,#3744,.F.);
#7044 = ORIENTED_EDGE('',*,*,#7038,.F.);
#7045 = CYLINDRICAL_SURFACE('',#7046,0.4);
#7046 = AXIS2_PLACEMENT_3D('',#7047,#7048,#7049);
#7047 = CARTESIAN_POINT('',(76.768,-0.290003,-4.6E-02));
#7048 = DIRECTION('',(-0.,-0.,-1.));
#7049 = DIRECTION('',(-0.,-1.,0.));
#7050 = ADVANCED_FACE('',(#7051),#7062,.F.);
#7051 = FACE_BOUND('',#7052,.T.);
#7052 = EDGE_LOOP('',(#7053,#7054,#7060,#7061));
#7053 = ORIENTED_EDGE('',*,*,#823,.T.);
#7054 = ORIENTED_EDGE('',*,*,#7055,.T.);
#7055 = EDGE_CURVE('',#824,#3756,#7056,.T.);
#7056 = LINE('',#7057,#7058);
#7057 = CARTESIAN_POINT('',(84.642,-31.932003,-4.6E-02));
#7058 = VECTOR('',#7059,1.);
#7059 = DIRECTION('',(0.,0.,1.));
#7060 = ORIENTED_EDGE('',*,*,#3755,.F.);
#7061 = ORIENTED_EDGE('',*,*,#7055,.F.);
#7062 = CYLINDRICAL_SURFACE('',#7063,0.4);
#7063 = AXIS2_PLACEMENT_3D('',#7064,#7065,#7066);
#7064 = CARTESIAN_POINT('',(84.642,-31.532003,-4.6E-02));
#7065 = DIRECTION('',(-0.,-0.,-1.));
#7066 = DIRECTION('',(-0.,-1.,0.));
#7067 = ADVANCED_FACE('',(#7068),#7079,.F.);
#7068 = FACE_BOUND('',#7069,.T.);
#7069 = EDGE_LOOP('',(#7070,#7071,#7077,#7078));
#7070 = ORIENTED_EDGE('',*,*,#834,.T.);
#7071 = ORIENTED_EDGE('',*,*,#7072,.T.);
#7072 = EDGE_CURVE('',#835,#3767,#7073,.T.);
#7073 = LINE('',#7074,#7075);
#7074 = CARTESIAN_POINT('',(84.642,-29.392003,-4.6E-02));
#7075 = VECTOR('',#7076,1.);
#7076 = DIRECTION('',(0.,0.,1.));
#7077 = ORIENTED_EDGE('',*,*,#3766,.F.);
#7078 = ORIENTED_EDGE('',*,*,#7072,.F.);
#7079 = CYLINDRICAL_SURFACE('',#7080,0.4);
#7080 = AXIS2_PLACEMENT_3D('',#7081,#7082,#7083);
#7081 = CARTESIAN_POINT('',(84.642,-28.992003,-4.6E-02));
#7082 = DIRECTION('',(-0.,-0.,-1.));
#7083 = DIRECTION('',(-0.,-1.,0.));
#7084 = ADVANCED_FACE('',(#7085),#7096,.F.);
#7085 = FACE_BOUND('',#7086,.T.);
#7086 = EDGE_LOOP('',(#7087,#7088,#7094,#7095));
#7087 = ORIENTED_EDGE('',*,*,#845,.T.);
#7088 = ORIENTED_EDGE('',*,*,#7089,.T.);
#7089 = EDGE_CURVE('',#846,#3778,#7090,.T.);
#7090 = LINE('',#7091,#7092);
#7091 = CARTESIAN_POINT('',(92.262,-31.932003,-4.6E-02));
#7092 = VECTOR('',#7093,1.);
#7093 = DIRECTION('',(0.,0.,1.));
#7094 = ORIENTED_EDGE('',*,*,#3777,.F.);
#7095 = ORIENTED_EDGE('',*,*,#7089,.F.);
#7096 = CYLINDRICAL_SURFACE('',#7097,0.4);
#7097 = AXIS2_PLACEMENT_3D('',#7098,#7099,#7100);
#7098 = CARTESIAN_POINT('',(92.262,-31.532003,-4.6E-02));
#7099 = DIRECTION('',(-0.,-0.,-1.));
#7100 = DIRECTION('',(-0.,-1.,0.));
#7101 = ADVANCED_FACE('',(#7102),#7113,.F.);
#7102 = FACE_BOUND('',#7103,.T.);
#7103 = EDGE_LOOP('',(#7104,#7105,#7111,#7112));
#7104 = ORIENTED_EDGE('',*,*,#856,.T.);
#7105 = ORIENTED_EDGE('',*,*,#7106,.T.);
#7106 = EDGE_CURVE('',#857,#3789,#7107,.T.);
#7107 = LINE('',#7108,#7109);
#7108 = CARTESIAN_POINT('',(92.262,-29.392003,-4.6E-02));
#7109 = VECTOR('',#7110,1.);
#7110 = DIRECTION('',(0.,0.,1.));
#7111 = ORIENTED_EDGE('',*,*,#3788,.F.);
#7112 = ORIENTED_EDGE('',*,*,#7106,.F.);
#7113 = CYLINDRICAL_SURFACE('',#7114,0.4);
#7114 = AXIS2_PLACEMENT_3D('',#7115,#7116,#7117);
#7115 = CARTESIAN_POINT('',(92.262,-28.992003,-4.6E-02));
#7116 = DIRECTION('',(-0.,-0.,-1.));
#7117 = DIRECTION('',(-0.,-1.,0.));
#7118 = ADVANCED_FACE('',(#7119),#7130,.F.);
#7119 = FACE_BOUND('',#7120,.T.);
#7120 = EDGE_LOOP('',(#7121,#7122,#7128,#7129));
#7121 = ORIENTED_EDGE('',*,*,#867,.T.);
#7122 = ORIENTED_EDGE('',*,*,#7123,.T.);
#7123 = EDGE_CURVE('',#868,#3800,#7124,.T.);
#7124 = LINE('',#7125,#7126);
#7125 = CARTESIAN_POINT('',(84.642,-26.852003,-4.6E-02));
#7126 = VECTOR('',#7127,1.);
#7127 = DIRECTION('',(0.,0.,1.));
#7128 = ORIENTED_EDGE('',*,*,#3799,.F.);
#7129 = ORIENTED_EDGE('',*,*,#7123,.F.);
#7130 = CYLINDRICAL_SURFACE('',#7131,0.4);
#7131 = AXIS2_PLACEMENT_3D('',#7132,#7133,#7134);
#7132 = CARTESIAN_POINT('',(84.642,-26.452003,-4.6E-02));
#7133 = DIRECTION('',(-0.,-0.,-1.));
#7134 = DIRECTION('',(-0.,-1.,0.));
#7135 = ADVANCED_FACE('',(#7136),#7147,.F.);
#7136 = FACE_BOUND('',#7137,.T.);
#7137 = EDGE_LOOP('',(#7138,#7139,#7145,#7146));
#7138 = ORIENTED_EDGE('',*,*,#878,.T.);
#7139 = ORIENTED_EDGE('',*,*,#7140,.T.);
#7140 = EDGE_CURVE('',#879,#3811,#7141,.T.);
#7141 = LINE('',#7142,#7143);
#7142 = CARTESIAN_POINT('',(84.642,-24.312003,-4.6E-02));
#7143 = VECTOR('',#7144,1.);
#7144 = DIRECTION('',(0.,0.,1.));
#7145 = ORIENTED_EDGE('',*,*,#3810,.F.);
#7146 = ORIENTED_EDGE('',*,*,#7140,.F.);
#7147 = CYLINDRICAL_SURFACE('',#7148,0.4);
#7148 = AXIS2_PLACEMENT_3D('',#7149,#7150,#7151);
#7149 = CARTESIAN_POINT('',(84.642,-23.912003,-4.6E-02));
#7150 = DIRECTION('',(-0.,-0.,-1.));
#7151 = DIRECTION('',(-0.,-1.,0.));
#7152 = ADVANCED_FACE('',(#7153),#7164,.F.);
#7153 = FACE_BOUND('',#7154,.T.);
#7154 = EDGE_LOOP('',(#7155,#7156,#7162,#7163));
#7155 = ORIENTED_EDGE('',*,*,#889,.T.);
#7156 = ORIENTED_EDGE('',*,*,#7157,.T.);
#7157 = EDGE_CURVE('',#890,#3822,#7158,.T.);
#7158 = LINE('',#7159,#7160);
#7159 = CARTESIAN_POINT('',(87.436,-21.478003,-4.6E-02));
#7160 = VECTOR('',#7161,1.);
#7161 = DIRECTION('',(0.,0.,1.));
#7162 = ORIENTED_EDGE('',*,*,#3821,.F.);
#7163 = ORIENTED_EDGE('',*,*,#7157,.F.);
#7164 = CYLINDRICAL_SURFACE('',#7165,0.4);
#7165 = AXIS2_PLACEMENT_3D('',#7166,#7167,#7168);
#7166 = CARTESIAN_POINT('',(87.436,-21.078003,-4.6E-02));
#7167 = DIRECTION('',(-0.,-0.,-1.));
#7168 = DIRECTION('',(-0.,-1.,0.));
#7169 = ADVANCED_FACE('',(#7170),#7181,.F.);
#7170 = FACE_BOUND('',#7171,.T.);
#7171 = EDGE_LOOP('',(#7172,#7173,#7179,#7180));
#7172 = ORIENTED_EDGE('',*,*,#900,.T.);
#7173 = ORIENTED_EDGE('',*,*,#7174,.T.);
#7174 = EDGE_CURVE('',#901,#3833,#7175,.T.);
#7175 = LINE('',#7176,#7177);
#7176 = CARTESIAN_POINT('',(92.262,-26.852003,-4.6E-02));
#7177 = VECTOR('',#7178,1.);
#7178 = DIRECTION('',(0.,0.,1.));
#7179 = ORIENTED_EDGE('',*,*,#3832,.F.);
#7180 = ORIENTED_EDGE('',*,*,#7174,.F.);
#7181 = CYLINDRICAL_SURFACE('',#7182,0.4);
#7182 = AXIS2_PLACEMENT_3D('',#7183,#7184,#7185);
#7183 = CARTESIAN_POINT('',(92.262,-26.452003,-4.6E-02));
#7184 = DIRECTION('',(-0.,-0.,-1.));
#7185 = DIRECTION('',(-0.,-1.,0.));
#7186 = ADVANCED_FACE('',(#7187),#7198,.F.);
#7187 = FACE_BOUND('',#7188,.T.);
#7188 = EDGE_LOOP('',(#7189,#7190,#7196,#7197));
#7189 = ORIENTED_EDGE('',*,*,#911,.T.);
#7190 = ORIENTED_EDGE('',*,*,#7191,.T.);
#7191 = EDGE_CURVE('',#912,#3844,#7192,.T.);
#7192 = LINE('',#7193,#7194);
#7193 = CARTESIAN_POINT('',(92.262,-24.312003,-4.6E-02));
#7194 = VECTOR('',#7195,1.);
#7195 = DIRECTION('',(0.,0.,1.));
#7196 = ORIENTED_EDGE('',*,*,#3843,.F.);
#7197 = ORIENTED_EDGE('',*,*,#7191,.F.);
#7198 = CYLINDRICAL_SURFACE('',#7199,0.4);
#7199 = AXIS2_PLACEMENT_3D('',#7200,#7201,#7202);
#7200 = CARTESIAN_POINT('',(92.262,-23.912003,-4.6E-02));
#7201 = DIRECTION('',(-0.,-0.,-1.));
#7202 = DIRECTION('',(-0.,-1.,0.));
#7203 = ADVANCED_FACE('',(#7204),#7215,.F.);
#7204 = FACE_BOUND('',#7205,.T.);
#7205 = EDGE_LOOP('',(#7206,#7207,#7213,#7214));
#7206 = ORIENTED_EDGE('',*,*,#922,.T.);
#7207 = ORIENTED_EDGE('',*,*,#7208,.T.);
#7208 = EDGE_CURVE('',#923,#3855,#7209,.T.);
#7209 = LINE('',#7210,#7211);
#7210 = CARTESIAN_POINT('',(101.66,-31.354003,-4.6E-02));
#7211 = VECTOR('',#7212,1.);
#7212 = DIRECTION('',(0.,0.,1.));
#7213 = ORIENTED_EDGE('',*,*,#3854,.F.);
#7214 = ORIENTED_EDGE('',*,*,#7208,.F.);
#7215 = CYLINDRICAL_SURFACE('',#7216,1.6);
#7216 = AXIS2_PLACEMENT_3D('',#7217,#7218,#7219);
#7217 = CARTESIAN_POINT('',(101.66,-29.754003,-4.6E-02));
#7218 = DIRECTION('',(-0.,-0.,-1.));
#7219 = DIRECTION('',(-0.,-1.,0.));
#7220 = ADVANCED_FACE('',(#7221),#7232,.F.);
#7221 = FACE_BOUND('',#7222,.T.);
#7222 = EDGE_LOOP('',(#7223,#7224,#7230,#7231));
#7223 = ORIENTED_EDGE('',*,*,#933,.T.);
#7224 = ORIENTED_EDGE('',*,*,#7225,.T.);
#7225 = EDGE_CURVE('',#934,#3866,#7226,.T.);
#7226 = LINE('',#7227,#7228);
#7227 = CARTESIAN_POINT('',(101.66,-26.698003,-4.6E-02));
#7228 = VECTOR('',#7229,1.);
#7229 = DIRECTION('',(0.,0.,1.));
#7230 = ORIENTED_EDGE('',*,*,#3865,.F.);
#7231 = ORIENTED_EDGE('',*,*,#7225,.F.);
#7232 = CYLINDRICAL_SURFACE('',#7233,0.5);
#7233 = AXIS2_PLACEMENT_3D('',#7234,#7235,#7236);
#7234 = CARTESIAN_POINT('',(101.66,-26.198003,-4.6E-02));
#7235 = DIRECTION('',(-0.,-0.,-1.));
#7236 = DIRECTION('',(-0.,-1.,0.));
#7237 = ADVANCED_FACE('',(#7238),#7249,.F.);
#7238 = FACE_BOUND('',#7239,.T.);
#7239 = EDGE_LOOP('',(#7240,#7241,#7247,#7248));
#7240 = ORIENTED_EDGE('',*,*,#944,.T.);
#7241 = ORIENTED_EDGE('',*,*,#7242,.T.);
#7242 = EDGE_CURVE('',#945,#3877,#7243,.T.);
#7243 = LINE('',#7244,#7245);
#7244 = CARTESIAN_POINT('',(101.66,-24.158003,-4.6E-02));
#7245 = VECTOR('',#7246,1.);
#7246 = DIRECTION('',(0.,0.,1.));
#7247 = ORIENTED_EDGE('',*,*,#3876,.F.);
#7248 = ORIENTED_EDGE('',*,*,#7242,.F.);
#7249 = CYLINDRICAL_SURFACE('',#7250,0.5);
#7250 = AXIS2_PLACEMENT_3D('',#7251,#7252,#7253);
#7251 = CARTESIAN_POINT('',(101.66,-23.658003,-4.6E-02));
#7252 = DIRECTION('',(-0.,-0.,-1.));
#7253 = DIRECTION('',(-0.,-1.,0.));
#7254 = ADVANCED_FACE('',(#7255),#7266,.F.);
#7255 = FACE_BOUND('',#7256,.T.);
#7256 = EDGE_LOOP('',(#7257,#7258,#7264,#7265));
#7257 = ORIENTED_EDGE('',*,*,#955,.T.);
#7258 = ORIENTED_EDGE('',*,*,#7259,.T.);
#7259 = EDGE_CURVE('',#956,#3888,#7260,.T.);
#7260 = LINE('',#7261,#7262);
#7261 = CARTESIAN_POINT('',(101.66,-21.618003,-4.6E-02));
#7262 = VECTOR('',#7263,1.);
#7263 = DIRECTION('',(0.,0.,1.));
#7264 = ORIENTED_EDGE('',*,*,#3887,.F.);
#7265 = ORIENTED_EDGE('',*,*,#7259,.F.);
#7266 = CYLINDRICAL_SURFACE('',#7267,0.5);
#7267 = AXIS2_PLACEMENT_3D('',#7268,#7269,#7270);
#7268 = CARTESIAN_POINT('',(101.66,-21.118003,-4.6E-02));
#7269 = DIRECTION('',(-0.,-0.,-1.));
#7270 = DIRECTION('',(-0.,-1.,0.));
#7271 = ADVANCED_FACE('',(#7272),#7283,.F.);
#7272 = FACE_BOUND('',#7273,.T.);
#7273 = EDGE_LOOP('',(#7274,#7275,#7281,#7282));
#7274 = ORIENTED_EDGE('',*,*,#966,.T.);
#7275 = ORIENTED_EDGE('',*,*,#7276,.T.);
#7276 = EDGE_CURVE('',#967,#3899,#7277,.T.);
#7277 = LINE('',#7278,#7279);
#7278 = CARTESIAN_POINT('',(82.356,-18.978003,-4.6E-02));
#7279 = VECTOR('',#7280,1.);
#7280 = DIRECTION('',(0.,0.,1.));
#7281 = ORIENTED_EDGE('',*,*,#3898,.F.);
#7282 = ORIENTED_EDGE('',*,*,#7276,.F.);
#7283 = CYLINDRICAL_SURFACE('',#7284,0.4);
#7284 = AXIS2_PLACEMENT_3D('',#7285,#7286,#7287);
#7285 = CARTESIAN_POINT('',(82.356,-18.578003,-4.6E-02));
#7286 = DIRECTION('',(-0.,-0.,-1.));
#7287 = DIRECTION('',(-0.,-1.,0.));
#7288 = ADVANCED_FACE('',(#7289),#7300,.F.);
#7289 = FACE_BOUND('',#7290,.T.);
#7290 = EDGE_LOOP('',(#7291,#7292,#7298,#7299));
#7291 = ORIENTED_EDGE('',*,*,#977,.T.);
#7292 = ORIENTED_EDGE('',*,*,#7293,.T.);
#7293 = EDGE_CURVE('',#978,#3910,#7294,.T.);
#7294 = LINE('',#7295,#7296);
#7295 = CARTESIAN_POINT('',(87.436,-16.478003,-4.6E-02));
#7296 = VECTOR('',#7297,1.);
#7297 = DIRECTION('',(0.,0.,1.));
#7298 = ORIENTED_EDGE('',*,*,#3909,.F.);
#7299 = ORIENTED_EDGE('',*,*,#7293,.F.);
#7300 = CYLINDRICAL_SURFACE('',#7301,0.4);
#7301 = AXIS2_PLACEMENT_3D('',#7302,#7303,#7304);
#7302 = CARTESIAN_POINT('',(87.436,-16.078003,-4.6E-02));
#7303 = DIRECTION('',(-0.,-0.,-1.));
#7304 = DIRECTION('',(-0.,-1.,0.));
#7305 = ADVANCED_FACE('',(#7306),#7317,.F.);
#7306 = FACE_BOUND('',#7307,.T.);
#7307 = EDGE_LOOP('',(#7308,#7309,#7315,#7316));
#7308 = ORIENTED_EDGE('',*,*,#988,.T.);
#7309 = ORIENTED_EDGE('',*,*,#7310,.T.);
#7310 = EDGE_CURVE('',#989,#3921,#7311,.T.);
#7311 = LINE('',#7312,#7313);
#7312 = CARTESIAN_POINT('',(92.008,-18.978003,-4.6E-02));
#7313 = VECTOR('',#7314,1.);
#7314 = DIRECTION('',(0.,0.,1.));
#7315 = ORIENTED_EDGE('',*,*,#3920,.F.);
#7316 = ORIENTED_EDGE('',*,*,#7310,.F.);
#7317 = CYLINDRICAL_SURFACE('',#7318,0.4);
#7318 = AXIS2_PLACEMENT_3D('',#7319,#7320,#7321);
#7319 = CARTESIAN_POINT('',(92.008,-18.578003,-4.6E-02));
#7320 = DIRECTION('',(-0.,-0.,-1.));
#7321 = DIRECTION('',(-3.552713678801E-14,-1.,0.));
#7322 = ADVANCED_FACE('',(#7323),#7334,.F.);
#7323 = FACE_BOUND('',#7324,.T.);
#7324 = EDGE_LOOP('',(#7325,#7326,#7332,#7333));
#7325 = ORIENTED_EDGE('',*,*,#999,.T.);
#7326 = ORIENTED_EDGE('',*,*,#7327,.T.);
#7327 = EDGE_CURVE('',#1000,#3932,#7328,.T.);
#7328 = LINE('',#7329,#7330);
#7329 = CARTESIAN_POINT('',(92.008,-16.438003,-4.6E-02));
#7330 = VECTOR('',#7331,1.);
#7331 = DIRECTION('',(0.,0.,1.));
#7332 = ORIENTED_EDGE('',*,*,#3931,.F.);
#7333 = ORIENTED_EDGE('',*,*,#7327,.F.);
#7334 = CYLINDRICAL_SURFACE('',#7335,0.4);
#7335 = AXIS2_PLACEMENT_3D('',#7336,#7337,#7338);
#7336 = CARTESIAN_POINT('',(92.008,-16.038003,-4.6E-02));
#7337 = DIRECTION('',(-0.,-0.,-1.));
#7338 = DIRECTION('',(-3.552713678801E-14,-1.,0.));
#7339 = ADVANCED_FACE('',(#7340),#7351,.F.);
#7340 = FACE_BOUND('',#7341,.T.);
#7341 = EDGE_LOOP('',(#7342,#7343,#7349,#7350));
#7342 = ORIENTED_EDGE('',*,*,#1010,.T.);
#7343 = ORIENTED_EDGE('',*,*,#7344,.T.);
#7344 = EDGE_CURVE('',#1011,#3943,#7345,.T.);
#7345 = LINE('',#7346,#7347);
#7346 = CARTESIAN_POINT('',(88.96,-13.390003,-4.6E-02));
#7347 = VECTOR('',#7348,1.);
#7348 = DIRECTION('',(0.,0.,1.));
#7349 = ORIENTED_EDGE('',*,*,#3942,.F.);
#7350 = ORIENTED_EDGE('',*,*,#7344,.F.);
#7351 = CYLINDRICAL_SURFACE('',#7352,0.4);
#7352 = AXIS2_PLACEMENT_3D('',#7353,#7354,#7355);
#7353 = CARTESIAN_POINT('',(88.96,-12.990003,-4.6E-02));
#7354 = DIRECTION('',(-0.,-0.,-1.));
#7355 = DIRECTION('',(-3.552713678801E-14,-1.,0.));
#7356 = ADVANCED_FACE('',(#7357),#7368,.F.);
#7357 = FACE_BOUND('',#7358,.T.);
#7358 = EDGE_LOOP('',(#7359,#7360,#7366,#7367));
#7359 = ORIENTED_EDGE('',*,*,#1021,.T.);
#7360 = ORIENTED_EDGE('',*,*,#7361,.T.);
#7361 = EDGE_CURVE('',#1022,#3954,#7362,.T.);
#7362 = LINE('',#7363,#7364);
#7363 = CARTESIAN_POINT('',(92.008,-13.898003,-4.6E-02));
#7364 = VECTOR('',#7365,1.);
#7365 = DIRECTION('',(0.,0.,1.));
#7366 = ORIENTED_EDGE('',*,*,#3953,.F.);
#7367 = ORIENTED_EDGE('',*,*,#7361,.F.);
#7368 = CYLINDRICAL_SURFACE('',#7369,0.4);
#7369 = AXIS2_PLACEMENT_3D('',#7370,#7371,#7372);
#7370 = CARTESIAN_POINT('',(92.008,-13.498003,-4.6E-02));
#7371 = DIRECTION('',(-0.,-0.,-1.));
#7372 = DIRECTION('',(-3.552713678801E-14,-1.,0.));
#7373 = ADVANCED_FACE('',(#7374),#7385,.F.);
#7374 = FACE_BOUND('',#7375,.T.);
#7375 = EDGE_LOOP('',(#7376,#7377,#7383,#7384));
#7376 = ORIENTED_EDGE('',*,*,#1032,.T.);
#7377 = ORIENTED_EDGE('',*,*,#7378,.T.);
#7378 = EDGE_CURVE('',#1033,#3965,#7379,.T.);
#7379 = LINE('',#7380,#7381);
#7380 = CARTESIAN_POINT('',(92.008,-11.358003,-4.6E-02));
#7381 = VECTOR('',#7382,1.);
#7382 = DIRECTION('',(0.,0.,1.));
#7383 = ORIENTED_EDGE('',*,*,#3964,.F.);
#7384 = ORIENTED_EDGE('',*,*,#7378,.F.);
#7385 = CYLINDRICAL_SURFACE('',#7386,0.4);
#7386 = AXIS2_PLACEMENT_3D('',#7387,#7388,#7389);
#7387 = CARTESIAN_POINT('',(92.008,-10.958003,-4.6E-02));
#7388 = DIRECTION('',(-0.,-0.,-1.));
#7389 = DIRECTION('',(-3.552713678801E-14,-1.,0.));
#7390 = ADVANCED_FACE('',(#7391),#7402,.F.);
#7391 = FACE_BOUND('',#7392,.T.);
#7392 = EDGE_LOOP('',(#7393,#7394,#7400,#7401));
#7393 = ORIENTED_EDGE('',*,*,#1043,.T.);
#7394 = ORIENTED_EDGE('',*,*,#7395,.T.);
#7395 = EDGE_CURVE('',#1044,#3976,#7396,.T.);
#7396 = LINE('',#7397,#7398);
#7397 = CARTESIAN_POINT('',(101.66,-19.078003,-4.6E-02));
#7398 = VECTOR('',#7399,1.);
#7399 = DIRECTION('',(0.,0.,1.));
#7400 = ORIENTED_EDGE('',*,*,#3975,.F.);
#7401 = ORIENTED_EDGE('',*,*,#7395,.F.);
#7402 = CYLINDRICAL_SURFACE('',#7403,0.5);
#7403 = AXIS2_PLACEMENT_3D('',#7404,#7405,#7406);
#7404 = CARTESIAN_POINT('',(101.66,-18.578003,-4.6E-02));
#7405 = DIRECTION('',(-0.,-0.,-1.));
#7406 = DIRECTION('',(-0.,-1.,0.));
#7407 = ADVANCED_FACE('',(#7408),#7419,.F.);
#7408 = FACE_BOUND('',#7409,.T.);
#7409 = EDGE_LOOP('',(#7410,#7411,#7417,#7418));
#7410 = ORIENTED_EDGE('',*,*,#1054,.T.);
#7411 = ORIENTED_EDGE('',*,*,#7412,.T.);
#7412 = EDGE_CURVE('',#1055,#3987,#7413,.T.);
#7413 = LINE('',#7414,#7415);
#7414 = CARTESIAN_POINT('',(107.248,-18.978003,-4.6E-02));
#7415 = VECTOR('',#7416,1.);
#7416 = DIRECTION('',(0.,0.,1.));
#7417 = ORIENTED_EDGE('',*,*,#3986,.F.);
#7418 = ORIENTED_EDGE('',*,*,#7412,.F.);
#7419 = CYLINDRICAL_SURFACE('',#7420,0.4);
#7420 = AXIS2_PLACEMENT_3D('',#7421,#7422,#7423);
#7421 = CARTESIAN_POINT('',(107.248,-18.578003,-4.6E-02));
#7422 = DIRECTION('',(-0.,0.,-1.));
#7423 = DIRECTION('',(3.5527136788E-14,-1.,-0.));
#7424 = ADVANCED_FACE('',(#7425),#7436,.F.);
#7425 = FACE_BOUND('',#7426,.T.);
#7426 = EDGE_LOOP('',(#7427,#7428,#7434,#7435));
#7427 = ORIENTED_EDGE('',*,*,#1065,.T.);
#7428 = ORIENTED_EDGE('',*,*,#7429,.T.);
#7429 = EDGE_CURVE('',#1066,#3998,#7430,.T.);
#7430 = LINE('',#7431,#7432);
#7431 = CARTESIAN_POINT('',(101.66,-16.538003,-4.6E-02));
#7432 = VECTOR('',#7433,1.);
#7433 = DIRECTION('',(0.,0.,1.));
#7434 = ORIENTED_EDGE('',*,*,#3997,.F.);
#7435 = ORIENTED_EDGE('',*,*,#7429,.F.);
#7436 = CYLINDRICAL_SURFACE('',#7437,0.5);
#7437 = AXIS2_PLACEMENT_3D('',#7438,#7439,#7440);
#7438 = CARTESIAN_POINT('',(101.66,-16.038003,-4.6E-02));
#7439 = DIRECTION('',(-0.,-0.,-1.));
#7440 = DIRECTION('',(-0.,-1.,0.));
#7441 = ADVANCED_FACE('',(#7442),#7453,.F.);
#7442 = FACE_BOUND('',#7443,.T.);
#7443 = EDGE_LOOP('',(#7444,#7445,#7451,#7452));
#7444 = ORIENTED_EDGE('',*,*,#1076,.T.);
#7445 = ORIENTED_EDGE('',*,*,#7446,.T.);
#7446 = EDGE_CURVE('',#1077,#4009,#7447,.T.);
#7447 = LINE('',#7448,#7449);
#7448 = CARTESIAN_POINT('',(107.248,-16.438003,-4.6E-02));
#7449 = VECTOR('',#7450,1.);
#7450 = DIRECTION('',(0.,0.,1.));
#7451 = ORIENTED_EDGE('',*,*,#4008,.F.);
#7452 = ORIENTED_EDGE('',*,*,#7446,.F.);
#7453 = CYLINDRICAL_SURFACE('',#7454,0.4);
#7454 = AXIS2_PLACEMENT_3D('',#7455,#7456,#7457);
#7455 = CARTESIAN_POINT('',(107.248,-16.038003,-4.6E-02));
#7456 = DIRECTION('',(-0.,0.,-1.));
#7457 = DIRECTION('',(3.5527136788E-14,-1.,-0.));
#7458 = ADVANCED_FACE('',(#7459),#7470,.F.);
#7459 = FACE_BOUND('',#7460,.T.);
#7460 = EDGE_LOOP('',(#7461,#7462,#7468,#7469));
#7461 = ORIENTED_EDGE('',*,*,#1087,.T.);
#7462 = ORIENTED_EDGE('',*,*,#7463,.T.);
#7463 = EDGE_CURVE('',#1088,#4020,#7464,.T.);
#7464 = LINE('',#7465,#7466);
#7465 = CARTESIAN_POINT('',(101.66,-13.998003,-4.6E-02));
#7466 = VECTOR('',#7467,1.);
#7467 = DIRECTION('',(0.,0.,1.));
#7468 = ORIENTED_EDGE('',*,*,#4019,.F.);
#7469 = ORIENTED_EDGE('',*,*,#7463,.F.);
#7470 = CYLINDRICAL_SURFACE('',#7471,0.5);
#7471 = AXIS2_PLACEMENT_3D('',#7472,#7473,#7474);
#7472 = CARTESIAN_POINT('',(101.66,-13.498003,-4.6E-02));
#7473 = DIRECTION('',(-0.,-0.,-1.));
#7474 = DIRECTION('',(-0.,-1.,0.));
#7475 = ADVANCED_FACE('',(#7476),#7487,.F.);
#7476 = FACE_BOUND('',#7477,.T.);
#7477 = EDGE_LOOP('',(#7478,#7479,#7485,#7486));
#7478 = ORIENTED_EDGE('',*,*,#1098,.T.);
#7479 = ORIENTED_EDGE('',*,*,#7480,.T.);
#7480 = EDGE_CURVE('',#1099,#4031,#7481,.T.);
#7481 = LINE('',#7482,#7483);
#7482 = CARTESIAN_POINT('',(107.248,-13.898003,-4.6E-02));
#7483 = VECTOR('',#7484,1.);
#7484 = DIRECTION('',(0.,0.,1.));
#7485 = ORIENTED_EDGE('',*,*,#4030,.F.);
#7486 = ORIENTED_EDGE('',*,*,#7480,.F.);
#7487 = CYLINDRICAL_SURFACE('',#7488,0.4);
#7488 = AXIS2_PLACEMENT_3D('',#7489,#7490,#7491);
#7489 = CARTESIAN_POINT('',(107.248,-13.498003,-4.6E-02));
#7490 = DIRECTION('',(-0.,0.,-1.));
#7491 = DIRECTION('',(3.5527136788E-14,-1.,-0.));
#7492 = ADVANCED_FACE('',(#7493),#7504,.F.);
#7493 = FACE_BOUND('',#7494,.T.);
#7494 = EDGE_LOOP('',(#7495,#7496,#7502,#7503));
#7495 = ORIENTED_EDGE('',*,*,#1109,.T.);
#7496 = ORIENTED_EDGE('',*,*,#7497,.T.);
#7497 = EDGE_CURVE('',#1110,#4042,#7498,.T.);
#7498 = LINE('',#7499,#7500);
#7499 = CARTESIAN_POINT('',(101.66,-11.458003,-4.6E-02));
#7500 = VECTOR('',#7501,1.);
#7501 = DIRECTION('',(0.,0.,1.));
#7502 = ORIENTED_EDGE('',*,*,#4041,.F.);
#7503 = ORIENTED_EDGE('',*,*,#7497,.F.);
#7504 = CYLINDRICAL_SURFACE('',#7505,0.5);
#7505 = AXIS2_PLACEMENT_3D('',#7506,#7507,#7508);
#7506 = CARTESIAN_POINT('',(101.66,-10.958003,-4.6E-02));
#7507 = DIRECTION('',(-0.,-0.,-1.));
#7508 = DIRECTION('',(-0.,-1.,0.));
#7509 = ADVANCED_FACE('',(#7510),#7521,.F.);
#7510 = FACE_BOUND('',#7511,.T.);
#7511 = EDGE_LOOP('',(#7512,#7513,#7519,#7520));
#7512 = ORIENTED_EDGE('',*,*,#1120,.T.);
#7513 = ORIENTED_EDGE('',*,*,#7514,.T.);
#7514 = EDGE_CURVE('',#1121,#4053,#7515,.T.);
#7515 = LINE('',#7516,#7517);
#7516 = CARTESIAN_POINT('',(107.248,-11.358003,-4.6E-02));
#7517 = VECTOR('',#7518,1.);
#7518 = DIRECTION('',(0.,0.,1.));
#7519 = ORIENTED_EDGE('',*,*,#4052,.F.);
#7520 = ORIENTED_EDGE('',*,*,#7514,.F.);
#7521 = CYLINDRICAL_SURFACE('',#7522,0.4);
#7522 = AXIS2_PLACEMENT_3D('',#7523,#7524,#7525);
#7523 = CARTESIAN_POINT('',(107.248,-10.958003,-4.6E-02));
#7524 = DIRECTION('',(-0.,0.,-1.));
#7525 = DIRECTION('',(3.5527136788E-14,-1.,-0.));
#7526 = ADVANCED_FACE('',(#7527),#7538,.F.);
#7527 = FACE_BOUND('',#7528,.T.);
#7528 = EDGE_LOOP('',(#7529,#7530,#7536,#7537));
#7529 = ORIENTED_EDGE('',*,*,#1131,.T.);
#7530 = ORIENTED_EDGE('',*,*,#7531,.T.);
#7531 = EDGE_CURVE('',#1132,#4064,#7532,.T.);
#7532 = LINE('',#7533,#7534);
#7533 = CARTESIAN_POINT('',(149.92,-32.624003,-4.6E-02));
#7534 = VECTOR('',#7535,1.);
#7535 = DIRECTION('',(0.,0.,1.));
#7536 = ORIENTED_EDGE('',*,*,#4063,.F.);
#7537 = ORIENTED_EDGE('',*,*,#7531,.F.);
#7538 = CYLINDRICAL_SURFACE('',#7539,1.6);
#7539 = AXIS2_PLACEMENT_3D('',#7540,#7541,#7542);
#7540 = CARTESIAN_POINT('',(149.92,-31.024003,-4.6E-02));
#7541 = DIRECTION('',(-0.,-0.,-1.));
#7542 = DIRECTION('',(-1.7763568394E-14,-1.,0.));
#7543 = ADVANCED_FACE('',(#7544),#7555,.F.);
#7544 = FACE_BOUND('',#7545,.T.);
#7545 = EDGE_LOOP('',(#7546,#7547,#7553,#7554));
#7546 = ORIENTED_EDGE('',*,*,#1142,.T.);
#7547 = ORIENTED_EDGE('',*,*,#7548,.T.);
#7548 = EDGE_CURVE('',#1143,#4075,#7549,.T.);
#7549 = LINE('',#7550,#7551);
#7550 = CARTESIAN_POINT('',(149.92,-17.554003,-4.6E-02));
#7551 = VECTOR('',#7552,1.);
#7552 = DIRECTION('',(0.,0.,1.));
#7553 = ORIENTED_EDGE('',*,*,#4074,.F.);
#7554 = ORIENTED_EDGE('',*,*,#7548,.F.);
#7555 = CYLINDRICAL_SURFACE('',#7556,0.5);
#7556 = AXIS2_PLACEMENT_3D('',#7557,#7558,#7559);
#7557 = CARTESIAN_POINT('',(149.92,-17.054003,-4.6E-02));
#7558 = DIRECTION('',(-0.,-0.,-1.));
#7559 = DIRECTION('',(-0.,-1.,0.));
#7560 = ADVANCED_FACE('',(#7561),#7572,.F.);
#7561 = FACE_BOUND('',#7562,.T.);
#7562 = EDGE_LOOP('',(#7563,#7564,#7570,#7571));
#7563 = ORIENTED_EDGE('',*,*,#1153,.T.);
#7564 = ORIENTED_EDGE('',*,*,#7565,.T.);
#7565 = EDGE_CURVE('',#1154,#4086,#7566,.T.);
#7566 = LINE('',#7567,#7568);
#7567 = CARTESIAN_POINT('',(149.92,-15.014003,-4.6E-02));
#7568 = VECTOR('',#7569,1.);
#7569 = DIRECTION('',(0.,0.,1.));
#7570 = ORIENTED_EDGE('',*,*,#4085,.F.);
#7571 = ORIENTED_EDGE('',*,*,#7565,.F.);
#7572 = CYLINDRICAL_SURFACE('',#7573,0.5);
#7573 = AXIS2_PLACEMENT_3D('',#7574,#7575,#7576);
#7574 = CARTESIAN_POINT('',(149.92,-14.514003,-4.6E-02));
#7575 = DIRECTION('',(-0.,-0.,-1.));
#7576 = DIRECTION('',(-0.,-1.,0.));
#7577 = ADVANCED_FACE('',(#7578),#7589,.F.);
#7578 = FACE_BOUND('',#7579,.T.);
#7579 = EDGE_LOOP('',(#7580,#7581,#7587,#7588));
#7580 = ORIENTED_EDGE('',*,*,#1164,.T.);
#7581 = ORIENTED_EDGE('',*,*,#7582,.T.);
#7582 = EDGE_CURVE('',#1165,#4097,#7583,.T.);
#7583 = LINE('',#7584,#7585);
#7584 = CARTESIAN_POINT('',(149.92,-12.474003,-4.6E-02));
#7585 = VECTOR('',#7586,1.);
#7586 = DIRECTION('',(0.,0.,1.));
#7587 = ORIENTED_EDGE('',*,*,#4096,.F.);
#7588 = ORIENTED_EDGE('',*,*,#7582,.F.);
#7589 = CYLINDRICAL_SURFACE('',#7590,0.5);
#7590 = AXIS2_PLACEMENT_3D('',#7591,#7592,#7593);
#7591 = CARTESIAN_POINT('',(149.92,-11.974003,-4.6E-02));
#7592 = DIRECTION('',(-0.,-0.,-1.));
#7593 = DIRECTION('',(-0.,-1.,0.));
#7594 = ADVANCED_FACE('',(#7595),#7606,.F.);
#7595 = FACE_BOUND('',#7596,.T.);
#7596 = EDGE_LOOP('',(#7597,#7598,#7604,#7605));
#7597 = ORIENTED_EDGE('',*,*,#1175,.T.);
#7598 = ORIENTED_EDGE('',*,*,#7599,.T.);
#7599 = EDGE_CURVE('',#1176,#4108,#7600,.T.);
#7600 = LINE('',#7601,#7602);
#7601 = CARTESIAN_POINT('',(149.92,-9.934003,-4.6E-02));
#7602 = VECTOR('',#7603,1.);
#7603 = DIRECTION('',(0.,0.,1.));
#7604 = ORIENTED_EDGE('',*,*,#4107,.F.);
#7605 = ORIENTED_EDGE('',*,*,#7599,.F.);
#7606 = CYLINDRICAL_SURFACE('',#7607,0.5);
#7607 = AXIS2_PLACEMENT_3D('',#7608,#7609,#7610);
#7608 = CARTESIAN_POINT('',(149.92,-9.434003,-4.6E-02));
#7609 = DIRECTION('',(-0.,-0.,-1.));
#7610 = DIRECTION('',(-0.,-1.,0.));
#7611 = ADVANCED_FACE('',(#7612),#7623,.F.);
#7612 = FACE_BOUND('',#7613,.T.);
#7613 = EDGE_LOOP('',(#7614,#7615,#7621,#7622));
#7614 = ORIENTED_EDGE('',*,*,#1186,.T.);
#7615 = ORIENTED_EDGE('',*,*,#7616,.T.);
#7616 = EDGE_CURVE('',#1187,#4119,#7617,.T.);
#7617 = LINE('',#7618,#7619);
#7618 = CARTESIAN_POINT('',(82.57,-8.818003,-4.6E-02));
#7619 = VECTOR('',#7620,1.);
#7620 = DIRECTION('',(0.,0.,1.));
#7621 = ORIENTED_EDGE('',*,*,#4118,.F.);
#7622 = ORIENTED_EDGE('',*,*,#7616,.F.);
#7623 = CYLINDRICAL_SURFACE('',#7624,0.4);
#7624 = AXIS2_PLACEMENT_3D('',#7625,#7626,#7627);
#7625 = CARTESIAN_POINT('',(82.57,-8.418003,-4.6E-02));
#7626 = DIRECTION('',(-0.,-0.,-1.));
#7627 = DIRECTION('',(-0.,-1.,0.));
#7628 = ADVANCED_FACE('',(#7629),#7640,.F.);
#7629 = FACE_BOUND('',#7630,.T.);
#7630 = EDGE_LOOP('',(#7631,#7632,#7638,#7639));
#7631 = ORIENTED_EDGE('',*,*,#1197,.T.);
#7632 = ORIENTED_EDGE('',*,*,#7633,.T.);
#7633 = EDGE_CURVE('',#1198,#4130,#7634,.T.);
#7634 = LINE('',#7635,#7636);
#7635 = CARTESIAN_POINT('',(82.336,-6.278003,-4.6E-02));
#7636 = VECTOR('',#7637,1.);
#7637 = DIRECTION('',(0.,0.,1.));
#7638 = ORIENTED_EDGE('',*,*,#4129,.F.);
#7639 = ORIENTED_EDGE('',*,*,#7633,.F.);
#7640 = CYLINDRICAL_SURFACE('',#7641,0.4);
#7641 = AXIS2_PLACEMENT_3D('',#7642,#7643,#7644);
#7642 = CARTESIAN_POINT('',(82.336,-5.878003,-4.6E-02));
#7643 = DIRECTION('',(-0.,-0.,-1.));
#7644 = DIRECTION('',(-3.552713678801E-14,-1.,0.));
#7645 = ADVANCED_FACE('',(#7646),#7657,.F.);
#7646 = FACE_BOUND('',#7647,.T.);
#7647 = EDGE_LOOP('',(#7648,#7649,#7655,#7656));
#7648 = ORIENTED_EDGE('',*,*,#1208,.T.);
#7649 = ORIENTED_EDGE('',*,*,#7650,.T.);
#7650 = EDGE_CURVE('',#1209,#4141,#7651,.T.);
#7651 = LINE('',#7652,#7653);
#7652 = CARTESIAN_POINT('',(82.356,-3.738003,-4.6E-02));
#7653 = VECTOR('',#7654,1.);
#7654 = DIRECTION('',(0.,0.,1.));
#7655 = ORIENTED_EDGE('',*,*,#4140,.F.);
#7656 = ORIENTED_EDGE('',*,*,#7650,.F.);
#7657 = CYLINDRICAL_SURFACE('',#7658,0.4);
#7658 = AXIS2_PLACEMENT_3D('',#7659,#7660,#7661);
#7659 = CARTESIAN_POINT('',(82.356,-3.338003,-4.6E-02));
#7660 = DIRECTION('',(-0.,-0.,-1.));
#7661 = DIRECTION('',(-0.,-1.,0.));
#7662 = ADVANCED_FACE('',(#7663),#7674,.F.);
#7663 = FACE_BOUND('',#7664,.T.);
#7664 = EDGE_LOOP('',(#7665,#7666,#7672,#7673));
#7665 = ORIENTED_EDGE('',*,*,#1219,.T.);
#7666 = ORIENTED_EDGE('',*,*,#7667,.T.);
#7667 = EDGE_CURVE('',#1220,#4152,#7668,.T.);
#7668 = LINE('',#7669,#7670);
#7669 = CARTESIAN_POINT('',(87.944,-5.730003,-4.6E-02));
#7670 = VECTOR('',#7671,1.);
#7671 = DIRECTION('',(0.,0.,1.));
#7672 = ORIENTED_EDGE('',*,*,#4151,.F.);
#7673 = ORIENTED_EDGE('',*,*,#7667,.F.);
#7674 = CYLINDRICAL_SURFACE('',#7675,0.4);
#7675 = AXIS2_PLACEMENT_3D('',#7676,#7677,#7678);
#7676 = CARTESIAN_POINT('',(87.944,-5.330003,-4.6E-02));
#7677 = DIRECTION('',(-0.,0.,-1.));
#7678 = DIRECTION('',(3.5527136788E-14,-1.,-0.));
#7679 = ADVANCED_FACE('',(#7680),#7691,.F.);
#7680 = FACE_BOUND('',#7681,.T.);
#7681 = EDGE_LOOP('',(#7682,#7683,#7689,#7690));
#7682 = ORIENTED_EDGE('',*,*,#1230,.T.);
#7683 = ORIENTED_EDGE('',*,*,#7684,.T.);
#7684 = EDGE_CURVE('',#1231,#4163,#7685,.T.);
#7685 = LINE('',#7686,#7687);
#7686 = CARTESIAN_POINT('',(92.008,-8.818003,-4.6E-02));
#7687 = VECTOR('',#7688,1.);
#7688 = DIRECTION('',(0.,0.,1.));
#7689 = ORIENTED_EDGE('',*,*,#4162,.F.);
#7690 = ORIENTED_EDGE('',*,*,#7684,.F.);
#7691 = CYLINDRICAL_SURFACE('',#7692,0.4);
#7692 = AXIS2_PLACEMENT_3D('',#7693,#7694,#7695);
#7693 = CARTESIAN_POINT('',(92.008,-8.418003,-4.6E-02));
#7694 = DIRECTION('',(-0.,-0.,-1.));
#7695 = DIRECTION('',(-3.552713678801E-14,-1.,0.));
#7696 = ADVANCED_FACE('',(#7697),#7708,.F.);
#7697 = FACE_BOUND('',#7698,.T.);
#7698 = EDGE_LOOP('',(#7699,#7700,#7706,#7707));
#7699 = ORIENTED_EDGE('',*,*,#1241,.T.);
#7700 = ORIENTED_EDGE('',*,*,#7701,.T.);
#7701 = EDGE_CURVE('',#1242,#4174,#7702,.T.);
#7702 = LINE('',#7703,#7704);
#7703 = CARTESIAN_POINT('',(92.008,-6.278003,-4.6E-02));
#7704 = VECTOR('',#7705,1.);
#7705 = DIRECTION('',(0.,0.,1.));
#7706 = ORIENTED_EDGE('',*,*,#4173,.F.);
#7707 = ORIENTED_EDGE('',*,*,#7701,.F.);
#7708 = CYLINDRICAL_SURFACE('',#7709,0.4);
#7709 = AXIS2_PLACEMENT_3D('',#7710,#7711,#7712);
#7710 = CARTESIAN_POINT('',(92.008,-5.878003,-4.6E-02));
#7711 = DIRECTION('',(-0.,-0.,-1.));
#7712 = DIRECTION('',(-3.552713678801E-14,-1.,0.));
#7713 = ADVANCED_FACE('',(#7714),#7725,.F.);
#7714 = FACE_BOUND('',#7715,.T.);
#7715 = EDGE_LOOP('',(#7716,#7717,#7723,#7724));
#7716 = ORIENTED_EDGE('',*,*,#1252,.T.);
#7717 = ORIENTED_EDGE('',*,*,#7718,.T.);
#7718 = EDGE_CURVE('',#1253,#4185,#7719,.T.);
#7719 = LINE('',#7720,#7721);
#7720 = CARTESIAN_POINT('',(92.008,-3.738003,-4.6E-02));
#7721 = VECTOR('',#7722,1.);
#7722 = DIRECTION('',(0.,0.,1.));
#7723 = ORIENTED_EDGE('',*,*,#4184,.F.);
#7724 = ORIENTED_EDGE('',*,*,#7718,.F.);
#7725 = CYLINDRICAL_SURFACE('',#7726,0.4);
#7726 = AXIS2_PLACEMENT_3D('',#7727,#7728,#7729);
#7727 = CARTESIAN_POINT('',(92.008,-3.338003,-4.6E-02));
#7728 = DIRECTION('',(-0.,-0.,-1.));
#7729 = DIRECTION('',(-3.552713678801E-14,-1.,0.));
#7730 = ADVANCED_FACE('',(#7731),#7742,.F.);
#7731 = FACE_BOUND('',#7732,.T.);
#7732 = EDGE_LOOP('',(#7733,#7734,#7740,#7741));
#7733 = ORIENTED_EDGE('',*,*,#1263,.T.);
#7734 = ORIENTED_EDGE('',*,*,#7735,.T.);
#7735 = EDGE_CURVE('',#1264,#4196,#7736,.T.);
#7736 = LINE('',#7737,#7738);
#7737 = CARTESIAN_POINT('',(84.388,-0.690003,-4.6E-02));
#7738 = VECTOR('',#7739,1.);
#7739 = DIRECTION('',(0.,0.,1.));
#7740 = ORIENTED_EDGE('',*,*,#4195,.F.);
#7741 = ORIENTED_EDGE('',*,*,#7735,.F.);
#7742 = CYLINDRICAL_SURFACE('',#7743,0.4);
#7743 = AXIS2_PLACEMENT_3D('',#7744,#7745,#7746);
#7744 = CARTESIAN_POINT('',(84.388,-0.290003,-4.6E-02));
#7745 = DIRECTION('',(-0.,-0.,-1.));
#7746 = DIRECTION('',(-0.,-1.,0.));
#7747 = ADVANCED_FACE('',(#7748),#7759,.F.);
#7748 = FACE_BOUND('',#7749,.T.);
#7749 = EDGE_LOOP('',(#7750,#7751,#7757,#7758));
#7750 = ORIENTED_EDGE('',*,*,#1274,.T.);
#7751 = ORIENTED_EDGE('',*,*,#7752,.T.);
#7752 = EDGE_CURVE('',#1275,#4207,#7753,.T.);
#7753 = LINE('',#7754,#7755);
#7754 = CARTESIAN_POINT('',(87.944,-0.730003,-4.6E-02));
#7755 = VECTOR('',#7756,1.);
#7756 = DIRECTION('',(0.,0.,1.));
#7757 = ORIENTED_EDGE('',*,*,#4206,.F.);
#7758 = ORIENTED_EDGE('',*,*,#7752,.F.);
#7759 = CYLINDRICAL_SURFACE('',#7760,0.4);
#7760 = AXIS2_PLACEMENT_3D('',#7761,#7762,#7763);
#7761 = CARTESIAN_POINT('',(87.944,-0.330003,-4.6E-02));
#7762 = DIRECTION('',(-0.,0.,-1.));
#7763 = DIRECTION('',(3.5527136788E-14,-1.,-0.));
#7764 = ADVANCED_FACE('',(#7765),#7776,.F.);
#7765 = FACE_BOUND('',#7766,.T.);
#7766 = EDGE_LOOP('',(#7767,#7768,#7774,#7775));
#7767 = ORIENTED_EDGE('',*,*,#1285,.T.);
#7768 = ORIENTED_EDGE('',*,*,#7769,.T.);
#7769 = EDGE_CURVE('',#1286,#4218,#7770,.T.);
#7770 = LINE('',#7771,#7772);
#7771 = CARTESIAN_POINT('',(92.008,-1.198003,-4.6E-02));
#7772 = VECTOR('',#7773,1.);
#7773 = DIRECTION('',(0.,0.,1.));
#7774 = ORIENTED_EDGE('',*,*,#4217,.F.);
#7775 = ORIENTED_EDGE('',*,*,#7769,.F.);
#7776 = CYLINDRICAL_SURFACE('',#7777,0.4);
#7777 = AXIS2_PLACEMENT_3D('',#7778,#7779,#7780);
#7778 = CARTESIAN_POINT('',(92.008,-0.798003,-4.6E-02));
#7779 = DIRECTION('',(-0.,-0.,-1.));
#7780 = DIRECTION('',(-3.552713678801E-14,-1.,0.));
#7781 = ADVANCED_FACE('',(#7782),#7793,.F.);
#7782 = FACE_BOUND('',#7783,.T.);
#7783 = EDGE_LOOP('',(#7784,#7785,#7791,#7792));
#7784 = ORIENTED_EDGE('',*,*,#1296,.T.);
#7785 = ORIENTED_EDGE('',*,*,#7786,.T.);
#7786 = EDGE_CURVE('',#1297,#4229,#7787,.T.);
#7787 = LINE('',#7788,#7789);
#7788 = CARTESIAN_POINT('',(101.66,-8.918003,-4.6E-02));
#7789 = VECTOR('',#7790,1.);
#7790 = DIRECTION('',(0.,0.,1.));
#7791 = ORIENTED_EDGE('',*,*,#4228,.F.);
#7792 = ORIENTED_EDGE('',*,*,#7786,.F.);
#7793 = CYLINDRICAL_SURFACE('',#7794,0.5);
#7794 = AXIS2_PLACEMENT_3D('',#7795,#7796,#7797);
#7795 = CARTESIAN_POINT('',(101.66,-8.418003,-4.6E-02));
#7796 = DIRECTION('',(-0.,-0.,-1.));
#7797 = DIRECTION('',(-0.,-1.,0.));
#7798 = ADVANCED_FACE('',(#7799),#7810,.F.);
#7799 = FACE_BOUND('',#7800,.T.);
#7800 = EDGE_LOOP('',(#7801,#7802,#7808,#7809));
#7801 = ORIENTED_EDGE('',*,*,#1307,.T.);
#7802 = ORIENTED_EDGE('',*,*,#7803,.T.);
#7803 = EDGE_CURVE('',#1308,#4240,#7804,.T.);
#7804 = LINE('',#7805,#7806);
#7805 = CARTESIAN_POINT('',(101.66,-6.378003,-4.6E-02));
#7806 = VECTOR('',#7807,1.);
#7807 = DIRECTION('',(0.,0.,1.));
#7808 = ORIENTED_EDGE('',*,*,#4239,.F.);
#7809 = ORIENTED_EDGE('',*,*,#7803,.F.);
#7810 = CYLINDRICAL_SURFACE('',#7811,0.5);
#7811 = AXIS2_PLACEMENT_3D('',#7812,#7813,#7814);
#7812 = CARTESIAN_POINT('',(101.66,-5.878003,-4.6E-02));
#7813 = DIRECTION('',(-0.,-0.,-1.));
#7814 = DIRECTION('',(-0.,-1.,0.));
#7815 = ADVANCED_FACE('',(#7816),#7827,.F.);
#7816 = FACE_BOUND('',#7817,.T.);
#7817 = EDGE_LOOP('',(#7818,#7819,#7825,#7826));
#7818 = ORIENTED_EDGE('',*,*,#1318,.T.);
#7819 = ORIENTED_EDGE('',*,*,#7820,.T.);
#7820 = EDGE_CURVE('',#1319,#4251,#7821,.T.);
#7821 = LINE('',#7822,#7823);
#7822 = CARTESIAN_POINT('',(107.248,-8.818003,-4.6E-02));
#7823 = VECTOR('',#7824,1.);
#7824 = DIRECTION('',(0.,0.,1.));
#7825 = ORIENTED_EDGE('',*,*,#4250,.F.);
#7826 = ORIENTED_EDGE('',*,*,#7820,.F.);
#7827 = CYLINDRICAL_SURFACE('',#7828,0.4);
#7828 = AXIS2_PLACEMENT_3D('',#7829,#7830,#7831);
#7829 = CARTESIAN_POINT('',(107.248,-8.418003,-4.6E-02));
#7830 = DIRECTION('',(-0.,0.,-1.));
#7831 = DIRECTION('',(3.5527136788E-14,-1.,-0.));
#7832 = ADVANCED_FACE('',(#7833),#7844,.F.);
#7833 = FACE_BOUND('',#7834,.T.);
#7834 = EDGE_LOOP('',(#7835,#7836,#7842,#7843));
#7835 = ORIENTED_EDGE('',*,*,#1329,.T.);
#7836 = ORIENTED_EDGE('',*,*,#7837,.T.);
#7837 = EDGE_CURVE('',#1330,#4262,#7838,.T.);
#7838 = LINE('',#7839,#7840);
#7839 = CARTESIAN_POINT('',(107.248,-6.278003,-4.6E-02));
#7840 = VECTOR('',#7841,1.);
#7841 = DIRECTION('',(0.,0.,1.));
#7842 = ORIENTED_EDGE('',*,*,#4261,.F.);
#7843 = ORIENTED_EDGE('',*,*,#7837,.F.);
#7844 = CYLINDRICAL_SURFACE('',#7845,0.4);
#7845 = AXIS2_PLACEMENT_3D('',#7846,#7847,#7848);
#7846 = CARTESIAN_POINT('',(107.248,-5.878003,-4.6E-02));
#7847 = DIRECTION('',(-0.,0.,-1.));
#7848 = DIRECTION('',(3.5527136788E-14,-1.,-0.));
#7849 = ADVANCED_FACE('',(#7850),#7861,.F.);
#7850 = FACE_BOUND('',#7851,.T.);
#7851 = EDGE_LOOP('',(#7852,#7853,#7859,#7860));
#7852 = ORIENTED_EDGE('',*,*,#1340,.T.);
#7853 = ORIENTED_EDGE('',*,*,#7854,.T.);
#7854 = EDGE_CURVE('',#1341,#4273,#7855,.T.);
#7855 = LINE('',#7856,#7857);
#7856 = CARTESIAN_POINT('',(101.66,-3.838003,-4.6E-02));
#7857 = VECTOR('',#7858,1.);
#7858 = DIRECTION('',(0.,0.,1.));
#7859 = ORIENTED_EDGE('',*,*,#4272,.F.);
#7860 = ORIENTED_EDGE('',*,*,#7854,.F.);
#7861 = CYLINDRICAL_SURFACE('',#7862,0.5);
#7862 = AXIS2_PLACEMENT_3D('',#7863,#7864,#7865);
#7863 = CARTESIAN_POINT('',(101.66,-3.338003,-4.6E-02));
#7864 = DIRECTION('',(-0.,-0.,-1.));
#7865 = DIRECTION('',(-0.,-1.,0.));
#7866 = ADVANCED_FACE('',(#7867),#7878,.F.);
#7867 = FACE_BOUND('',#7868,.T.);
#7868 = EDGE_LOOP('',(#7869,#7870,#7876,#7877));
#7869 = ORIENTED_EDGE('',*,*,#1351,.T.);
#7870 = ORIENTED_EDGE('',*,*,#7871,.T.);
#7871 = EDGE_CURVE('',#1352,#4284,#7872,.T.);
#7872 = LINE('',#7873,#7874);
#7873 = CARTESIAN_POINT('',(107.248,-3.738003,-4.6E-02));
#7874 = VECTOR('',#7875,1.);
#7875 = DIRECTION('',(0.,0.,1.));
#7876 = ORIENTED_EDGE('',*,*,#4283,.F.);
#7877 = ORIENTED_EDGE('',*,*,#7871,.F.);
#7878 = CYLINDRICAL_SURFACE('',#7879,0.4);
#7879 = AXIS2_PLACEMENT_3D('',#7880,#7881,#7882);
#7880 = CARTESIAN_POINT('',(107.248,-3.338003,-4.6E-02));
#7881 = DIRECTION('',(-0.,0.,-1.));
#7882 = DIRECTION('',(3.5527136788E-14,-1.,-0.));
#7883 = ADVANCED_FACE('',(#7884),#7895,.F.);
#7884 = FACE_BOUND('',#7885,.T.);
#7885 = EDGE_LOOP('',(#7886,#7887,#7893,#7894));
#7886 = ORIENTED_EDGE('',*,*,#1362,.T.);
#7887 = ORIENTED_EDGE('',*,*,#7888,.T.);
#7888 = EDGE_CURVE('',#1363,#4295,#7889,.T.);
#7889 = LINE('',#7890,#7891);
#7890 = CARTESIAN_POINT('',(110.55,-6.238003,-4.6E-02));
#7891 = VECTOR('',#7892,1.);
#7892 = DIRECTION('',(0.,0.,1.));
#7893 = ORIENTED_EDGE('',*,*,#4294,.F.);
#7894 = ORIENTED_EDGE('',*,*,#7888,.F.);
#7895 = CYLINDRICAL_SURFACE('',#7896,0.4);
#7896 = AXIS2_PLACEMENT_3D('',#7897,#7898,#7899);
#7897 = CARTESIAN_POINT('',(110.55,-5.838003,-4.6E-02));
#7898 = DIRECTION('',(-0.,-0.,-1.));
#7899 = DIRECTION('',(-3.552713678801E-14,-1.,0.));
#7900 = ADVANCED_FACE('',(#7901),#7912,.F.);
#7901 = FACE_BOUND('',#7902,.T.);
#7902 = EDGE_LOOP('',(#7903,#7904,#7910,#7911));
#7903 = ORIENTED_EDGE('',*,*,#1373,.T.);
#7904 = ORIENTED_EDGE('',*,*,#7905,.T.);
#7905 = EDGE_CURVE('',#1374,#4306,#7906,.T.);
#7906 = LINE('',#7907,#7908);
#7907 = CARTESIAN_POINT('',(107.248,-1.198003,-4.6E-02));
#7908 = VECTOR('',#7909,1.);
#7909 = DIRECTION('',(0.,0.,1.));
#7910 = ORIENTED_EDGE('',*,*,#4305,.F.);
#7911 = ORIENTED_EDGE('',*,*,#7905,.F.);
#7912 = CYLINDRICAL_SURFACE('',#7913,0.4);
#7913 = AXIS2_PLACEMENT_3D('',#7914,#7915,#7916);
#7914 = CARTESIAN_POINT('',(107.248,-0.798003,-4.6E-02));
#7915 = DIRECTION('',(-0.,0.,-1.));
#7916 = DIRECTION('',(3.5527136788E-14,-1.,-0.));
#7917 = ADVANCED_FACE('',(#7918),#7929,.F.);
#7918 = FACE_BOUND('',#7919,.T.);
#7919 = EDGE_LOOP('',(#7920,#7921,#7927,#7928));
#7920 = ORIENTED_EDGE('',*,*,#1384,.T.);
#7921 = ORIENTED_EDGE('',*,*,#7922,.T.);
#7922 = EDGE_CURVE('',#1385,#4317,#7923,.T.);
#7923 = LINE('',#7924,#7925);
#7924 = CARTESIAN_POINT('',(101.66,0.225997,-4.6E-02));
#7925 = VECTOR('',#7926,1.);
#7926 = DIRECTION('',(0.,0.,1.));
#7927 = ORIENTED_EDGE('',*,*,#4316,.F.);
#7928 = ORIENTED_EDGE('',*,*,#7922,.F.);
#7929 = CYLINDRICAL_SURFACE('',#7930,0.5);
#7930 = AXIS2_PLACEMENT_3D('',#7931,#7932,#7933);
#7931 = CARTESIAN_POINT('',(101.66,0.725997,-4.6E-02));
#7932 = DIRECTION('',(-0.,-0.,-1.));
#7933 = DIRECTION('',(-0.,-1.,0.));
#7934 = ADVANCED_FACE('',(#7935),#7946,.F.);
#7935 = FACE_BOUND('',#7936,.T.);
#7936 = EDGE_LOOP('',(#7937,#7938,#7944,#7945));
#7937 = ORIENTED_EDGE('',*,*,#1395,.T.);
#7938 = ORIENTED_EDGE('',*,*,#7939,.T.);
#7939 = EDGE_CURVE('',#1396,#4328,#7940,.T.);
#7940 = LINE('',#7941,#7942);
#7941 = CARTESIAN_POINT('',(110.55,-1.238003,-4.6E-02));
#7942 = VECTOR('',#7943,1.);
#7943 = DIRECTION('',(0.,0.,1.));
#7944 = ORIENTED_EDGE('',*,*,#4327,.F.);
#7945 = ORIENTED_EDGE('',*,*,#7939,.F.);
#7946 = CYLINDRICAL_SURFACE('',#7947,0.4);
#7947 = AXIS2_PLACEMENT_3D('',#7948,#7949,#7950);
#7948 = CARTESIAN_POINT('',(110.55,-0.838003,-4.6E-02));
#7949 = DIRECTION('',(-0.,-0.,-1.));
#7950 = DIRECTION('',(-3.552713678801E-14,-1.,0.));
#7951 = ADVANCED_FACE('',(#7952),#7963,.F.);
#7952 = FACE_BOUND('',#7953,.T.);
#7953 = EDGE_LOOP('',(#7954,#7955,#7961,#7962));
#7954 = ORIENTED_EDGE('',*,*,#1406,.T.);
#7955 = ORIENTED_EDGE('',*,*,#7956,.T.);
#7956 = EDGE_CURVE('',#1407,#4339,#7957,.T.);
#7957 = LINE('',#7958,#7959);
#7958 = CARTESIAN_POINT('',(111.566,2.357997,-4.6E-02));
#7959 = VECTOR('',#7960,1.);
#7960 = DIRECTION('',(0.,0.,1.));
#7961 = ORIENTED_EDGE('',*,*,#4338,.F.);
#7962 = ORIENTED_EDGE('',*,*,#7956,.F.);
#7963 = CYLINDRICAL_SURFACE('',#7964,0.4);
#7964 = AXIS2_PLACEMENT_3D('',#7965,#7966,#7967);
#7965 = CARTESIAN_POINT('',(111.566,2.757997,-4.6E-02));
#7966 = DIRECTION('',(-0.,-0.,-1.));
#7967 = DIRECTION('',(-0.,-1.,0.));
#7968 = ADVANCED_FACE('',(#7969),#7980,.F.);
#7969 = FACE_BOUND('',#7970,.T.);
#7970 = EDGE_LOOP('',(#7971,#7972,#7978,#7979));
#7971 = ORIENTED_EDGE('',*,*,#1417,.T.);
#7972 = ORIENTED_EDGE('',*,*,#7973,.T.);
#7973 = EDGE_CURVE('',#1418,#4350,#7974,.T.);
#7974 = LINE('',#7975,#7976);
#7975 = CARTESIAN_POINT('',(115.376,0.325997,-4.6E-02));
#7976 = VECTOR('',#7977,1.);
#7977 = DIRECTION('',(0.,0.,1.));
#7978 = ORIENTED_EDGE('',*,*,#4349,.F.);
#7979 = ORIENTED_EDGE('',*,*,#7973,.F.);
#7980 = CYLINDRICAL_SURFACE('',#7981,0.4);
#7981 = AXIS2_PLACEMENT_3D('',#7982,#7983,#7984);
#7982 = CARTESIAN_POINT('',(115.376,0.725997,-4.6E-02));
#7983 = DIRECTION('',(-0.,-0.,-1.));
#7984 = DIRECTION('',(-0.,-1.,0.));
#7985 = ADVANCED_FACE('',(#7986),#7997,.F.);
#7986 = FACE_BOUND('',#7987,.T.);
#7987 = EDGE_LOOP('',(#7988,#7989,#7995,#7996));
#7988 = ORIENTED_EDGE('',*,*,#1428,.T.);
#7989 = ORIENTED_EDGE('',*,*,#7990,.T.);
#7990 = EDGE_CURVE('',#1429,#4361,#7991,.T.);
#7991 = LINE('',#7992,#7993);
#7992 = CARTESIAN_POINT('',(93.786,6.983997,-4.6E-02));
#7993 = VECTOR('',#7994,1.);
#7994 = DIRECTION('',(0.,0.,1.));
#7995 = ORIENTED_EDGE('',*,*,#4360,.F.);
#7996 = ORIENTED_EDGE('',*,*,#7990,.F.);
#7997 = CYLINDRICAL_SURFACE('',#7998,0.6);
#7998 = AXIS2_PLACEMENT_3D('',#7999,#8000,#8001);
#7999 = CARTESIAN_POINT('',(93.786,7.583997,-4.6E-02));
#8000 = DIRECTION('',(-0.,-0.,-1.));
#8001 = DIRECTION('',(-0.,-1.,0.));
#8002 = ADVANCED_FACE('',(#8003),#8014,.F.);
#8003 = FACE_BOUND('',#8004,.T.);
#8004 = EDGE_LOOP('',(#8005,#8006,#8012,#8013));
#8005 = ORIENTED_EDGE('',*,*,#1439,.T.);
#8006 = ORIENTED_EDGE('',*,*,#8007,.T.);
#8007 = EDGE_CURVE('',#1440,#4372,#8008,.T.);
#8008 = LINE('',#8009,#8010);
#8009 = CARTESIAN_POINT('',(101.66,2.765997,-4.6E-02));
#8010 = VECTOR('',#8011,1.);
#8011 = DIRECTION('',(0.,0.,1.));
#8012 = ORIENTED_EDGE('',*,*,#4371,.F.);
#8013 = ORIENTED_EDGE('',*,*,#8007,.F.);
#8014 = CYLINDRICAL_SURFACE('',#8015,0.5);
#8015 = AXIS2_PLACEMENT_3D('',#8016,#8017,#8018);
#8016 = CARTESIAN_POINT('',(101.66,3.265997,-4.6E-02));
#8017 = DIRECTION('',(-0.,-0.,-1.));
#8018 = DIRECTION('',(-0.,-1.,0.));
#8019 = ADVANCED_FACE('',(#8020),#8031,.F.);
#8020 = FACE_BOUND('',#8021,.T.);
#8021 = EDGE_LOOP('',(#8022,#8023,#8029,#8030));
#8022 = ORIENTED_EDGE('',*,*,#1450,.T.);
#8023 = ORIENTED_EDGE('',*,*,#8024,.T.);
#8024 = EDGE_CURVE('',#1451,#4383,#8025,.T.);
#8025 = LINE('',#8026,#8027);
#8026 = CARTESIAN_POINT('',(101.66,5.305997,-4.6E-02));
#8027 = VECTOR('',#8028,1.);
#8028 = DIRECTION('',(0.,0.,1.));
#8029 = ORIENTED_EDGE('',*,*,#4382,.F.);
#8030 = ORIENTED_EDGE('',*,*,#8024,.F.);
#8031 = CYLINDRICAL_SURFACE('',#8032,0.5);
#8032 = AXIS2_PLACEMENT_3D('',#8033,#8034,#8035);
#8033 = CARTESIAN_POINT('',(101.66,5.805997,-4.6E-02));
#8034 = DIRECTION('',(-0.,-0.,-1.));
#8035 = DIRECTION('',(-0.,-1.,0.));
#8036 = ADVANCED_FACE('',(#8037),#8048,.F.);
#8037 = FACE_BOUND('',#8038,.T.);
#8038 = EDGE_LOOP('',(#8039,#8040,#8046,#8047));
#8039 = ORIENTED_EDGE('',*,*,#1461,.T.);
#8040 = ORIENTED_EDGE('',*,*,#8041,.T.);
#8041 = EDGE_CURVE('',#1462,#4394,#8042,.T.);
#8042 = LINE('',#8043,#8044);
#8043 = CARTESIAN_POINT('',(105.47,4.389997,-4.6E-02));
#8044 = VECTOR('',#8045,1.);
#8045 = DIRECTION('',(0.,0.,1.));
#8046 = ORIENTED_EDGE('',*,*,#4393,.F.);
#8047 = ORIENTED_EDGE('',*,*,#8041,.F.);
#8048 = CYLINDRICAL_SURFACE('',#8049,0.4);
#8049 = AXIS2_PLACEMENT_3D('',#8050,#8051,#8052);
#8050 = CARTESIAN_POINT('',(105.47,4.789997,-4.6E-02));
#8051 = DIRECTION('',(-0.,-0.,-1.));
#8052 = DIRECTION('',(-0.,-1.,0.));
#8053 = ADVANCED_FACE('',(#8054),#8065,.F.);
#8054 = FACE_BOUND('',#8055,.T.);
#8055 = EDGE_LOOP('',(#8056,#8057,#8063,#8064));
#8056 = ORIENTED_EDGE('',*,*,#1472,.T.);
#8057 = ORIENTED_EDGE('',*,*,#8058,.T.);
#8058 = EDGE_CURVE('',#1473,#4405,#8059,.T.);
#8059 = LINE('',#8060,#8061);
#8060 = CARTESIAN_POINT('',(101.66,7.845997,-4.6E-02));
#8061 = VECTOR('',#8062,1.);
#8062 = DIRECTION('',(0.,0.,1.));
#8063 = ORIENTED_EDGE('',*,*,#4404,.F.);
#8064 = ORIENTED_EDGE('',*,*,#8058,.F.);
#8065 = CYLINDRICAL_SURFACE('',#8066,0.5);
#8066 = AXIS2_PLACEMENT_3D('',#8067,#8068,#8069);
#8067 = CARTESIAN_POINT('',(101.66,8.345997,-4.6E-02));
#8068 = DIRECTION('',(-0.,-0.,-1.));
#8069 = DIRECTION('',(-0.,-1.,0.));
#8070 = ADVANCED_FACE('',(#8071),#8082,.F.);
#8071 = FACE_BOUND('',#8072,.T.);
#8072 = EDGE_LOOP('',(#8073,#8074,#8080,#8081));
#8073 = ORIENTED_EDGE('',*,*,#1483,.T.);
#8074 = ORIENTED_EDGE('',*,*,#8075,.T.);
#8075 = EDGE_CURVE('',#1484,#4416,#8076,.T.);
#8076 = LINE('',#8077,#8078);
#8077 = CARTESIAN_POINT('',(101.66,10.385997,-4.6E-02));
#8078 = VECTOR('',#8079,1.);
#8079 = DIRECTION('',(0.,0.,1.));
#8080 = ORIENTED_EDGE('',*,*,#4415,.F.);
#8081 = ORIENTED_EDGE('',*,*,#8075,.F.);
#8082 = CYLINDRICAL_SURFACE('',#8083,0.5);
#8083 = AXIS2_PLACEMENT_3D('',#8084,#8085,#8086);
#8084 = CARTESIAN_POINT('',(101.66,10.885997,-4.6E-02));
#8085 = DIRECTION('',(-0.,-0.,-1.));
#8086 = DIRECTION('',(-0.,-1.,0.));
#8087 = ADVANCED_FACE('',(#8088),#8099,.F.);
#8088 = FACE_BOUND('',#8089,.T.);
#8089 = EDGE_LOOP('',(#8090,#8091,#8097,#8098));
#8090 = ORIENTED_EDGE('',*,*,#1494,.T.);
#8091 = ORIENTED_EDGE('',*,*,#8092,.T.);
#8092 = EDGE_CURVE('',#1495,#4427,#8093,.T.);
#8093 = LINE('',#8094,#8095);
#8094 = CARTESIAN_POINT('',(101.66,12.925997,-4.6E-02));
#8095 = VECTOR('',#8096,1.);
#8096 = DIRECTION('',(0.,0.,1.));
#8097 = ORIENTED_EDGE('',*,*,#4426,.F.);
#8098 = ORIENTED_EDGE('',*,*,#8092,.F.);
#8099 = CYLINDRICAL_SURFACE('',#8100,0.5);
#8100 = AXIS2_PLACEMENT_3D('',#8101,#8102,#8103);
#8101 = CARTESIAN_POINT('',(101.66,13.425997,-4.6E-02));
#8102 = DIRECTION('',(-0.,-0.,-1.));
#8103 = DIRECTION('',(-0.,-1.,0.));
#8104 = ADVANCED_FACE('',(#8105),#8116,.F.);
#8105 = FACE_BOUND('',#8106,.T.);
#8106 = EDGE_LOOP('',(#8107,#8108,#8114,#8115));
#8107 = ORIENTED_EDGE('',*,*,#1505,.T.);
#8108 = ORIENTED_EDGE('',*,*,#8109,.T.);
#8109 = EDGE_CURVE('',#1506,#4438,#8110,.T.);
#8110 = LINE('',#8111,#8112);
#8111 = CARTESIAN_POINT('',(105.47,14.549997,-4.6E-02));
#8112 = VECTOR('',#8113,1.);
#8113 = DIRECTION('',(0.,0.,1.));
#8114 = ORIENTED_EDGE('',*,*,#4437,.F.);
#8115 = ORIENTED_EDGE('',*,*,#8109,.F.);
#8116 = CYLINDRICAL_SURFACE('',#8117,0.4);
#8117 = AXIS2_PLACEMENT_3D('',#8118,#8119,#8120);
#8118 = CARTESIAN_POINT('',(105.47,14.949997,-4.6E-02));
#8119 = DIRECTION('',(-0.,-0.,-1.));
#8120 = DIRECTION('',(-0.,-1.,0.));
#8121 = ADVANCED_FACE('',(#8122),#8133,.F.);
#8122 = FACE_BOUND('',#8123,.T.);
#8123 = EDGE_LOOP('',(#8124,#8125,#8131,#8132));
#8124 = ORIENTED_EDGE('',*,*,#1516,.T.);
#8125 = ORIENTED_EDGE('',*,*,#8126,.T.);
#8126 = EDGE_CURVE('',#1517,#4449,#8127,.T.);
#8127 = LINE('',#8128,#8129);
#8128 = CARTESIAN_POINT('',(115.376,10.485997,-4.6E-02));
#8129 = VECTOR('',#8130,1.);
#8130 = DIRECTION('',(0.,0.,1.));
#8131 = ORIENTED_EDGE('',*,*,#4448,.F.);
#8132 = ORIENTED_EDGE('',*,*,#8126,.F.);
#8133 = CYLINDRICAL_SURFACE('',#8134,0.4);
#8134 = AXIS2_PLACEMENT_3D('',#8135,#8136,#8137);
#8135 = CARTESIAN_POINT('',(115.376,10.885997,-4.6E-02));
#8136 = DIRECTION('',(-0.,-0.,-1.));
#8137 = DIRECTION('',(-0.,-1.,0.));
#8138 = ADVANCED_FACE('',(#8139),#8150,.F.);
#8139 = FACE_BOUND('',#8140,.T.);
#8140 = EDGE_LOOP('',(#8141,#8142,#8148,#8149));
#8141 = ORIENTED_EDGE('',*,*,#1527,.T.);
#8142 = ORIENTED_EDGE('',*,*,#8143,.T.);
#8143 = EDGE_CURVE('',#1528,#4460,#8144,.T.);
#8144 = LINE('',#8145,#8146);
#8145 = CARTESIAN_POINT('',(111.566,12.517997,-4.6E-02));
#8146 = VECTOR('',#8147,1.);
#8147 = DIRECTION('',(0.,0.,1.));
#8148 = ORIENTED_EDGE('',*,*,#4459,.F.);
#8149 = ORIENTED_EDGE('',*,*,#8143,.F.);
#8150 = CYLINDRICAL_SURFACE('',#8151,0.4);
#8151 = AXIS2_PLACEMENT_3D('',#8152,#8153,#8154);
#8152 = CARTESIAN_POINT('',(111.566,12.917997,-4.6E-02));
#8153 = DIRECTION('',(-0.,-0.,-1.));
#8154 = DIRECTION('',(-0.,-1.,0.));
#8155 = ADVANCED_FACE('',(#8156),#8167,.F.);
#8156 = FACE_BOUND('',#8157,.T.);
#8157 = EDGE_LOOP('',(#8158,#8159,#8165,#8166));
#8158 = ORIENTED_EDGE('',*,*,#1538,.T.);
#8159 = ORIENTED_EDGE('',*,*,#8160,.T.);
#8160 = EDGE_CURVE('',#1539,#4471,#8161,.T.);
#8161 = LINE('',#8162,#8163);
#8162 = CARTESIAN_POINT('',(149.92,-7.394003,-4.6E-02));
#8163 = VECTOR('',#8164,1.);
#8164 = DIRECTION('',(0.,0.,1.));
#8165 = ORIENTED_EDGE('',*,*,#4470,.F.);
#8166 = ORIENTED_EDGE('',*,*,#8160,.F.);
#8167 = CYLINDRICAL_SURFACE('',#8168,0.5);
#8168 = AXIS2_PLACEMENT_3D('',#8169,#8170,#8171);
#8169 = CARTESIAN_POINT('',(149.92,-6.894003,-4.6E-02));
#8170 = DIRECTION('',(-0.,-0.,-1.));
#8171 = DIRECTION('',(-0.,-1.,0.));
#8172 = ADVANCED_FACE('',(#8173),#8184,.F.);
#8173 = FACE_BOUND('',#8174,.T.);
#8174 = EDGE_LOOP('',(#8175,#8176,#8182,#8183));
#8175 = ORIENTED_EDGE('',*,*,#1549,.T.);
#8176 = ORIENTED_EDGE('',*,*,#8177,.T.);
#8177 = EDGE_CURVE('',#1550,#4482,#8178,.T.);
#8178 = LINE('',#8179,#8180);
#8179 = CARTESIAN_POINT('',(149.92,-4.854003,-4.6E-02));
#8180 = VECTOR('',#8181,1.);
#8181 = DIRECTION('',(0.,0.,1.));
#8182 = ORIENTED_EDGE('',*,*,#4481,.F.);
#8183 = ORIENTED_EDGE('',*,*,#8177,.F.);
#8184 = CYLINDRICAL_SURFACE('',#8185,0.5);
#8185 = AXIS2_PLACEMENT_3D('',#8186,#8187,#8188);
#8186 = CARTESIAN_POINT('',(149.92,-4.354003,-4.6E-02));
#8187 = DIRECTION('',(-0.,-0.,-1.));
#8188 = DIRECTION('',(-0.,-1.,0.));
#8189 = ADVANCED_FACE('',(#8190),#8201,.F.);
#8190 = FACE_BOUND('',#8191,.T.);
#8191 = EDGE_LOOP('',(#8192,#8193,#8199,#8200));
#8192 = ORIENTED_EDGE('',*,*,#1560,.T.);
#8193 = ORIENTED_EDGE('',*,*,#8194,.T.);
#8194 = EDGE_CURVE('',#1561,#4493,#8195,.T.);
#8195 = LINE('',#8196,#8197);
#8196 = CARTESIAN_POINT('',(149.92,-2.314003,-4.6E-02));
#8197 = VECTOR('',#8198,1.);
#8198 = DIRECTION('',(0.,0.,1.));
#8199 = ORIENTED_EDGE('',*,*,#4492,.F.);
#8200 = ORIENTED_EDGE('',*,*,#8194,.F.);
#8201 = CYLINDRICAL_SURFACE('',#8202,0.5);
#8202 = AXIS2_PLACEMENT_3D('',#8203,#8204,#8205);
#8203 = CARTESIAN_POINT('',(149.92,-1.814003,-4.6E-02));
#8204 = DIRECTION('',(-0.,-0.,-1.));
#8205 = DIRECTION('',(-0.,-1.,0.));
#8206 = ADVANCED_FACE('',(#8207),#8218,.F.);
#8207 = FACE_BOUND('',#8208,.T.);
#8208 = EDGE_LOOP('',(#8209,#8210,#8216,#8217));
#8209 = ORIENTED_EDGE('',*,*,#1571,.T.);
#8210 = ORIENTED_EDGE('',*,*,#8211,.T.);
#8211 = EDGE_CURVE('',#1572,#4504,#8212,.T.);
#8212 = LINE('',#8213,#8214);
#8213 = CARTESIAN_POINT('',(149.92,0.225997,-4.6E-02));
#8214 = VECTOR('',#8215,1.);
#8215 = DIRECTION('',(0.,0.,1.));
#8216 = ORIENTED_EDGE('',*,*,#4503,.F.);
#8217 = ORIENTED_EDGE('',*,*,#8211,.F.);
#8218 = CYLINDRICAL_SURFACE('',#8219,0.5);
#8219 = AXIS2_PLACEMENT_3D('',#8220,#8221,#8222);
#8220 = CARTESIAN_POINT('',(149.92,0.725997,-4.6E-02));
#8221 = DIRECTION('',(-0.,-0.,-1.));
#8222 = DIRECTION('',(-0.,-1.,0.));
#8223 = ADVANCED_FACE('',(#8224),#8235,.F.);
#8224 = FACE_BOUND('',#8225,.T.);
#8225 = EDGE_LOOP('',(#8226,#8227,#8233,#8234));
#8226 = ORIENTED_EDGE('',*,*,#1582,.T.);
#8227 = ORIENTED_EDGE('',*,*,#8228,.T.);
#8228 = EDGE_CURVE('',#1583,#4515,#8229,.T.);
#8229 = LINE('',#8230,#8231);
#8230 = CARTESIAN_POINT('',(120.456,3.881997,-4.6E-02));
#8231 = VECTOR('',#8232,1.);
#8232 = DIRECTION('',(0.,0.,1.));
#8233 = ORIENTED_EDGE('',*,*,#4514,.F.);
#8234 = ORIENTED_EDGE('',*,*,#8228,.F.);
#8235 = CYLINDRICAL_SURFACE('',#8236,0.4);
#8236 = AXIS2_PLACEMENT_3D('',#8237,#8238,#8239);
#8237 = CARTESIAN_POINT('',(120.456,4.281997,-4.6E-02));
#8238 = DIRECTION('',(-0.,0.,-1.));
#8239 = DIRECTION('',(3.5527136788E-14,-1.,-0.));
#8240 = ADVANCED_FACE('',(#8241),#8252,.F.);
#8241 = FACE_BOUND('',#8242,.T.);
#8242 = EDGE_LOOP('',(#8243,#8244,#8250,#8251));
#8243 = ORIENTED_EDGE('',*,*,#1593,.T.);
#8244 = ORIENTED_EDGE('',*,*,#8245,.T.);
#8245 = EDGE_CURVE('',#1594,#4526,#8246,.T.);
#8246 = LINE('',#8247,#8248);
#8247 = CARTESIAN_POINT('',(120.456,14.041997,-4.6E-02));
#8248 = VECTOR('',#8249,1.);
#8249 = DIRECTION('',(0.,0.,1.));
#8250 = ORIENTED_EDGE('',*,*,#4525,.F.);
#8251 = ORIENTED_EDGE('',*,*,#8245,.F.);
#8252 = CYLINDRICAL_SURFACE('',#8253,0.4);
#8253 = AXIS2_PLACEMENT_3D('',#8254,#8255,#8256);
#8254 = CARTESIAN_POINT('',(120.456,14.441997,-4.6E-02));
#8255 = DIRECTION('',(-0.,0.,-1.));
#8256 = DIRECTION('',(3.5527136788E-14,-1.,-0.));
#8257 = ADVANCED_FACE('',(#8258),#8269,.F.);
#8258 = FACE_BOUND('',#8259,.T.);
#8259 = EDGE_LOOP('',(#8260,#8261,#8267,#8268));
#8260 = ORIENTED_EDGE('',*,*,#1604,.T.);
#8261 = ORIENTED_EDGE('',*,*,#8262,.T.);
#8262 = EDGE_CURVE('',#1605,#4537,#8263,.T.);
#8263 = LINE('',#8264,#8265);
#8264 = CARTESIAN_POINT('',(136.204,7.945997,-4.6E-02));
#8265 = VECTOR('',#8266,1.);
#8266 = DIRECTION('',(0.,0.,1.));
#8267 = ORIENTED_EDGE('',*,*,#4536,.F.);
#8268 = ORIENTED_EDGE('',*,*,#8262,.F.);
#8269 = CYLINDRICAL_SURFACE('',#8270,0.4);
#8270 = AXIS2_PLACEMENT_3D('',#8271,#8272,#8273);
#8271 = CARTESIAN_POINT('',(136.204,8.345997,-4.6E-02));
#8272 = DIRECTION('',(-0.,-0.,-1.));
#8273 = DIRECTION('',(-0.,-1.,0.));
#8274 = ADVANCED_FACE('',(#8275),#8286,.F.);
#8275 = FACE_BOUND('',#8276,.T.);
#8276 = EDGE_LOOP('',(#8277,#8278,#8284,#8285));
#8277 = ORIENTED_EDGE('',*,*,#1615,.T.);
#8278 = ORIENTED_EDGE('',*,*,#8279,.T.);
#8279 = EDGE_CURVE('',#1616,#4548,#8280,.T.);
#8280 = LINE('',#8281,#8282);
#8281 = CARTESIAN_POINT('',(149.92,5.305997,-4.6E-02));
#8282 = VECTOR('',#8283,1.);
#8283 = DIRECTION('',(0.,0.,1.));
#8284 = ORIENTED_EDGE('',*,*,#4547,.F.);
#8285 = ORIENTED_EDGE('',*,*,#8279,.F.);
#8286 = CYLINDRICAL_SURFACE('',#8287,0.5);
#8287 = AXIS2_PLACEMENT_3D('',#8288,#8289,#8290);
#8288 = CARTESIAN_POINT('',(149.92,5.805997,-4.6E-02));
#8289 = DIRECTION('',(-0.,-0.,-1.));
#8290 = DIRECTION('',(-0.,-1.,0.));
#8291 = ADVANCED_FACE('',(#8292),#8303,.F.);
#8292 = FACE_BOUND('',#8293,.T.);
#8293 = EDGE_LOOP('',(#8294,#8295,#8301,#8302));
#8294 = ORIENTED_EDGE('',*,*,#1626,.T.);
#8295 = ORIENTED_EDGE('',*,*,#8296,.T.);
#8296 = EDGE_CURVE('',#1627,#4559,#8297,.T.);
#8297 = LINE('',#8298,#8299);
#8298 = CARTESIAN_POINT('',(146.364,7.945997,-4.6E-02));
#8299 = VECTOR('',#8300,1.);
#8300 = DIRECTION('',(0.,0.,1.));
#8301 = ORIENTED_EDGE('',*,*,#4558,.F.);
#8302 = ORIENTED_EDGE('',*,*,#8296,.F.);
#8303 = CYLINDRICAL_SURFACE('',#8304,0.4);
#8304 = AXIS2_PLACEMENT_3D('',#8305,#8306,#8307);
#8305 = CARTESIAN_POINT('',(146.364,8.345997,-4.6E-02));
#8306 = DIRECTION('',(-0.,-0.,-1.));
#8307 = DIRECTION('',(-0.,-1.,0.));
#8308 = ADVANCED_FACE('',(#8309),#8320,.F.);
#8309 = FACE_BOUND('',#8310,.T.);
#8310 = EDGE_LOOP('',(#8311,#8312,#8318,#8319));
#8311 = ORIENTED_EDGE('',*,*,#1637,.T.);
#8312 = ORIENTED_EDGE('',*,*,#8313,.T.);
#8313 = EDGE_CURVE('',#1638,#4570,#8314,.T.);
#8314 = LINE('',#8315,#8316);
#8315 = CARTESIAN_POINT('',(149.92,7.845997,-4.6E-02));
#8316 = VECTOR('',#8317,1.);
#8317 = DIRECTION('',(0.,0.,1.));
#8318 = ORIENTED_EDGE('',*,*,#4569,.F.);
#8319 = ORIENTED_EDGE('',*,*,#8313,.F.);
#8320 = CYLINDRICAL_SURFACE('',#8321,0.5);
#8321 = AXIS2_PLACEMENT_3D('',#8322,#8323,#8324);
#8322 = CARTESIAN_POINT('',(149.92,8.345997,-4.6E-02));
#8323 = DIRECTION('',(-0.,-0.,-1.));
#8324 = DIRECTION('',(-0.,-1.,0.));
#8325 = ADVANCED_FACE('',(#8326),#8337,.F.);
#8326 = FACE_BOUND('',#8327,.T.);
#8327 = EDGE_LOOP('',(#8328,#8329,#8335,#8336));
#8328 = ORIENTED_EDGE('',*,*,#1648,.T.);
#8329 = ORIENTED_EDGE('',*,*,#8330,.T.);
#8330 = EDGE_CURVE('',#1649,#4581,#8331,.T.);
#8331 = LINE('',#8332,#8333);
#8332 = CARTESIAN_POINT('',(134.934,12.796997,-4.6E-02));
#8333 = VECTOR('',#8334,1.);
#8334 = DIRECTION('',(0.,0.,1.));
#8335 = ORIENTED_EDGE('',*,*,#4580,.F.);
#8336 = ORIENTED_EDGE('',*,*,#8330,.F.);
#8337 = CYLINDRICAL_SURFACE('',#8338,0.375);
#8338 = AXIS2_PLACEMENT_3D('',#8339,#8340,#8341);
#8339 = CARTESIAN_POINT('',(134.934,13.171997,-4.6E-02));
#8340 = DIRECTION('',(-0.,-0.,-1.));
#8341 = DIRECTION('',(-0.,-1.,0.));
#8342 = ADVANCED_FACE('',(#8343),#8354,.F.);
#8343 = FACE_BOUND('',#8344,.T.);
#8344 = EDGE_LOOP('',(#8345,#8346,#8352,#8353));
#8345 = ORIENTED_EDGE('',*,*,#1659,.T.);
#8346 = ORIENTED_EDGE('',*,*,#8347,.T.);
#8347 = EDGE_CURVE('',#1660,#4592,#8348,.T.);
#8348 = LINE('',#8349,#8350);
#8349 = CARTESIAN_POINT('',(136.204,12.796997,-4.6E-02));
#8350 = VECTOR('',#8351,1.);
#8351 = DIRECTION('',(0.,0.,1.));
#8352 = ORIENTED_EDGE('',*,*,#4591,.F.);
#8353 = ORIENTED_EDGE('',*,*,#8347,.F.);
#8354 = CYLINDRICAL_SURFACE('',#8355,0.375);
#8355 = AXIS2_PLACEMENT_3D('',#8356,#8357,#8358);
#8356 = CARTESIAN_POINT('',(136.204,13.171997,-4.6E-02));
#8357 = DIRECTION('',(-0.,-0.,-1.));
#8358 = DIRECTION('',(-0.,-1.,0.));
#8359 = ADVANCED_FACE('',(#8360),#8371,.F.);
#8360 = FACE_BOUND('',#8361,.T.);
#8361 = EDGE_LOOP('',(#8362,#8363,#8369,#8370));
#8362 = ORIENTED_EDGE('',*,*,#1670,.T.);
#8363 = ORIENTED_EDGE('',*,*,#8364,.T.);
#8364 = EDGE_CURVE('',#1671,#4603,#8365,.T.);
#8365 = LINE('',#8366,#8367);
#8366 = CARTESIAN_POINT('',(137.474,12.796997,-4.6E-02));
#8367 = VECTOR('',#8368,1.);
#8368 = DIRECTION('',(0.,0.,1.));
#8369 = ORIENTED_EDGE('',*,*,#4602,.F.);
#8370 = ORIENTED_EDGE('',*,*,#8364,.F.);
#8371 = CYLINDRICAL_SURFACE('',#8372,0.375);
#8372 = AXIS2_PLACEMENT_3D('',#8373,#8374,#8375);
#8373 = CARTESIAN_POINT('',(137.474,13.171997,-4.6E-02));
#8374 = DIRECTION('',(-0.,-0.,-1.));
#8375 = DIRECTION('',(-0.,-1.,0.));
#8376 = ADVANCED_FACE('',(#8377),#8388,.F.);
#8377 = FACE_BOUND('',#8378,.T.);
#8378 = EDGE_LOOP('',(#8379,#8380,#8386,#8387));
#8379 = ORIENTED_EDGE('',*,*,#1681,.T.);
#8380 = ORIENTED_EDGE('',*,*,#8381,.T.);
#8381 = EDGE_CURVE('',#1682,#4614,#8382,.T.);
#8382 = LINE('',#8383,#8384);
#8383 = CARTESIAN_POINT('',(149.92,10.385997,-4.6E-02));
#8384 = VECTOR('',#8385,1.);
#8385 = DIRECTION('',(0.,0.,1.));
#8386 = ORIENTED_EDGE('',*,*,#4613,.F.);
#8387 = ORIENTED_EDGE('',*,*,#8381,.F.);
#8388 = CYLINDRICAL_SURFACE('',#8389,0.5);
#8389 = AXIS2_PLACEMENT_3D('',#8390,#8391,#8392);
#8390 = CARTESIAN_POINT('',(149.92,10.885997,-4.6E-02));
#8391 = DIRECTION('',(-0.,-0.,-1.));
#8392 = DIRECTION('',(-0.,-1.,0.));
#8393 = ADVANCED_FACE('',(#8394),#8405,.F.);
#8394 = FACE_BOUND('',#8395,.T.);
#8395 = EDGE_LOOP('',(#8396,#8397,#8403,#8404));
#8396 = ORIENTED_EDGE('',*,*,#1692,.T.);
#8397 = ORIENTED_EDGE('',*,*,#8398,.T.);
#8398 = EDGE_CURVE('',#1693,#4625,#8399,.T.);
#8399 = LINE('',#8400,#8401);
#8400 = CARTESIAN_POINT('',(149.92,12.925997,-4.6E-02));
#8401 = VECTOR('',#8402,1.);
#8402 = DIRECTION('',(0.,0.,1.));
#8403 = ORIENTED_EDGE('',*,*,#4624,.F.);
#8404 = ORIENTED_EDGE('',*,*,#8398,.F.);
#8405 = CYLINDRICAL_SURFACE('',#8406,0.5);
#8406 = AXIS2_PLACEMENT_3D('',#8407,#8408,#8409);
#8407 = CARTESIAN_POINT('',(149.92,13.425997,-4.6E-02));
#8408 = DIRECTION('',(-0.,-0.,-1.));
#8409 = DIRECTION('',(-0.,-1.,0.));
#8410 = ADVANCED_FACE('',(#8411),#8422,.F.);
#8411 = FACE_BOUND('',#8412,.T.);
#8412 = EDGE_LOOP('',(#8413,#8414,#8420,#8421));
#8413 = ORIENTED_EDGE('',*,*,#1703,.T.);
#8414 = ORIENTED_EDGE('',*,*,#8415,.T.);
#8415 = EDGE_CURVE('',#1704,#4636,#8416,.T.);
#8416 = LINE('',#8417,#8418);
#8417 = CARTESIAN_POINT('',(12.41,23.817997,-4.6E-02));
#8418 = VECTOR('',#8419,1.);
#8419 = DIRECTION('',(0.,0.,1.));
#8420 = ORIENTED_EDGE('',*,*,#4635,.F.);
#8421 = ORIENTED_EDGE('',*,*,#8415,.F.);
#8422 = CYLINDRICAL_SURFACE('',#8423,1.8);
#8423 = AXIS2_PLACEMENT_3D('',#8424,#8425,#8426);
#8424 = CARTESIAN_POINT('',(12.41,25.617997,-4.6E-02));
#8425 = DIRECTION('',(-0.,-0.,-1.));
#8426 = DIRECTION('',(-0.,-1.,0.));
#8427 = ADVANCED_FACE('',(#8428),#8439,.F.);
#8428 = FACE_BOUND('',#8429,.T.);
#8429 = EDGE_LOOP('',(#8430,#8431,#8437,#8438));
#8430 = ORIENTED_EDGE('',*,*,#1714,.T.);
#8431 = ORIENTED_EDGE('',*,*,#8432,.T.);
#8432 = EDGE_CURVE('',#1715,#4647,#8433,.T.);
#8433 = LINE('',#8434,#8435);
#8434 = CARTESIAN_POINT('',(31.81,15.311997,-4.6E-02));
#8435 = VECTOR('',#8436,1.);
#8436 = DIRECTION('',(0.,0.,1.));
#8437 = ORIENTED_EDGE('',*,*,#4646,.F.);
#8438 = ORIENTED_EDGE('',*,*,#8432,.F.);
#8439 = CYLINDRICAL_SURFACE('',#8440,0.4);
#8440 = AXIS2_PLACEMENT_3D('',#8441,#8442,#8443);
#8441 = CARTESIAN_POINT('',(31.81,15.711997,-4.6E-02));
#8442 = DIRECTION('',(-0.,-0.,-1.));
#8443 = DIRECTION('',(-8.881784197001E-15,-1.,0.));
#8444 = ADVANCED_FACE('',(#8445),#8456,.F.);
#8445 = FACE_BOUND('',#8446,.T.);
#8446 = EDGE_LOOP('',(#8447,#8448,#8454,#8455));
#8447 = ORIENTED_EDGE('',*,*,#1725,.T.);
#8448 = ORIENTED_EDGE('',*,*,#8449,.T.);
#8449 = EDGE_CURVE('',#1726,#4658,#8450,.T.);
#8450 = LINE('',#8451,#8452);
#8451 = CARTESIAN_POINT('',(32.27,19.417997,-4.6E-02));
#8452 = VECTOR('',#8453,1.);
#8453 = DIRECTION('',(0.,0.,1.));
#8454 = ORIENTED_EDGE('',*,*,#4657,.F.);
#8455 = ORIENTED_EDGE('',*,*,#8449,.F.);
#8456 = CYLINDRICAL_SURFACE('',#8457,0.75);
#8457 = AXIS2_PLACEMENT_3D('',#8458,#8459,#8460);
#8458 = CARTESIAN_POINT('',(32.27,20.167997,-4.6E-02));
#8459 = DIRECTION('',(-0.,-0.,-1.));
#8460 = DIRECTION('',(-0.,-1.,0.));
#8461 = ADVANCED_FACE('',(#8462),#8473,.F.);
#8462 = FACE_BOUND('',#8463,.T.);
#8463 = EDGE_LOOP('',(#8464,#8465,#8471,#8472));
#8464 = ORIENTED_EDGE('',*,*,#1736,.T.);
#8465 = ORIENTED_EDGE('',*,*,#8466,.T.);
#8466 = EDGE_CURVE('',#1737,#4669,#8467,.T.);
#8467 = LINE('',#8468,#8469);
#8468 = CARTESIAN_POINT('',(32.27,24.867997,-4.6E-02));
#8469 = VECTOR('',#8470,1.);
#8470 = DIRECTION('',(0.,0.,1.));
#8471 = ORIENTED_EDGE('',*,*,#4668,.F.);
#8472 = ORIENTED_EDGE('',*,*,#8466,.F.);
#8473 = CYLINDRICAL_SURFACE('',#8474,0.75);
#8474 = AXIS2_PLACEMENT_3D('',#8475,#8476,#8477);
#8475 = CARTESIAN_POINT('',(32.27,25.617997,-4.6E-02));
#8476 = DIRECTION('',(-0.,-0.,-1.));
#8477 = DIRECTION('',(-0.,-1.,0.));
#8478 = ADVANCED_FACE('',(#8479),#8490,.F.);
#8479 = FACE_BOUND('',#8480,.T.);
#8480 = EDGE_LOOP('',(#8481,#8482,#8488,#8489));
#8481 = ORIENTED_EDGE('',*,*,#1747,.T.);
#8482 = ORIENTED_EDGE('',*,*,#8483,.T.);
#8483 = EDGE_CURVE('',#1748,#4680,#8484,.T.);
#8484 = LINE('',#8485,#8486);
#8485 = CARTESIAN_POINT('',(32.27,30.317997,-4.6E-02));
#8486 = VECTOR('',#8487,1.);
#8487 = DIRECTION('',(0.,0.,1.));
#8488 = ORIENTED_EDGE('',*,*,#4679,.F.);
#8489 = ORIENTED_EDGE('',*,*,#8483,.F.);
#8490 = CYLINDRICAL_SURFACE('',#8491,0.75);
#8491 = AXIS2_PLACEMENT_3D('',#8492,#8493,#8494);
#8492 = CARTESIAN_POINT('',(32.27,31.067997,-4.6E-02));
#8493 = DIRECTION('',(-0.,-0.,-1.));
#8494 = DIRECTION('',(-0.,-1.,0.));
#8495 = ADVANCED_FACE('',(#8496),#8507,.F.);
#8496 = FACE_BOUND('',#8497,.T.);
#8497 = EDGE_LOOP('',(#8498,#8499,#8505,#8506));
#8498 = ORIENTED_EDGE('',*,*,#1758,.T.);
#8499 = ORIENTED_EDGE('',*,*,#8500,.T.);
#8500 = EDGE_CURVE('',#1759,#4691,#8501,.T.);
#8501 = LINE('',#8502,#8503);
#8502 = CARTESIAN_POINT('',(37.906,31.875997,-4.6E-02));
#8503 = VECTOR('',#8504,1.);
#8504 = DIRECTION('',(0.,0.,1.));
#8505 = ORIENTED_EDGE('',*,*,#4690,.F.);
#8506 = ORIENTED_EDGE('',*,*,#8500,.F.);
#8507 = CYLINDRICAL_SURFACE('',#8508,0.6);
#8508 = AXIS2_PLACEMENT_3D('',#8509,#8510,#8511);
#8509 = CARTESIAN_POINT('',(37.906,32.475997,-4.6E-02));
#8510 = DIRECTION('',(-0.,-0.,-1.));
#8511 = DIRECTION('',(-0.,-1.,0.));
#8512 = ADVANCED_FACE('',(#8513),#8524,.F.);
#8513 = FACE_BOUND('',#8514,.T.);
#8514 = EDGE_LOOP('',(#8515,#8516,#8522,#8523));
#8515 = ORIENTED_EDGE('',*,*,#1769,.T.);
#8516 = ORIENTED_EDGE('',*,*,#8517,.T.);
#8517 = EDGE_CURVE('',#1770,#4702,#8518,.T.);
#8518 = LINE('',#8519,#8520);
#8519 = CARTESIAN_POINT('',(32.27,38.213997,-4.6E-02));
#8520 = VECTOR('',#8521,1.);
#8521 = DIRECTION('',(0.,0.,1.));
#8522 = ORIENTED_EDGE('',*,*,#4701,.F.);
#8523 = ORIENTED_EDGE('',*,*,#8517,.F.);
#8524 = CYLINDRICAL_SURFACE('',#8525,0.75);
#8525 = AXIS2_PLACEMENT_3D('',#8526,#8527,#8528);
#8526 = CARTESIAN_POINT('',(32.27,38.963997,-4.6E-02));
#8527 = DIRECTION('',(-0.,-0.,-1.));
#8528 = DIRECTION('',(-0.,-1.,0.));
#8529 = ADVANCED_FACE('',(#8530),#8541,.F.);
#8530 = FACE_BOUND('',#8531,.T.);
#8531 = EDGE_LOOP('',(#8532,#8533,#8539,#8540));
#8532 = ORIENTED_EDGE('',*,*,#1780,.T.);
#8533 = ORIENTED_EDGE('',*,*,#8534,.T.);
#8534 = EDGE_CURVE('',#1781,#4713,#8535,.T.);
#8535 = LINE('',#8536,#8537);
#8536 = CARTESIAN_POINT('',(47.05,15.311997,-4.6E-02));
#8537 = VECTOR('',#8538,1.);
#8538 = DIRECTION('',(0.,0.,1.));
#8539 = ORIENTED_EDGE('',*,*,#4712,.F.);
#8540 = ORIENTED_EDGE('',*,*,#8534,.F.);
#8541 = CYLINDRICAL_SURFACE('',#8542,0.4);
#8542 = AXIS2_PLACEMENT_3D('',#8543,#8544,#8545);
#8543 = CARTESIAN_POINT('',(47.05,15.711997,-4.6E-02));
#8544 = DIRECTION('',(-0.,-0.,-1.));
#8545 = DIRECTION('',(-0.,-1.,0.));
#8546 = ADVANCED_FACE('',(#8547),#8558,.F.);
#8547 = FACE_BOUND('',#8548,.T.);
#8548 = EDGE_LOOP('',(#8549,#8550,#8556,#8557));
#8549 = ORIENTED_EDGE('',*,*,#1791,.T.);
#8550 = ORIENTED_EDGE('',*,*,#8551,.T.);
#8551 = EDGE_CURVE('',#1792,#4724,#8552,.T.);
#8552 = LINE('',#8553,#8554);
#8553 = CARTESIAN_POINT('',(47.05,18.867997,-4.6E-02));
#8554 = VECTOR('',#8555,1.);
#8555 = DIRECTION('',(0.,0.,1.));
#8556 = ORIENTED_EDGE('',*,*,#4723,.F.);
#8557 = ORIENTED_EDGE('',*,*,#8551,.F.);
#8558 = CYLINDRICAL_SURFACE('',#8559,0.4);
#8559 = AXIS2_PLACEMENT_3D('',#8560,#8561,#8562);
#8560 = CARTESIAN_POINT('',(47.05,19.267997,-4.6E-02));
#8561 = DIRECTION('',(-0.,-0.,-1.));
#8562 = DIRECTION('',(-0.,-1.,0.));
#8563 = ADVANCED_FACE('',(#8564),#8575,.F.);
#8564 = FACE_BOUND('',#8565,.T.);
#8565 = EDGE_LOOP('',(#8566,#8567,#8573,#8574));
#8566 = ORIENTED_EDGE('',*,*,#1802,.T.);
#8567 = ORIENTED_EDGE('',*,*,#8568,.T.);
#8568 = EDGE_CURVE('',#1803,#4735,#8569,.T.);
#8569 = LINE('',#8570,#8571);
#8570 = CARTESIAN_POINT('',(60.258,15.819997,-4.6E-02));
#8571 = VECTOR('',#8572,1.);
#8572 = DIRECTION('',(0.,0.,1.));
#8573 = ORIENTED_EDGE('',*,*,#4734,.F.);
#8574 = ORIENTED_EDGE('',*,*,#8568,.F.);
#8575 = CYLINDRICAL_SURFACE('',#8576,0.4);
#8576 = AXIS2_PLACEMENT_3D('',#8577,#8578,#8579);
#8577 = CARTESIAN_POINT('',(60.258,16.219997,-4.6E-02));
#8578 = DIRECTION('',(-0.,0.,-1.));
#8579 = DIRECTION('',(1.7763568394E-14,-1.,-0.));
#8580 = ADVANCED_FACE('',(#8581),#8592,.F.);
#8581 = FACE_BOUND('',#8582,.T.);
#8582 = EDGE_LOOP('',(#8583,#8584,#8590,#8591));
#8583 = ORIENTED_EDGE('',*,*,#1813,.T.);
#8584 = ORIENTED_EDGE('',*,*,#8585,.T.);
#8585 = EDGE_CURVE('',#1814,#4746,#8586,.T.);
#8586 = LINE('',#8587,#8588);
#8587 = CARTESIAN_POINT('',(57.21,18.867997,-4.6E-02));
#8588 = VECTOR('',#8589,1.);
#8589 = DIRECTION('',(0.,0.,1.));
#8590 = ORIENTED_EDGE('',*,*,#4745,.F.);
#8591 = ORIENTED_EDGE('',*,*,#8585,.F.);
#8592 = CYLINDRICAL_SURFACE('',#8593,0.4);
#8593 = AXIS2_PLACEMENT_3D('',#8594,#8595,#8596);
#8594 = CARTESIAN_POINT('',(57.21,19.267997,-4.6E-02));
#8595 = DIRECTION('',(-0.,-0.,-1.));
#8596 = DIRECTION('',(-0.,-1.,0.));
#8597 = ADVANCED_FACE('',(#8598),#8609,.F.);
#8598 = FACE_BOUND('',#8599,.T.);
#8599 = EDGE_LOOP('',(#8600,#8601,#8607,#8608));
#8600 = ORIENTED_EDGE('',*,*,#1824,.T.);
#8601 = ORIENTED_EDGE('',*,*,#8602,.T.);
#8602 = EDGE_CURVE('',#1825,#4757,#8603,.T.);
#8603 = LINE('',#8604,#8605);
#8604 = CARTESIAN_POINT('',(47.05,23.693997,-4.6E-02));
#8605 = VECTOR('',#8606,1.);
#8606 = DIRECTION('',(0.,0.,1.));
#8607 = ORIENTED_EDGE('',*,*,#4756,.F.);
#8608 = ORIENTED_EDGE('',*,*,#8602,.F.);
#8609 = CYLINDRICAL_SURFACE('',#8610,0.4);
#8610 = AXIS2_PLACEMENT_3D('',#8611,#8612,#8613);
#8611 = CARTESIAN_POINT('',(47.05,24.093997,-4.6E-02));
#8612 = DIRECTION('',(-0.,-0.,-1.));
#8613 = DIRECTION('',(-0.,-1.,0.));
#8614 = ADVANCED_FACE('',(#8615),#8626,.F.);
#8615 = FACE_BOUND('',#8616,.T.);
#8616 = EDGE_LOOP('',(#8617,#8618,#8624,#8625));
#8617 = ORIENTED_EDGE('',*,*,#1835,.T.);
#8618 = ORIENTED_EDGE('',*,*,#8619,.T.);
#8619 = EDGE_CURVE('',#1836,#4768,#8620,.T.);
#8620 = LINE('',#8621,#8622);
#8621 = CARTESIAN_POINT('',(57.21,23.693997,-4.6E-02));
#8622 = VECTOR('',#8623,1.);
#8623 = DIRECTION('',(0.,0.,1.));
#8624 = ORIENTED_EDGE('',*,*,#4767,.F.);
#8625 = ORIENTED_EDGE('',*,*,#8619,.F.);
#8626 = CYLINDRICAL_SURFACE('',#8627,0.4);
#8627 = AXIS2_PLACEMENT_3D('',#8628,#8629,#8630);
#8628 = CARTESIAN_POINT('',(57.21,24.093997,-4.6E-02));
#8629 = DIRECTION('',(-0.,-0.,-1.));
#8630 = DIRECTION('',(-0.,-1.,0.));
#8631 = ADVANCED_FACE('',(#8632),#8643,.F.);
#8632 = FACE_BOUND('',#8633,.T.);
#8633 = EDGE_LOOP('',(#8634,#8635,#8641,#8642));
#8634 = ORIENTED_EDGE('',*,*,#1846,.T.);
#8635 = ORIENTED_EDGE('',*,*,#8636,.T.);
#8636 = EDGE_CURVE('',#1847,#4779,#8637,.T.);
#8637 = LINE('',#8638,#8639);
#8638 = CARTESIAN_POINT('',(60.258,23.439997,-4.6E-02));
#8639 = VECTOR('',#8640,1.);
#8640 = DIRECTION('',(0.,0.,1.));
#8641 = ORIENTED_EDGE('',*,*,#4778,.F.);
#8642 = ORIENTED_EDGE('',*,*,#8636,.F.);
#8643 = CYLINDRICAL_SURFACE('',#8644,0.4);
#8644 = AXIS2_PLACEMENT_3D('',#8645,#8646,#8647);
#8645 = CARTESIAN_POINT('',(60.258,23.839997,-4.6E-02));
#8646 = DIRECTION('',(-0.,0.,-1.));
#8647 = DIRECTION('',(1.7763568394E-14,-1.,-0.));
#8648 = ADVANCED_FACE('',(#8649),#8660,.F.);
#8649 = FACE_BOUND('',#8650,.T.);
#8650 = EDGE_LOOP('',(#8651,#8652,#8658,#8659));
#8651 = ORIENTED_EDGE('',*,*,#1857,.T.);
#8652 = ORIENTED_EDGE('',*,*,#8653,.T.);
#8653 = EDGE_CURVE('',#1858,#4790,#8654,.T.);
#8654 = LINE('',#8655,#8656);
#8655 = CARTESIAN_POINT('',(62.798,15.819997,-4.6E-02));
#8656 = VECTOR('',#8657,1.);
#8657 = DIRECTION('',(0.,0.,1.));
#8658 = ORIENTED_EDGE('',*,*,#4789,.F.);
#8659 = ORIENTED_EDGE('',*,*,#8653,.F.);
#8660 = CYLINDRICAL_SURFACE('',#8661,0.4);
#8661 = AXIS2_PLACEMENT_3D('',#8662,#8663,#8664);
#8662 = CARTESIAN_POINT('',(62.798,16.219997,-4.6E-02));
#8663 = DIRECTION('',(-0.,-0.,-1.));
#8664 = DIRECTION('',(-0.,-1.,0.));
#8665 = ADVANCED_FACE('',(#8666),#8677,.F.);
#8666 = FACE_BOUND('',#8667,.T.);
#8667 = EDGE_LOOP('',(#8668,#8669,#8675,#8676));
#8668 = ORIENTED_EDGE('',*,*,#1868,.T.);
#8669 = ORIENTED_EDGE('',*,*,#8670,.T.);
#8670 = EDGE_CURVE('',#1869,#4801,#8671,.T.);
#8671 = LINE('',#8672,#8673);
#8672 = CARTESIAN_POINT('',(65.338,15.819997,-4.6E-02));
#8673 = VECTOR('',#8674,1.);
#8674 = DIRECTION('',(0.,0.,1.));
#8675 = ORIENTED_EDGE('',*,*,#4800,.F.);
#8676 = ORIENTED_EDGE('',*,*,#8670,.F.);
#8677 = CYLINDRICAL_SURFACE('',#8678,0.4);
#8678 = AXIS2_PLACEMENT_3D('',#8679,#8680,#8681);
#8679 = CARTESIAN_POINT('',(65.338,16.219997,-4.6E-02));
#8680 = DIRECTION('',(-0.,-0.,-1.));
#8681 = DIRECTION('',(-0.,-1.,0.));
#8682 = ADVANCED_FACE('',(#8683),#8694,.F.);
#8683 = FACE_BOUND('',#8684,.T.);
#8684 = EDGE_LOOP('',(#8685,#8686,#8692,#8693));
#8685 = ORIENTED_EDGE('',*,*,#1879,.T.);
#8686 = ORIENTED_EDGE('',*,*,#8687,.T.);
#8687 = EDGE_CURVE('',#1880,#4812,#8688,.T.);
#8688 = LINE('',#8689,#8690);
#8689 = CARTESIAN_POINT('',(67.878,15.819997,-4.6E-02));
#8690 = VECTOR('',#8691,1.);
#8691 = DIRECTION('',(0.,0.,1.));
#8692 = ORIENTED_EDGE('',*,*,#4811,.F.);
#8693 = ORIENTED_EDGE('',*,*,#8687,.F.);
#8694 = CYLINDRICAL_SURFACE('',#8695,0.4);
#8695 = AXIS2_PLACEMENT_3D('',#8696,#8697,#8698);
#8696 = CARTESIAN_POINT('',(67.878,16.219997,-4.6E-02));
#8697 = DIRECTION('',(-0.,-0.,-1.));
#8698 = DIRECTION('',(-0.,-1.,0.));
#8699 = ADVANCED_FACE('',(#8700),#8711,.F.);
#8700 = FACE_BOUND('',#8701,.T.);
#8701 = EDGE_LOOP('',(#8702,#8703,#8709,#8710));
#8702 = ORIENTED_EDGE('',*,*,#1890,.T.);
#8703 = ORIENTED_EDGE('',*,*,#8704,.T.);
#8704 = EDGE_CURVE('',#1891,#4823,#8705,.T.);
#8705 = LINE('',#8706,#8707);
#8706 = CARTESIAN_POINT('',(74.228,15.057997,-4.6E-02));
#8707 = VECTOR('',#8708,1.);
#8708 = DIRECTION('',(0.,0.,1.));
#8709 = ORIENTED_EDGE('',*,*,#4822,.F.);
#8710 = ORIENTED_EDGE('',*,*,#8704,.F.);
#8711 = CYLINDRICAL_SURFACE('',#8712,0.4);
#8712 = AXIS2_PLACEMENT_3D('',#8713,#8714,#8715);
#8713 = CARTESIAN_POINT('',(74.228,15.457997,-4.6E-02));
#8714 = DIRECTION('',(-0.,-0.,-1.));
#8715 = DIRECTION('',(-3.552713678801E-14,-1.,0.));
#8716 = ADVANCED_FACE('',(#8717),#8728,.F.);
#8717 = FACE_BOUND('',#8718,.T.);
#8718 = EDGE_LOOP('',(#8719,#8720,#8726,#8727));
#8719 = ORIENTED_EDGE('',*,*,#1901,.T.);
#8720 = ORIENTED_EDGE('',*,*,#8721,.T.);
#8721 = EDGE_CURVE('',#1902,#4834,#8722,.T.);
#8722 = LINE('',#8723,#8724);
#8723 = CARTESIAN_POINT('',(71.688,17.851997,-4.6E-02));
#8724 = VECTOR('',#8725,1.);
#8725 = DIRECTION('',(0.,0.,1.));
#8726 = ORIENTED_EDGE('',*,*,#4833,.F.);
#8727 = ORIENTED_EDGE('',*,*,#8721,.F.);
#8728 = CYLINDRICAL_SURFACE('',#8729,0.4);
#8729 = AXIS2_PLACEMENT_3D('',#8730,#8731,#8732);
#8730 = CARTESIAN_POINT('',(71.688,18.251997,-4.6E-02));
#8731 = DIRECTION('',(-0.,0.,-1.));
#8732 = DIRECTION('',(3.5527136788E-14,-1.,-0.));
#8733 = ADVANCED_FACE('',(#8734),#8745,.F.);
#8734 = FACE_BOUND('',#8735,.T.);
#8735 = EDGE_LOOP('',(#8736,#8737,#8743,#8744));
#8736 = ORIENTED_EDGE('',*,*,#1912,.T.);
#8737 = ORIENTED_EDGE('',*,*,#8738,.T.);
#8738 = EDGE_CURVE('',#1913,#4845,#8739,.T.);
#8739 = LINE('',#8740,#8741);
#8740 = CARTESIAN_POINT('',(62.798,23.439997,-4.6E-02));
#8741 = VECTOR('',#8742,1.);
#8742 = DIRECTION('',(0.,0.,1.));
#8743 = ORIENTED_EDGE('',*,*,#4844,.F.);
#8744 = ORIENTED_EDGE('',*,*,#8738,.F.);
#8745 = CYLINDRICAL_SURFACE('',#8746,0.4);
#8746 = AXIS2_PLACEMENT_3D('',#8747,#8748,#8749);
#8747 = CARTESIAN_POINT('',(62.798,23.839997,-4.6E-02));
#8748 = DIRECTION('',(-0.,-0.,-1.));
#8749 = DIRECTION('',(-0.,-1.,0.));
#8750 = ADVANCED_FACE('',(#8751),#8762,.F.);
#8751 = FACE_BOUND('',#8752,.T.);
#8752 = EDGE_LOOP('',(#8753,#8754,#8760,#8761));
#8753 = ORIENTED_EDGE('',*,*,#1923,.T.);
#8754 = ORIENTED_EDGE('',*,*,#8755,.T.);
#8755 = EDGE_CURVE('',#1924,#4856,#8756,.T.);
#8756 = LINE('',#8757,#8758);
#8757 = CARTESIAN_POINT('',(65.338,23.439997,-4.6E-02));
#8758 = VECTOR('',#8759,1.);
#8759 = DIRECTION('',(0.,0.,1.));
#8760 = ORIENTED_EDGE('',*,*,#4855,.F.);
#8761 = ORIENTED_EDGE('',*,*,#8755,.F.);
#8762 = CYLINDRICAL_SURFACE('',#8763,0.4);
#8763 = AXIS2_PLACEMENT_3D('',#8764,#8765,#8766);
#8764 = CARTESIAN_POINT('',(65.338,23.839997,-4.6E-02));
#8765 = DIRECTION('',(-0.,-0.,-1.));
#8766 = DIRECTION('',(-0.,-1.,0.));
#8767 = ADVANCED_FACE('',(#8768),#8779,.F.);
#8768 = FACE_BOUND('',#8769,.T.);
#8769 = EDGE_LOOP('',(#8770,#8771,#8777,#8778));
#8770 = ORIENTED_EDGE('',*,*,#1934,.T.);
#8771 = ORIENTED_EDGE('',*,*,#8772,.T.);
#8772 = EDGE_CURVE('',#1935,#4867,#8773,.T.);
#8773 = LINE('',#8774,#8775);
#8774 = CARTESIAN_POINT('',(67.878,23.439997,-4.6E-02));
#8775 = VECTOR('',#8776,1.);
#8776 = DIRECTION('',(0.,0.,1.));
#8777 = ORIENTED_EDGE('',*,*,#4866,.F.);
#8778 = ORIENTED_EDGE('',*,*,#8772,.F.);
#8779 = CYLINDRICAL_SURFACE('',#8780,0.4);
#8780 = AXIS2_PLACEMENT_3D('',#8781,#8782,#8783);
#8781 = CARTESIAN_POINT('',(67.878,23.839997,-4.6E-02));
#8782 = DIRECTION('',(-0.,-0.,-1.));
#8783 = DIRECTION('',(-0.,-1.,0.));
#8784 = ADVANCED_FACE('',(#8785),#8796,.F.);
#8785 = FACE_BOUND('',#8786,.T.);
#8786 = EDGE_LOOP('',(#8787,#8788,#8794,#8795));
#8787 = ORIENTED_EDGE('',*,*,#1945,.T.);
#8788 = ORIENTED_EDGE('',*,*,#8789,.T.);
#8789 = EDGE_CURVE('',#1946,#4878,#8790,.T.);
#8790 = LINE('',#8791,#8792);
#8791 = CARTESIAN_POINT('',(71.434,23.947997,-4.6E-02));
#8792 = VECTOR('',#8793,1.);
#8793 = DIRECTION('',(0.,0.,1.));
#8794 = ORIENTED_EDGE('',*,*,#4877,.F.);
#8795 = ORIENTED_EDGE('',*,*,#8789,.F.);
#8796 = CYLINDRICAL_SURFACE('',#8797,0.4);
#8797 = AXIS2_PLACEMENT_3D('',#8798,#8799,#8800);
#8798 = CARTESIAN_POINT('',(71.434,24.347997,-4.6E-02));
#8799 = DIRECTION('',(-0.,-0.,-1.));
#8800 = DIRECTION('',(-0.,-1.,0.));
#8801 = ADVANCED_FACE('',(#8802),#8813,.F.);
#8802 = FACE_BOUND('',#8803,.T.);
#8803 = EDGE_LOOP('',(#8804,#8805,#8811,#8812));
#8804 = ORIENTED_EDGE('',*,*,#1956,.T.);
#8805 = ORIENTED_EDGE('',*,*,#8806,.T.);
#8806 = EDGE_CURVE('',#1957,#4889,#8807,.T.);
#8807 = LINE('',#8808,#8809);
#8808 = CARTESIAN_POINT('',(73.466,20.899997,-4.6E-02));
#8809 = VECTOR('',#8810,1.);
#8810 = DIRECTION('',(0.,0.,1.));
#8811 = ORIENTED_EDGE('',*,*,#4888,.F.);
#8812 = ORIENTED_EDGE('',*,*,#8806,.F.);
#8813 = CYLINDRICAL_SURFACE('',#8814,0.4);
#8814 = AXIS2_PLACEMENT_3D('',#8815,#8816,#8817);
#8815 = CARTESIAN_POINT('',(73.466,21.299997,-4.6E-02));
#8816 = DIRECTION('',(-0.,-0.,-1.));
#8817 = DIRECTION('',(-3.552713678801E-14,-1.,0.));
#8818 = ADVANCED_FACE('',(#8819),#8830,.F.);
#8819 = FACE_BOUND('',#8820,.T.);
#8820 = EDGE_LOOP('',(#8821,#8822,#8828,#8829));
#8821 = ORIENTED_EDGE('',*,*,#1967,.T.);
#8822 = ORIENTED_EDGE('',*,*,#8823,.T.);
#8823 = EDGE_CURVE('',#1968,#4900,#8824,.T.);
#8824 = LINE('',#8825,#8826);
#8825 = CARTESIAN_POINT('',(12.41,42.613997,-4.6E-02));
#8826 = VECTOR('',#8827,1.);
#8827 = DIRECTION('',(0.,0.,1.));
#8828 = ORIENTED_EDGE('',*,*,#4899,.F.);
#8829 = ORIENTED_EDGE('',*,*,#8823,.F.);
#8830 = CYLINDRICAL_SURFACE('',#8831,1.8);
#8831 = AXIS2_PLACEMENT_3D('',#8832,#8833,#8834);
#8832 = CARTESIAN_POINT('',(12.41,44.413997,-4.6E-02));
#8833 = DIRECTION('',(-0.,-0.,-1.));
#8834 = DIRECTION('',(-0.,-1.,0.));
#8835 = ADVANCED_FACE('',(#8836),#8847,.F.);
#8836 = FACE_BOUND('',#8837,.T.);
#8837 = EDGE_LOOP('',(#8838,#8839,#8845,#8846));
#8838 = ORIENTED_EDGE('',*,*,#1978,.T.);
#8839 = ORIENTED_EDGE('',*,*,#8840,.T.);
#8840 = EDGE_CURVE('',#1979,#4911,#8841,.T.);
#8841 = LINE('',#8842,#8843);
#8842 = CARTESIAN_POINT('',(32.27,43.663997,-4.6E-02));
#8843 = VECTOR('',#8844,1.);
#8844 = DIRECTION('',(0.,0.,1.));
#8845 = ORIENTED_EDGE('',*,*,#4910,.F.);
#8846 = ORIENTED_EDGE('',*,*,#8840,.F.);
#8847 = CYLINDRICAL_SURFACE('',#8848,0.75);
#8848 = AXIS2_PLACEMENT_3D('',#8849,#8850,#8851);
#8849 = CARTESIAN_POINT('',(32.27,44.413997,-4.6E-02));
#8850 = DIRECTION('',(-0.,-0.,-1.));
#8851 = DIRECTION('',(-0.,-1.,0.));
#8852 = ADVANCED_FACE('',(#8853),#8864,.F.);
#8853 = FACE_BOUND('',#8854,.T.);
#8854 = EDGE_LOOP('',(#8855,#8856,#8862,#8863));
#8855 = ORIENTED_EDGE('',*,*,#1989,.T.);
#8856 = ORIENTED_EDGE('',*,*,#8857,.T.);
#8857 = EDGE_CURVE('',#1990,#4922,#8858,.T.);
#8858 = LINE('',#8859,#8860);
#8859 = CARTESIAN_POINT('',(40.954,40.203997,-4.6E-02));
#8860 = VECTOR('',#8861,1.);
#8861 = DIRECTION('',(0.,0.,1.));
#8862 = ORIENTED_EDGE('',*,*,#4921,.F.);
#8863 = ORIENTED_EDGE('',*,*,#8857,.F.);
#8864 = CYLINDRICAL_SURFACE('',#8865,0.4);
#8865 = AXIS2_PLACEMENT_3D('',#8866,#8867,#8868);
#8866 = CARTESIAN_POINT('',(40.954,40.603997,-4.6E-02));
#8867 = DIRECTION('',(-0.,-0.,-1.));
#8868 = DIRECTION('',(-0.,-1.,0.));
#8869 = ADVANCED_FACE('',(#8870),#8881,.F.);
#8870 = FACE_BOUND('',#8871,.T.);
#8871 = EDGE_LOOP('',(#8872,#8873,#8879,#8880));
#8872 = ORIENTED_EDGE('',*,*,#2000,.T.);
#8873 = ORIENTED_EDGE('',*,*,#8874,.T.);
#8874 = EDGE_CURVE('',#2001,#4933,#8875,.T.);
#8875 = LINE('',#8876,#8877);
#8876 = CARTESIAN_POINT('',(32.27,49.113997,-4.6E-02));
#8877 = VECTOR('',#8878,1.);
#8878 = DIRECTION('',(0.,0.,1.));
#8879 = ORIENTED_EDGE('',*,*,#4932,.F.);
#8880 = ORIENTED_EDGE('',*,*,#8874,.F.);
#8881 = CYLINDRICAL_SURFACE('',#8882,0.75);
#8882 = AXIS2_PLACEMENT_3D('',#8883,#8884,#8885);
#8883 = CARTESIAN_POINT('',(32.27,49.863997,-4.6E-02));
#8884 = DIRECTION('',(-0.,-0.,-1.));
#8885 = DIRECTION('',(-0.,-1.,0.));
#8886 = ADVANCED_FACE('',(#8887),#8898,.F.);
#8887 = FACE_BOUND('',#8888,.T.);
#8888 = EDGE_LOOP('',(#8889,#8890,#8896,#8897));
#8889 = ORIENTED_EDGE('',*,*,#2011,.T.);
#8890 = ORIENTED_EDGE('',*,*,#8891,.T.);
#8891 = EDGE_CURVE('',#2012,#4944,#8892,.T.);
#8892 = LINE('',#8893,#8894);
#8893 = CARTESIAN_POINT('',(39.982,46.761997,-4.6E-02));
#8894 = VECTOR('',#8895,1.);
#8895 = DIRECTION('',(0.,0.,1.));
#8896 = ORIENTED_EDGE('',*,*,#4943,.F.);
#8897 = ORIENTED_EDGE('',*,*,#8891,.F.);
#8898 = CYLINDRICAL_SURFACE('',#8899,0.7);
#8899 = AXIS2_PLACEMENT_3D('',#8900,#8901,#8902);
#8900 = CARTESIAN_POINT('',(39.982,47.461997,-4.6E-02));
#8901 = DIRECTION('',(-0.,-0.,-1.));
#8902 = DIRECTION('',(-0.,-1.,0.));
#8903 = ADVANCED_FACE('',(#8904),#8915,.F.);
#8904 = FACE_BOUND('',#8905,.T.);
#8905 = EDGE_LOOP('',(#8906,#8907,#8913,#8914));
#8906 = ORIENTED_EDGE('',*,*,#2022,.T.);
#8907 = ORIENTED_EDGE('',*,*,#8908,.T.);
#8908 = EDGE_CURVE('',#2023,#4955,#8909,.T.);
#8909 = LINE('',#8910,#8911);
#8910 = CARTESIAN_POINT('',(10.5,59.1,-4.6E-02));
#8911 = VECTOR('',#8912,1.);
#8912 = DIRECTION('',(0.,0.,1.));
#8913 = ORIENTED_EDGE('',*,*,#4954,.F.);
#8914 = ORIENTED_EDGE('',*,*,#8908,.F.);
#8915 = CYLINDRICAL_SURFACE('',#8916,1.6);
#8916 = AXIS2_PLACEMENT_3D('',#8917,#8918,#8919);
#8917 = CARTESIAN_POINT('',(10.5,60.7,-4.6E-02));
#8918 = DIRECTION('',(-0.,-0.,-1.));
#8919 = DIRECTION('',(-0.,-1.,0.));
#8920 = ADVANCED_FACE('',(#8921),#8932,.F.);
#8921 = FACE_BOUND('',#8922,.T.);
#8922 = EDGE_LOOP('',(#8923,#8924,#8930,#8931));
#8923 = ORIENTED_EDGE('',*,*,#2033,.T.);
#8924 = ORIENTED_EDGE('',*,*,#8925,.T.);
#8925 = EDGE_CURVE('',#2034,#4966,#8926,.T.);
#8926 = LINE('',#8927,#8928);
#8927 = CARTESIAN_POINT('',(42.412,55.293997,-4.6E-02));
#8928 = VECTOR('',#8929,1.);
#8929 = DIRECTION('',(0.,0.,1.));
#8930 = ORIENTED_EDGE('',*,*,#4965,.F.);
#8931 = ORIENTED_EDGE('',*,*,#8925,.F.);
#8932 = CYLINDRICAL_SURFACE('',#8933,0.55);
#8933 = AXIS2_PLACEMENT_3D('',#8934,#8935,#8936);
#8934 = CARTESIAN_POINT('',(42.412,55.843997,-4.6E-02));
#8935 = DIRECTION('',(-0.,-0.,-1.));
#8936 = DIRECTION('',(-1.2918958832E-14,-1.,0.));
#8937 = ADVANCED_FACE('',(#8938),#8949,.F.);
#8938 = FACE_BOUND('',#8939,.T.);
#8939 = EDGE_LOOP('',(#8940,#8941,#8947,#8948));
#8940 = ORIENTED_EDGE('',*,*,#2044,.T.);
#8941 = ORIENTED_EDGE('',*,*,#8942,.T.);
#8942 = EDGE_CURVE('',#2045,#4977,#8943,.T.);
#8943 = LINE('',#8944,#8945);
#8944 = CARTESIAN_POINT('',(32.064,55.415997,-4.6E-02));
#8945 = VECTOR('',#8946,1.);
#8946 = DIRECTION('',(0.,0.,1.));
#8947 = ORIENTED_EDGE('',*,*,#4976,.F.);
#8948 = ORIENTED_EDGE('',*,*,#8942,.F.);
#8949 = CYLINDRICAL_SURFACE('',#8950,1.6);
#8950 = AXIS2_PLACEMENT_3D('',#8951,#8952,#8953);
#8951 = CARTESIAN_POINT('',(32.064,57.015997,-4.6E-02));
#8952 = DIRECTION('',(-0.,-0.,-1.));
#8953 = DIRECTION('',(-0.,-1.,0.));
#8954 = ADVANCED_FACE('',(#8955),#8966,.F.);
#8955 = FACE_BOUND('',#8956,.T.);
#8956 = EDGE_LOOP('',(#8957,#8958,#8964,#8965));
#8957 = ORIENTED_EDGE('',*,*,#2055,.T.);
#8958 = ORIENTED_EDGE('',*,*,#8959,.T.);
#8959 = EDGE_CURVE('',#2056,#4988,#8960,.T.);
#8960 = LINE('',#8961,#8962);
#8961 = CARTESIAN_POINT('',(42.412,60.373997,-4.6E-02));
#8962 = VECTOR('',#8963,1.);
#8963 = DIRECTION('',(0.,0.,1.));
#8964 = ORIENTED_EDGE('',*,*,#4987,.F.);
#8965 = ORIENTED_EDGE('',*,*,#8959,.F.);
#8966 = CYLINDRICAL_SURFACE('',#8967,0.55);
#8967 = AXIS2_PLACEMENT_3D('',#8968,#8969,#8970);
#8968 = CARTESIAN_POINT('',(42.412,60.923997,-4.6E-02));
#8969 = DIRECTION('',(-0.,-0.,-1.));
#8970 = DIRECTION('',(-1.2918958832E-14,-1.,0.));
#8971 = ADVANCED_FACE('',(#8972),#8983,.F.);
#8972 = FACE_BOUND('',#8973,.T.);
#8973 = EDGE_LOOP('',(#8974,#8975,#8981,#8982));
#8974 = ORIENTED_EDGE('',*,*,#2066,.T.);
#8975 = ORIENTED_EDGE('',*,*,#8976,.T.);
#8976 = EDGE_CURVE('',#2067,#4999,#8977,.T.);
#8977 = LINE('',#8978,#8979);
#8978 = CARTESIAN_POINT('',(56.194,40.203997,-4.6E-02));
#8979 = VECTOR('',#8980,1.);
#8980 = DIRECTION('',(0.,0.,1.));
#8981 = ORIENTED_EDGE('',*,*,#4998,.F.);
#8982 = ORIENTED_EDGE('',*,*,#8976,.F.);
#8983 = CYLINDRICAL_SURFACE('',#8984,0.4);
#8984 = AXIS2_PLACEMENT_3D('',#8985,#8986,#8987);
#8985 = CARTESIAN_POINT('',(56.194,40.603997,-4.6E-02));
#8986 = DIRECTION('',(-0.,-0.,-1.));
#8987 = DIRECTION('',(-0.,-1.,0.));
#8988 = ADVANCED_FACE('',(#8989),#9000,.F.);
#8989 = FACE_BOUND('',#8990,.T.);
#8990 = EDGE_LOOP('',(#8991,#8992,#8998,#8999));
#8991 = ORIENTED_EDGE('',*,*,#2077,.T.);
#8992 = ORIENTED_EDGE('',*,*,#8993,.T.);
#8993 = EDGE_CURVE('',#2078,#5010,#8994,.T.);
#8994 = LINE('',#8995,#8996);
#8995 = CARTESIAN_POINT('',(50.882,45.961997,-4.6E-02));
#8996 = VECTOR('',#8997,1.);
#8997 = DIRECTION('',(0.,0.,1.));
#8998 = ORIENTED_EDGE('',*,*,#5009,.F.);
#8999 = ORIENTED_EDGE('',*,*,#8993,.F.);
#9000 = CYLINDRICAL_SURFACE('',#9001,1.5);
#9001 = AXIS2_PLACEMENT_3D('',#9002,#9003,#9004);
#9002 = CARTESIAN_POINT('',(50.882,47.461997,-4.6E-02));
#9003 = DIRECTION('',(-0.,-0.,-1.));
#9004 = DIRECTION('',(-0.,-1.,0.));
#9005 = ADVANCED_FACE('',(#9006),#9017,.F.);
#9006 = FACE_BOUND('',#9007,.T.);
#9007 = EDGE_LOOP('',(#9008,#9009,#9015,#9016));
#9008 = ORIENTED_EDGE('',*,*,#2088,.T.);
#9009 = ORIENTED_EDGE('',*,*,#9010,.T.);
#9010 = EDGE_CURVE('',#2089,#5021,#9011,.T.);
#9011 = LINE('',#9012,#9013);
#9012 = CARTESIAN_POINT('',(61.782,46.761997,-4.6E-02));
#9013 = VECTOR('',#9014,1.);
#9014 = DIRECTION('',(0.,0.,1.));
#9015 = ORIENTED_EDGE('',*,*,#5020,.F.);
#9016 = ORIENTED_EDGE('',*,*,#9010,.F.);
#9017 = CYLINDRICAL_SURFACE('',#9018,0.7);
#9018 = AXIS2_PLACEMENT_3D('',#9019,#9020,#9021);
#9019 = CARTESIAN_POINT('',(61.782,47.461997,-4.6E-02));
#9020 = DIRECTION('',(-0.,-0.,-1.));
#9021 = DIRECTION('',(-0.,-1.,0.));
#9022 = ADVANCED_FACE('',(#9023),#9034,.F.);
#9023 = FACE_BOUND('',#9024,.T.);
#9024 = EDGE_LOOP('',(#9025,#9026,#9032,#9033));
#9025 = ORIENTED_EDGE('',*,*,#2099,.T.);
#9026 = ORIENTED_EDGE('',*,*,#9027,.T.);
#9027 = EDGE_CURVE('',#2100,#5032,#9028,.T.);
#9028 = LINE('',#9029,#9030);
#9029 = CARTESIAN_POINT('',(68.684,43.459997,-4.6E-02));
#9030 = VECTOR('',#9031,1.);
#9031 = DIRECTION('',(0.,0.,1.));
#9032 = ORIENTED_EDGE('',*,*,#5031,.F.);
#9033 = ORIENTED_EDGE('',*,*,#9027,.F.);
#9034 = CYLINDRICAL_SURFACE('',#9035,0.7);
#9035 = AXIS2_PLACEMENT_3D('',#9036,#9037,#9038);
#9036 = CARTESIAN_POINT('',(68.684,44.159997,-4.6E-02));
#9037 = DIRECTION('',(-0.,-0.,-1.));
#9038 = DIRECTION('',(-0.,-1.,0.));
#9039 = ADVANCED_FACE('',(#9040),#9051,.F.);
#9040 = FACE_BOUND('',#9041,.T.);
#9041 = EDGE_LOOP('',(#9042,#9043,#9049,#9050));
#9042 = ORIENTED_EDGE('',*,*,#2110,.T.);
#9043 = ORIENTED_EDGE('',*,*,#9044,.T.);
#9044 = EDGE_CURVE('',#2111,#5043,#9045,.T.);
#9045 = LINE('',#9046,#9047);
#9046 = CARTESIAN_POINT('',(79.584,42.659997,-4.6E-02));
#9047 = VECTOR('',#9048,1.);
#9048 = DIRECTION('',(0.,0.,1.));
#9049 = ORIENTED_EDGE('',*,*,#5042,.F.);
#9050 = ORIENTED_EDGE('',*,*,#9044,.F.);
#9051 = CYLINDRICAL_SURFACE('',#9052,1.5);
#9052 = AXIS2_PLACEMENT_3D('',#9053,#9054,#9055);
#9053 = CARTESIAN_POINT('',(79.584,44.159997,-4.6E-02));
#9054 = DIRECTION('',(-0.,-0.,-1.));
#9055 = DIRECTION('',(-0.,-1.,0.));
#9056 = ADVANCED_FACE('',(#9057),#9068,.F.);
#9057 = FACE_BOUND('',#9058,.T.);
#9058 = EDGE_LOOP('',(#9059,#9060,#9066,#9067));
#9059 = ORIENTED_EDGE('',*,*,#2121,.T.);
#9060 = ORIENTED_EDGE('',*,*,#9061,.T.);
#9061 = EDGE_CURVE('',#2122,#5054,#9062,.T.);
#9062 = LINE('',#9063,#9064);
#9063 = CARTESIAN_POINT('',(48.654,53.833997,-4.6E-02));
#9064 = VECTOR('',#9065,1.);
#9065 = DIRECTION('',(0.,0.,1.));
#9066 = ORIENTED_EDGE('',*,*,#5053,.F.);
#9067 = ORIENTED_EDGE('',*,*,#9061,.F.);
#9068 = CYLINDRICAL_SURFACE('',#9069,1.);
#9069 = AXIS2_PLACEMENT_3D('',#9070,#9071,#9072);
#9070 = CARTESIAN_POINT('',(48.654,54.833997,-4.6E-02));
#9071 = DIRECTION('',(-0.,-0.,-1.));
#9072 = DIRECTION('',(-0.,-1.,0.));
#9073 = ADVANCED_FACE('',(#9074),#9085,.F.);
#9074 = FACE_BOUND('',#9075,.T.);
#9075 = EDGE_LOOP('',(#9076,#9077,#9083,#9084));
#9076 = ORIENTED_EDGE('',*,*,#2132,.T.);
#9077 = ORIENTED_EDGE('',*,*,#9078,.T.);
#9078 = EDGE_CURVE('',#2133,#5065,#9079,.T.);
#9079 = LINE('',#9080,#9081);
#9080 = CARTESIAN_POINT('',(53.654,53.833997,-4.6E-02));
#9081 = VECTOR('',#9082,1.);
#9082 = DIRECTION('',(0.,0.,1.));
#9083 = ORIENTED_EDGE('',*,*,#5064,.F.);
#9084 = ORIENTED_EDGE('',*,*,#9078,.F.);
#9085 = CYLINDRICAL_SURFACE('',#9086,1.);
#9086 = AXIS2_PLACEMENT_3D('',#9087,#9088,#9089);
#9087 = CARTESIAN_POINT('',(53.654,54.833997,-4.6E-02));
#9088 = DIRECTION('',(-0.,-0.,-1.));
#9089 = DIRECTION('',(-0.,-1.,0.));
#9090 = ADVANCED_FACE('',(#9091),#9102,.F.);
#9091 = FACE_BOUND('',#9092,.T.);
#9092 = EDGE_LOOP('',(#9093,#9094,#9100,#9101));
#9093 = ORIENTED_EDGE('',*,*,#2143,.T.);
#9094 = ORIENTED_EDGE('',*,*,#9095,.T.);
#9095 = EDGE_CURVE('',#2144,#5076,#9096,.T.);
#9096 = LINE('',#9097,#9098);
#9097 = CARTESIAN_POINT('',(58.654,53.833997,-4.6E-02));
#9098 = VECTOR('',#9099,1.);
#9099 = DIRECTION('',(0.,0.,1.));
#9100 = ORIENTED_EDGE('',*,*,#5075,.F.);
#9101 = ORIENTED_EDGE('',*,*,#9095,.F.);
#9102 = CYLINDRICAL_SURFACE('',#9103,1.);
#9103 = AXIS2_PLACEMENT_3D('',#9104,#9105,#9106);
#9104 = CARTESIAN_POINT('',(58.654,54.833997,-4.6E-02));
#9105 = DIRECTION('',(-0.,-0.,-1.));
#9106 = DIRECTION('',(-0.,-1.,0.));
#9107 = ADVANCED_FACE('',(#9108),#9119,.F.);
#9108 = FACE_BOUND('',#9109,.T.);
#9109 = EDGE_LOOP('',(#9110,#9111,#9117,#9118));
#9110 = ORIENTED_EDGE('',*,*,#2154,.T.);
#9111 = ORIENTED_EDGE('',*,*,#9112,.T.);
#9112 = EDGE_CURVE('',#2155,#5087,#9113,.T.);
#9113 = LINE('',#9114,#9115);
#9114 = CARTESIAN_POINT('',(48.654,60.933997,-4.6E-02));
#9115 = VECTOR('',#9116,1.);
#9116 = DIRECTION('',(0.,0.,1.));
#9117 = ORIENTED_EDGE('',*,*,#5086,.F.);
#9118 = ORIENTED_EDGE('',*,*,#9112,.F.);
#9119 = CYLINDRICAL_SURFACE('',#9120,1.);
#9120 = AXIS2_PLACEMENT_3D('',#9121,#9122,#9123);
#9121 = CARTESIAN_POINT('',(48.654,61.933997,-4.6E-02));
#9122 = DIRECTION('',(-0.,-0.,-1.));
#9123 = DIRECTION('',(-0.,-1.,0.));
#9124 = ADVANCED_FACE('',(#9125),#9136,.F.);
#9125 = FACE_BOUND('',#9126,.T.);
#9126 = EDGE_LOOP('',(#9127,#9128,#9134,#9135));
#9127 = ORIENTED_EDGE('',*,*,#2165,.T.);
#9128 = ORIENTED_EDGE('',*,*,#9129,.T.);
#9129 = EDGE_CURVE('',#2166,#5098,#9130,.T.);
#9130 = LINE('',#9131,#9132);
#9131 = CARTESIAN_POINT('',(53.654,60.933997,-4.6E-02));
#9132 = VECTOR('',#9133,1.);
#9133 = DIRECTION('',(0.,0.,1.));
#9134 = ORIENTED_EDGE('',*,*,#5097,.F.);
#9135 = ORIENTED_EDGE('',*,*,#9129,.F.);
#9136 = CYLINDRICAL_SURFACE('',#9137,1.);
#9137 = AXIS2_PLACEMENT_3D('',#9138,#9139,#9140);
#9138 = CARTESIAN_POINT('',(53.654,61.933997,-4.6E-02));
#9139 = DIRECTION('',(-0.,-0.,-1.));
#9140 = DIRECTION('',(-0.,-1.,0.));
#9141 = ADVANCED_FACE('',(#9142),#9153,.F.);
#9142 = FACE_BOUND('',#9143,.T.);
#9143 = EDGE_LOOP('',(#9144,#9145,#9151,#9152));
#9144 = ORIENTED_EDGE('',*,*,#2176,.T.);
#9145 = ORIENTED_EDGE('',*,*,#9146,.T.);
#9146 = EDGE_CURVE('',#2177,#5109,#9147,.T.);
#9147 = LINE('',#9148,#9149);
#9148 = CARTESIAN_POINT('',(58.654,60.933997,-4.6E-02));
#9149 = VECTOR('',#9150,1.);
#9150 = DIRECTION('',(0.,0.,1.));
#9151 = ORIENTED_EDGE('',*,*,#5108,.F.);
#9152 = ORIENTED_EDGE('',*,*,#9146,.F.);
#9153 = CYLINDRICAL_SURFACE('',#9154,1.);
#9154 = AXIS2_PLACEMENT_3D('',#9155,#9156,#9157);
#9155 = CARTESIAN_POINT('',(58.654,61.933997,-4.6E-02));
#9156 = DIRECTION('',(-0.,-0.,-1.));
#9157 = DIRECTION('',(-0.,-1.,0.));
#9158 = ADVANCED_FACE('',(#9159),#9170,.F.);
#9159 = FACE_BOUND('',#9160,.T.);
#9160 = EDGE_LOOP('',(#9161,#9162,#9168,#9169));
#9161 = ORIENTED_EDGE('',*,*,#2187,.T.);
#9162 = ORIENTED_EDGE('',*,*,#9163,.T.);
#9163 = EDGE_CURVE('',#2188,#5120,#9164,.T.);
#9164 = LINE('',#9165,#9166);
#9165 = CARTESIAN_POINT('',(65.502667,53.833997,-4.6E-02));
#9166 = VECTOR('',#9167,1.);
#9167 = DIRECTION('',(0.,0.,1.));
#9168 = ORIENTED_EDGE('',*,*,#5119,.F.);
#9169 = ORIENTED_EDGE('',*,*,#9163,.F.);
#9170 = CYLINDRICAL_SURFACE('',#9171,1.);
#9171 = AXIS2_PLACEMENT_3D('',#9172,#9173,#9174);
#9172 = CARTESIAN_POINT('',(65.502667,54.833997,-4.6E-02));
#9173 = DIRECTION('',(-0.,-0.,-1.));
#9174 = DIRECTION('',(-0.,-1.,0.));
#9175 = ADVANCED_FACE('',(#9176),#9187,.F.);
#9176 = FACE_BOUND('',#9177,.T.);
#9177 = EDGE_LOOP('',(#9178,#9179,#9185,#9186));
#9178 = ORIENTED_EDGE('',*,*,#2198,.T.);
#9179 = ORIENTED_EDGE('',*,*,#9180,.T.);
#9180 = EDGE_CURVE('',#2199,#5131,#9181,.T.);
#9181 = LINE('',#9182,#9183);
#9182 = CARTESIAN_POINT('',(70.502667,53.833997,-4.6E-02));
#9183 = VECTOR('',#9184,1.);
#9184 = DIRECTION('',(0.,0.,1.));
#9185 = ORIENTED_EDGE('',*,*,#5130,.F.);
#9186 = ORIENTED_EDGE('',*,*,#9180,.F.);
#9187 = CYLINDRICAL_SURFACE('',#9188,1.);
#9188 = AXIS2_PLACEMENT_3D('',#9189,#9190,#9191);
#9189 = CARTESIAN_POINT('',(70.502667,54.833997,-4.6E-02));
#9190 = DIRECTION('',(-0.,-0.,-1.));
#9191 = DIRECTION('',(-0.,-1.,0.));
#9192 = ADVANCED_FACE('',(#9193),#9204,.F.);
#9193 = FACE_BOUND('',#9194,.T.);
#9194 = EDGE_LOOP('',(#9195,#9196,#9202,#9203));
#9195 = ORIENTED_EDGE('',*,*,#2209,.T.);
#9196 = ORIENTED_EDGE('',*,*,#9197,.T.);
#9197 = EDGE_CURVE('',#2210,#5142,#9198,.T.);
#9198 = LINE('',#9199,#9200);
#9199 = CARTESIAN_POINT('',(75.502667,53.833997,-4.6E-02));
#9200 = VECTOR('',#9201,1.);
#9201 = DIRECTION('',(0.,0.,1.));
#9202 = ORIENTED_EDGE('',*,*,#5141,.F.);
#9203 = ORIENTED_EDGE('',*,*,#9197,.F.);
#9204 = CYLINDRICAL_SURFACE('',#9205,1.);
#9205 = AXIS2_PLACEMENT_3D('',#9206,#9207,#9208);
#9206 = CARTESIAN_POINT('',(75.502667,54.833997,-4.6E-02));
#9207 = DIRECTION('',(-0.,-0.,-1.));
#9208 = DIRECTION('',(-0.,-1.,0.));
#9209 = ADVANCED_FACE('',(#9210),#9221,.F.);
#9210 = FACE_BOUND('',#9211,.T.);
#9211 = EDGE_LOOP('',(#9212,#9213,#9219,#9220));
#9212 = ORIENTED_EDGE('',*,*,#2220,.T.);
#9213 = ORIENTED_EDGE('',*,*,#9214,.T.);
#9214 = EDGE_CURVE('',#2221,#5153,#9215,.T.);
#9215 = LINE('',#9216,#9217);
#9216 = CARTESIAN_POINT('',(65.502667,60.933997,-4.6E-02));
#9217 = VECTOR('',#9218,1.);
#9218 = DIRECTION('',(0.,0.,1.));
#9219 = ORIENTED_EDGE('',*,*,#5152,.F.);
#9220 = ORIENTED_EDGE('',*,*,#9214,.F.);
#9221 = CYLINDRICAL_SURFACE('',#9222,1.);
#9222 = AXIS2_PLACEMENT_3D('',#9223,#9224,#9225);
#9223 = CARTESIAN_POINT('',(65.502667,61.933997,-4.6E-02));
#9224 = DIRECTION('',(-0.,-0.,-1.));
#9225 = DIRECTION('',(-0.,-1.,0.));
#9226 = ADVANCED_FACE('',(#9227),#9238,.F.);
#9227 = FACE_BOUND('',#9228,.T.);
#9228 = EDGE_LOOP('',(#9229,#9230,#9236,#9237));
#9229 = ORIENTED_EDGE('',*,*,#2231,.T.);
#9230 = ORIENTED_EDGE('',*,*,#9231,.T.);
#9231 = EDGE_CURVE('',#2232,#5164,#9232,.T.);
#9232 = LINE('',#9233,#9234);
#9233 = CARTESIAN_POINT('',(70.502667,60.933997,-4.6E-02));
#9234 = VECTOR('',#9235,1.);
#9235 = DIRECTION('',(0.,0.,1.));
#9236 = ORIENTED_EDGE('',*,*,#5163,.F.);
#9237 = ORIENTED_EDGE('',*,*,#9231,.F.);
#9238 = CYLINDRICAL_SURFACE('',#9239,1.);
#9239 = AXIS2_PLACEMENT_3D('',#9240,#9241,#9242);
#9240 = CARTESIAN_POINT('',(70.502667,61.933997,-4.6E-02));
#9241 = DIRECTION('',(-0.,-0.,-1.));
#9242 = DIRECTION('',(-0.,-1.,0.));
#9243 = ADVANCED_FACE('',(#9244),#9255,.F.);
#9244 = FACE_BOUND('',#9245,.T.);
#9245 = EDGE_LOOP('',(#9246,#9247,#9253,#9254));
#9246 = ORIENTED_EDGE('',*,*,#2242,.T.);
#9247 = ORIENTED_EDGE('',*,*,#9248,.T.);
#9248 = EDGE_CURVE('',#2243,#5175,#9249,.T.);
#9249 = LINE('',#9250,#9251);
#9250 = CARTESIAN_POINT('',(75.502667,60.933997,-4.6E-02));
#9251 = VECTOR('',#9252,1.);
#9252 = DIRECTION('',(0.,0.,1.));
#9253 = ORIENTED_EDGE('',*,*,#5174,.F.);
#9254 = ORIENTED_EDGE('',*,*,#9248,.F.);
#9255 = CYLINDRICAL_SURFACE('',#9256,1.);
#9256 = AXIS2_PLACEMENT_3D('',#9257,#9258,#9259);
#9257 = CARTESIAN_POINT('',(75.502667,61.933997,-4.6E-02));
#9258 = DIRECTION('',(-0.,-0.,-1.));
#9259 = DIRECTION('',(-0.,-1.,0.));
#9260 = ADVANCED_FACE('',(#9261),#9272,.F.);
#9261 = FACE_BOUND('',#9262,.T.);
#9262 = EDGE_LOOP('',(#9263,#9264,#9270,#9271));
#9263 = ORIENTED_EDGE('',*,*,#2253,.T.);
#9264 = ORIENTED_EDGE('',*,*,#9265,.T.);
#9265 = EDGE_CURVE('',#2254,#5186,#9266,.T.);
#9266 = LINE('',#9267,#9268);
#9267 = CARTESIAN_POINT('',(86.928,17.851997,-4.6E-02));
#9268 = VECTOR('',#9269,1.);
#9269 = DIRECTION('',(0.,0.,1.));
#9270 = ORIENTED_EDGE('',*,*,#5185,.F.);
#9271 = ORIENTED_EDGE('',*,*,#9265,.F.);
#9272 = CYLINDRICAL_SURFACE('',#9273,0.4);
#9273 = AXIS2_PLACEMENT_3D('',#9274,#9275,#9276);
#9274 = CARTESIAN_POINT('',(86.928,18.251997,-4.6E-02));
#9275 = DIRECTION('',(-0.,-0.,-1.));
#9276 = DIRECTION('',(-0.,-1.,0.));
#9277 = ADVANCED_FACE('',(#9278),#9289,.F.);
#9278 = FACE_BOUND('',#9279,.T.);
#9279 = EDGE_LOOP('',(#9280,#9281,#9287,#9288));
#9280 = ORIENTED_EDGE('',*,*,#2264,.T.);
#9281 = ORIENTED_EDGE('',*,*,#9282,.T.);
#9282 = EDGE_CURVE('',#2265,#5197,#9283,.T.);
#9283 = LINE('',#9284,#9285);
#9284 = CARTESIAN_POINT('',(89.468,15.057997,-4.6E-02));
#9285 = VECTOR('',#9286,1.);
#9286 = DIRECTION('',(0.,0.,1.));
#9287 = ORIENTED_EDGE('',*,*,#5196,.F.);
#9288 = ORIENTED_EDGE('',*,*,#9282,.F.);
#9289 = CYLINDRICAL_SURFACE('',#9290,0.4);
#9290 = AXIS2_PLACEMENT_3D('',#9291,#9292,#9293);
#9291 = CARTESIAN_POINT('',(89.468,15.457997,-4.6E-02));
#9292 = DIRECTION('',(-0.,0.,-1.));
#9293 = DIRECTION('',(3.5527136788E-14,-1.,-0.));
#9294 = ADVANCED_FACE('',(#9295),#9306,.F.);
#9295 = FACE_BOUND('',#9296,.T.);
#9296 = EDGE_LOOP('',(#9297,#9298,#9304,#9305));
#9297 = ORIENTED_EDGE('',*,*,#2275,.T.);
#9298 = ORIENTED_EDGE('',*,*,#9299,.T.);
#9299 = EDGE_CURVE('',#2276,#5208,#9300,.T.);
#9300 = LINE('',#9301,#9302);
#9301 = CARTESIAN_POINT('',(90.5,19.1,-4.6E-02));
#9302 = VECTOR('',#9303,1.);
#9303 = DIRECTION('',(0.,0.,1.));
#9304 = ORIENTED_EDGE('',*,*,#5207,.F.);
#9305 = ORIENTED_EDGE('',*,*,#9299,.F.);
#9306 = CYLINDRICAL_SURFACE('',#9307,1.6);
#9307 = AXIS2_PLACEMENT_3D('',#9308,#9309,#9310);
#9308 = CARTESIAN_POINT('',(90.5,20.7,-4.6E-02));
#9309 = DIRECTION('',(-0.,-0.,-1.));
#9310 = DIRECTION('',(-0.,-1.,0.));
#9311 = ADVANCED_FACE('',(#9312),#9323,.F.);
#9312 = FACE_BOUND('',#9313,.T.);
#9313 = EDGE_LOOP('',(#9314,#9315,#9321,#9322));
#9314 = ORIENTED_EDGE('',*,*,#2286,.T.);
#9315 = ORIENTED_EDGE('',*,*,#9316,.T.);
#9316 = EDGE_CURVE('',#2287,#5219,#9317,.T.);
#9317 = LINE('',#9318,#9319);
#9318 = CARTESIAN_POINT('',(83.626,20.899997,-4.6E-02));
#9319 = VECTOR('',#9320,1.);
#9320 = DIRECTION('',(0.,0.,1.));
#9321 = ORIENTED_EDGE('',*,*,#5218,.F.);
#9322 = ORIENTED_EDGE('',*,*,#9316,.F.);
#9323 = CYLINDRICAL_SURFACE('',#9324,0.4);
#9324 = AXIS2_PLACEMENT_3D('',#9325,#9326,#9327);
#9325 = CARTESIAN_POINT('',(83.626,21.299997,-4.6E-02));
#9326 = DIRECTION('',(-0.,-0.,-1.));
#9327 = DIRECTION('',(-0.,-1.,0.));
#9328 = ADVANCED_FACE('',(#9329),#9340,.F.);
#9329 = FACE_BOUND('',#9330,.T.);
#9330 = EDGE_LOOP('',(#9331,#9332,#9338,#9339));
#9331 = ORIENTED_EDGE('',*,*,#2297,.T.);
#9332 = ORIENTED_EDGE('',*,*,#9333,.T.);
#9333 = EDGE_CURVE('',#2298,#5230,#9334,.T.);
#9334 = LINE('',#9335,#9336);
#9335 = CARTESIAN_POINT('',(81.594,23.947997,-4.6E-02));
#9336 = VECTOR('',#9337,1.);
#9337 = DIRECTION('',(0.,0.,1.));
#9338 = ORIENTED_EDGE('',*,*,#5229,.F.);
#9339 = ORIENTED_EDGE('',*,*,#9333,.F.);
#9340 = CYLINDRICAL_SURFACE('',#9341,0.4);
#9341 = AXIS2_PLACEMENT_3D('',#9342,#9343,#9344);
#9342 = CARTESIAN_POINT('',(81.594,24.347997,-4.6E-02));
#9343 = DIRECTION('',(-0.,-0.,-1.));
#9344 = DIRECTION('',(-0.,-1.,0.));
#9345 = ADVANCED_FACE('',(#9346),#9357,.F.);
#9346 = FACE_BOUND('',#9347,.T.);
#9347 = EDGE_LOOP('',(#9348,#9349,#9355,#9356));
#9348 = ORIENTED_EDGE('',*,*,#2308,.T.);
#9349 = ORIENTED_EDGE('',*,*,#9350,.T.);
#9350 = EDGE_CURVE('',#2309,#5241,#9351,.T.);
#9351 = LINE('',#9352,#9353);
#9352 = CARTESIAN_POINT('',(101.66,15.465997,-4.6E-02));
#9353 = VECTOR('',#9354,1.);
#9354 = DIRECTION('',(0.,0.,1.));
#9355 = ORIENTED_EDGE('',*,*,#5240,.F.);
#9356 = ORIENTED_EDGE('',*,*,#9350,.F.);
#9357 = CYLINDRICAL_SURFACE('',#9358,0.5);
#9358 = AXIS2_PLACEMENT_3D('',#9359,#9360,#9361);
#9359 = CARTESIAN_POINT('',(101.66,15.965997,-4.6E-02));
#9360 = DIRECTION('',(-0.,-0.,-1.));
#9361 = DIRECTION('',(-0.,-1.,0.));
#9362 = ADVANCED_FACE('',(#9363),#9374,.F.);
#9363 = FACE_BOUND('',#9364,.T.);
#9364 = EDGE_LOOP('',(#9365,#9366,#9372,#9373));
#9365 = ORIENTED_EDGE('',*,*,#2319,.T.);
#9366 = ORIENTED_EDGE('',*,*,#9367,.T.);
#9367 = EDGE_CURVE('',#2320,#5252,#9368,.T.);
#9368 = LINE('',#9369,#9370);
#9369 = CARTESIAN_POINT('',(105.337,17.343997,-4.6E-02));
#9370 = VECTOR('',#9371,1.);
#9371 = DIRECTION('',(0.,0.,1.));
#9372 = ORIENTED_EDGE('',*,*,#5251,.F.);
#9373 = ORIENTED_EDGE('',*,*,#9367,.F.);
#9374 = CYLINDRICAL_SURFACE('',#9375,0.4);
#9375 = AXIS2_PLACEMENT_3D('',#9376,#9377,#9378);
#9376 = CARTESIAN_POINT('',(105.337,17.743997,-4.6E-02));
#9377 = DIRECTION('',(-0.,0.,-1.));
#9378 = DIRECTION('',(3.5527136788E-14,-1.,-0.));
#9379 = ADVANCED_FACE('',(#9380),#9391,.F.);
#9380 = FACE_BOUND('',#9381,.T.);
#9381 = EDGE_LOOP('',(#9382,#9383,#9389,#9390));
#9382 = ORIENTED_EDGE('',*,*,#2330,.T.);
#9383 = ORIENTED_EDGE('',*,*,#9384,.T.);
#9384 = EDGE_CURVE('',#2331,#5263,#9385,.T.);
#9385 = LINE('',#9386,#9387);
#9386 = CARTESIAN_POINT('',(101.66,18.005997,-4.6E-02));
#9387 = VECTOR('',#9388,1.);
#9388 = DIRECTION('',(0.,0.,1.));
#9389 = ORIENTED_EDGE('',*,*,#5262,.F.);
#9390 = ORIENTED_EDGE('',*,*,#9384,.F.);
#9391 = CYLINDRICAL_SURFACE('',#9392,0.5);
#9392 = AXIS2_PLACEMENT_3D('',#9393,#9394,#9395);
#9393 = CARTESIAN_POINT('',(101.66,18.505997,-4.6E-02));
#9394 = DIRECTION('',(-0.,-0.,-1.));
#9395 = DIRECTION('',(-0.,-1.,0.));
#9396 = ADVANCED_FACE('',(#9397),#9408,.F.);
#9397 = FACE_BOUND('',#9398,.T.);
#9398 = EDGE_LOOP('',(#9399,#9400,#9406,#9407));
#9399 = ORIENTED_EDGE('',*,*,#2341,.T.);
#9400 = ORIENTED_EDGE('',*,*,#9401,.T.);
#9401 = EDGE_CURVE('',#2342,#5274,#9402,.T.);
#9402 = LINE('',#9403,#9404);
#9403 = CARTESIAN_POINT('',(107.877,17.343997,-4.6E-02));
#9404 = VECTOR('',#9405,1.);
#9405 = DIRECTION('',(0.,0.,1.));
#9406 = ORIENTED_EDGE('',*,*,#5273,.F.);
#9407 = ORIENTED_EDGE('',*,*,#9401,.F.);
#9408 = CYLINDRICAL_SURFACE('',#9409,0.4);
#9409 = AXIS2_PLACEMENT_3D('',#9410,#9411,#9412);
#9410 = CARTESIAN_POINT('',(107.877,17.743997,-4.6E-02));
#9411 = DIRECTION('',(-0.,-0.,-1.));
#9412 = DIRECTION('',(-3.552713678801E-14,-1.,0.));
#9413 = ADVANCED_FACE('',(#9414),#9425,.F.);
#9414 = FACE_BOUND('',#9415,.T.);
#9415 = EDGE_LOOP('',(#9416,#9417,#9423,#9424));
#9416 = ORIENTED_EDGE('',*,*,#2352,.T.);
#9417 = ORIENTED_EDGE('',*,*,#9418,.T.);
#9418 = EDGE_CURVE('',#2353,#5285,#9419,.T.);
#9419 = LINE('',#9420,#9421);
#9420 = CARTESIAN_POINT('',(110.935,17.343997,-4.6E-02));
#9421 = VECTOR('',#9422,1.);
#9422 = DIRECTION('',(0.,0.,1.));
#9423 = ORIENTED_EDGE('',*,*,#5284,.F.);
#9424 = ORIENTED_EDGE('',*,*,#9418,.F.);
#9425 = CYLINDRICAL_SURFACE('',#9426,0.4);
#9426 = AXIS2_PLACEMENT_3D('',#9427,#9428,#9429);
#9427 = CARTESIAN_POINT('',(110.935,17.743997,-4.6E-02));
#9428 = DIRECTION('',(-0.,-0.,-1.));
#9429 = DIRECTION('',(-0.,-1.,0.));
#9430 = ADVANCED_FACE('',(#9431),#9442,.F.);
#9431 = FACE_BOUND('',#9432,.T.);
#9432 = EDGE_LOOP('',(#9433,#9434,#9440,#9441));
#9433 = ORIENTED_EDGE('',*,*,#2363,.T.);
#9434 = ORIENTED_EDGE('',*,*,#9435,.T.);
#9435 = EDGE_CURVE('',#2364,#5296,#9436,.T.);
#9436 = LINE('',#9437,#9438);
#9437 = CARTESIAN_POINT('',(113.475,17.343997,-4.6E-02));
#9438 = VECTOR('',#9439,1.);
#9439 = DIRECTION('',(0.,0.,1.));
#9440 = ORIENTED_EDGE('',*,*,#5295,.F.);
#9441 = ORIENTED_EDGE('',*,*,#9435,.F.);
#9442 = CYLINDRICAL_SURFACE('',#9443,0.4);
#9443 = AXIS2_PLACEMENT_3D('',#9444,#9445,#9446);
#9444 = CARTESIAN_POINT('',(113.475,17.743997,-4.6E-02));
#9445 = DIRECTION('',(-0.,-0.,-1.));
#9446 = DIRECTION('',(-0.,-1.,0.));
#9447 = ADVANCED_FACE('',(#9448),#9459,.F.);
#9448 = FACE_BOUND('',#9449,.T.);
#9449 = EDGE_LOOP('',(#9450,#9451,#9457,#9458));
#9450 = ORIENTED_EDGE('',*,*,#2374,.T.);
#9451 = ORIENTED_EDGE('',*,*,#9452,.T.);
#9452 = EDGE_CURVE('',#2375,#5307,#9453,.T.);
#9453 = LINE('',#9454,#9455);
#9454 = CARTESIAN_POINT('',(105.337,24.963997,-4.6E-02));
#9455 = VECTOR('',#9456,1.);
#9456 = DIRECTION('',(0.,0.,1.));
#9457 = ORIENTED_EDGE('',*,*,#5306,.F.);
#9458 = ORIENTED_EDGE('',*,*,#9452,.F.);
#9459 = CYLINDRICAL_SURFACE('',#9460,0.4);
#9460 = AXIS2_PLACEMENT_3D('',#9461,#9462,#9463);
#9461 = CARTESIAN_POINT('',(105.337,25.363997,-4.6E-02));
#9462 = DIRECTION('',(-0.,0.,-1.));
#9463 = DIRECTION('',(3.5527136788E-14,-1.,-0.));
#9464 = ADVANCED_FACE('',(#9465),#9476,.F.);
#9465 = FACE_BOUND('',#9466,.T.);
#9466 = EDGE_LOOP('',(#9467,#9468,#9474,#9475));
#9467 = ORIENTED_EDGE('',*,*,#2385,.T.);
#9468 = ORIENTED_EDGE('',*,*,#9469,.T.);
#9469 = EDGE_CURVE('',#2386,#5318,#9470,.T.);
#9470 = LINE('',#9471,#9472);
#9471 = CARTESIAN_POINT('',(107.877,24.963997,-4.6E-02));
#9472 = VECTOR('',#9473,1.);
#9473 = DIRECTION('',(0.,0.,1.));
#9474 = ORIENTED_EDGE('',*,*,#5317,.F.);
#9475 = ORIENTED_EDGE('',*,*,#9469,.F.);
#9476 = CYLINDRICAL_SURFACE('',#9477,0.4);
#9477 = AXIS2_PLACEMENT_3D('',#9478,#9479,#9480);
#9478 = CARTESIAN_POINT('',(107.877,25.363997,-4.6E-02));
#9479 = DIRECTION('',(-0.,-0.,-1.));
#9480 = DIRECTION('',(-3.552713678801E-14,-1.,0.));
#9481 = ADVANCED_FACE('',(#9482),#9493,.F.);
#9482 = FACE_BOUND('',#9483,.T.);
#9483 = EDGE_LOOP('',(#9484,#9485,#9491,#9492));
#9484 = ORIENTED_EDGE('',*,*,#2396,.T.);
#9485 = ORIENTED_EDGE('',*,*,#9486,.T.);
#9486 = EDGE_CURVE('',#2397,#5329,#9487,.T.);
#9487 = LINE('',#9488,#9489);
#9488 = CARTESIAN_POINT('',(110.935,24.963997,-4.6E-02));
#9489 = VECTOR('',#9490,1.);
#9490 = DIRECTION('',(0.,0.,1.));
#9491 = ORIENTED_EDGE('',*,*,#5328,.F.);
#9492 = ORIENTED_EDGE('',*,*,#9486,.F.);
#9493 = CYLINDRICAL_SURFACE('',#9494,0.4);
#9494 = AXIS2_PLACEMENT_3D('',#9495,#9496,#9497);
#9495 = CARTESIAN_POINT('',(110.935,25.363997,-4.6E-02));
#9496 = DIRECTION('',(-0.,-0.,-1.));
#9497 = DIRECTION('',(-0.,-1.,0.));
#9498 = ADVANCED_FACE('',(#9499),#9510,.F.);
#9499 = FACE_BOUND('',#9500,.T.);
#9500 = EDGE_LOOP('',(#9501,#9502,#9508,#9509));
#9501 = ORIENTED_EDGE('',*,*,#2407,.T.);
#9502 = ORIENTED_EDGE('',*,*,#9503,.T.);
#9503 = EDGE_CURVE('',#2408,#5340,#9504,.T.);
#9504 = LINE('',#9505,#9506);
#9505 = CARTESIAN_POINT('',(113.475,24.963997,-4.6E-02));
#9506 = VECTOR('',#9507,1.);
#9507 = DIRECTION('',(0.,0.,1.));
#9508 = ORIENTED_EDGE('',*,*,#5339,.F.);
#9509 = ORIENTED_EDGE('',*,*,#9503,.F.);
#9510 = CYLINDRICAL_SURFACE('',#9511,0.4);
#9511 = AXIS2_PLACEMENT_3D('',#9512,#9513,#9514);
#9512 = CARTESIAN_POINT('',(113.475,25.363997,-4.6E-02));
#9513 = DIRECTION('',(-0.,-0.,-1.));
#9514 = DIRECTION('',(-0.,-1.,0.));
#9515 = ADVANCED_FACE('',(#9516),#9527,.F.);
#9516 = FACE_BOUND('',#9517,.T.);
#9517 = EDGE_LOOP('',(#9518,#9519,#9525,#9526));
#9518 = ORIENTED_EDGE('',*,*,#2418,.T.);
#9519 = ORIENTED_EDGE('',*,*,#9520,.T.);
#9520 = EDGE_CURVE('',#2419,#5351,#9521,.T.);
#9521 = LINE('',#9522,#9523);
#9522 = CARTESIAN_POINT('',(93.786,31.875997,-4.6E-02));
#9523 = VECTOR('',#9524,1.);
#9524 = DIRECTION('',(0.,0.,1.));
#9525 = ORIENTED_EDGE('',*,*,#5350,.F.);
#9526 = ORIENTED_EDGE('',*,*,#9520,.F.);
#9527 = CYLINDRICAL_SURFACE('',#9528,0.6);
#9528 = AXIS2_PLACEMENT_3D('',#9529,#9530,#9531);
#9529 = CARTESIAN_POINT('',(93.786,32.475997,-4.6E-02));
#9530 = DIRECTION('',(-0.,-0.,-1.));
#9531 = DIRECTION('',(-0.,-1.,0.));
#9532 = ADVANCED_FACE('',(#9533),#9544,.F.);
#9533 = FACE_BOUND('',#9534,.T.);
#9534 = EDGE_LOOP('',(#9535,#9536,#9542,#9543));
#9535 = ORIENTED_EDGE('',*,*,#2429,.T.);
#9536 = ORIENTED_EDGE('',*,*,#9537,.T.);
#9537 = EDGE_CURVE('',#2430,#5362,#9538,.T.);
#9538 = LINE('',#9539,#9540);
#9539 = CARTESIAN_POINT('',(113.47,28.011997,-4.6E-02));
#9540 = VECTOR('',#9541,1.);
#9541 = DIRECTION('',(0.,0.,1.));
#9542 = ORIENTED_EDGE('',*,*,#5361,.F.);
#9543 = ORIENTED_EDGE('',*,*,#9537,.F.);
#9544 = CYLINDRICAL_SURFACE('',#9545,0.4);
#9545 = AXIS2_PLACEMENT_3D('',#9546,#9547,#9548);
#9546 = CARTESIAN_POINT('',(113.47,28.411997,-4.6E-02));
#9547 = DIRECTION('',(-0.,-0.,-1.));
#9548 = DIRECTION('',(-0.,-1.,0.));
#9549 = ADVANCED_FACE('',(#9550),#9561,.F.);
#9550 = FACE_BOUND('',#9551,.T.);
#9551 = EDGE_LOOP('',(#9552,#9553,#9559,#9560));
#9552 = ORIENTED_EDGE('',*,*,#2440,.T.);
#9553 = ORIENTED_EDGE('',*,*,#9554,.T.);
#9554 = EDGE_CURVE('',#2441,#5373,#9555,.T.);
#9555 = LINE('',#9556,#9557);
#9556 = CARTESIAN_POINT('',(107.628,32.473997,-4.6E-02));
#9557 = VECTOR('',#9558,1.);
#9558 = DIRECTION('',(0.,0.,1.));
#9559 = ORIENTED_EDGE('',*,*,#5372,.F.);
#9560 = ORIENTED_EDGE('',*,*,#9554,.F.);
#9561 = CYLINDRICAL_SURFACE('',#9562,0.51);
#9562 = AXIS2_PLACEMENT_3D('',#9563,#9564,#9565);
#9563 = CARTESIAN_POINT('',(107.628,32.983997,-4.6E-02));
#9564 = DIRECTION('',(-0.,-0.,-1.));
#9565 = DIRECTION('',(-0.,-1.,0.));
#9566 = ADVANCED_FACE('',(#9567),#9578,.F.);
#9567 = FACE_BOUND('',#9568,.T.);
#9568 = EDGE_LOOP('',(#9569,#9570,#9576,#9577));
#9569 = ORIENTED_EDGE('',*,*,#2451,.T.);
#9570 = ORIENTED_EDGE('',*,*,#9571,.T.);
#9571 = EDGE_CURVE('',#2452,#5384,#9572,.T.);
#9572 = LINE('',#9573,#9574);
#9573 = CARTESIAN_POINT('',(107.628,35.013997,-4.6E-02));
#9574 = VECTOR('',#9575,1.);
#9575 = DIRECTION('',(0.,0.,1.));
#9576 = ORIENTED_EDGE('',*,*,#5383,.F.);
#9577 = ORIENTED_EDGE('',*,*,#9571,.F.);
#9578 = CYLINDRICAL_SURFACE('',#9579,0.51);
#9579 = AXIS2_PLACEMENT_3D('',#9580,#9581,#9582);
#9580 = CARTESIAN_POINT('',(107.628,35.523997,-4.6E-02));
#9581 = DIRECTION('',(-0.,-0.,-1.));
#9582 = DIRECTION('',(-0.,-1.,0.));
#9583 = ADVANCED_FACE('',(#9584),#9595,.F.);
#9584 = FACE_BOUND('',#9585,.T.);
#9585 = EDGE_LOOP('',(#9586,#9587,#9593,#9594));
#9586 = ORIENTED_EDGE('',*,*,#2462,.T.);
#9587 = ORIENTED_EDGE('',*,*,#9588,.T.);
#9588 = EDGE_CURVE('',#2463,#5395,#9589,.T.);
#9589 = LINE('',#9590,#9591);
#9590 = CARTESIAN_POINT('',(109.788,34.973997,-4.6E-02));
#9591 = VECTOR('',#9592,1.);
#9592 = DIRECTION('',(0.,0.,1.));
#9593 = ORIENTED_EDGE('',*,*,#5394,.F.);
#9594 = ORIENTED_EDGE('',*,*,#9588,.F.);
#9595 = CYLINDRICAL_SURFACE('',#9596,0.55);
#9596 = AXIS2_PLACEMENT_3D('',#9597,#9598,#9599);
#9597 = CARTESIAN_POINT('',(109.788,35.523997,-4.6E-02));
#9598 = DIRECTION('',(-0.,-0.,-1.));
#9599 = DIRECTION('',(-0.,-1.,0.));
#9600 = ADVANCED_FACE('',(#9601),#9612,.F.);
#9601 = FACE_BOUND('',#9602,.T.);
#9602 = EDGE_LOOP('',(#9603,#9604,#9610,#9611));
#9603 = ORIENTED_EDGE('',*,*,#2473,.T.);
#9604 = ORIENTED_EDGE('',*,*,#9605,.T.);
#9605 = EDGE_CURVE('',#2474,#5406,#9606,.T.);
#9606 = LINE('',#9607,#9608);
#9607 = CARTESIAN_POINT('',(107.628,37.553997,-4.6E-02));
#9608 = VECTOR('',#9609,1.);
#9609 = DIRECTION('',(0.,0.,1.));
#9610 = ORIENTED_EDGE('',*,*,#5405,.F.);
#9611 = ORIENTED_EDGE('',*,*,#9605,.F.);
#9612 = CYLINDRICAL_SURFACE('',#9613,0.51);
#9613 = AXIS2_PLACEMENT_3D('',#9614,#9615,#9616);
#9614 = CARTESIAN_POINT('',(107.628,38.063997,-4.6E-02));
#9615 = DIRECTION('',(-0.,-0.,-1.));
#9616 = DIRECTION('',(-0.,-1.,0.));
#9617 = ADVANCED_FACE('',(#9618),#9629,.F.);
#9618 = FACE_BOUND('',#9619,.T.);
#9619 = EDGE_LOOP('',(#9620,#9621,#9627,#9628));
#9620 = ORIENTED_EDGE('',*,*,#2484,.T.);
#9621 = ORIENTED_EDGE('',*,*,#9622,.T.);
#9622 = EDGE_CURVE('',#2485,#5417,#9623,.T.);
#9623 = LINE('',#9624,#9625);
#9624 = CARTESIAN_POINT('',(113.47,38.171997,-4.6E-02));
#9625 = VECTOR('',#9626,1.);
#9626 = DIRECTION('',(0.,0.,1.));
#9627 = ORIENTED_EDGE('',*,*,#5416,.F.);
#9628 = ORIENTED_EDGE('',*,*,#9622,.F.);
#9629 = CYLINDRICAL_SURFACE('',#9630,0.4);
#9630 = AXIS2_PLACEMENT_3D('',#9631,#9632,#9633);
#9631 = CARTESIAN_POINT('',(113.47,38.571997,-4.6E-02));
#9632 = DIRECTION('',(-0.,-0.,-1.));
#9633 = DIRECTION('',(-0.,-1.,0.));
#9634 = ADVANCED_FACE('',(#9635),#9646,.F.);
#9635 = FACE_BOUND('',#9636,.T.);
#9636 = EDGE_LOOP('',(#9637,#9638,#9644,#9645));
#9637 = ORIENTED_EDGE('',*,*,#2495,.T.);
#9638 = ORIENTED_EDGE('',*,*,#9639,.T.);
#9639 = EDGE_CURVE('',#2496,#5428,#9640,.T.);
#9640 = LINE('',#9641,#9642);
#9641 = CARTESIAN_POINT('',(120.579,17.089997,-4.6E-02));
#9642 = VECTOR('',#9643,1.);
#9643 = DIRECTION('',(0.,0.,1.));
#9644 = ORIENTED_EDGE('',*,*,#5427,.F.);
#9645 = ORIENTED_EDGE('',*,*,#9639,.F.);
#9646 = CYLINDRICAL_SURFACE('',#9647,0.4);
#9647 = AXIS2_PLACEMENT_3D('',#9648,#9649,#9650);
#9648 = CARTESIAN_POINT('',(120.579,17.489997,-4.6E-02));
#9649 = DIRECTION('',(-0.,-0.,-1.));
#9650 = DIRECTION('',(-3.552713678801E-14,-1.,0.));
#9651 = ADVANCED_FACE('',(#9652),#9663,.F.);
#9652 = FACE_BOUND('',#9653,.T.);
#9653 = EDGE_LOOP('',(#9654,#9655,#9661,#9662));
#9654 = ORIENTED_EDGE('',*,*,#2506,.T.);
#9655 = ORIENTED_EDGE('',*,*,#9656,.T.);
#9656 = EDGE_CURVE('',#2507,#5439,#9657,.T.);
#9657 = LINE('',#9658,#9659);
#9658 = CARTESIAN_POINT('',(123.119,17.089997,-4.6E-02));
#9659 = VECTOR('',#9660,1.);
#9660 = DIRECTION('',(0.,0.,1.));
#9661 = ORIENTED_EDGE('',*,*,#5438,.F.);
#9662 = ORIENTED_EDGE('',*,*,#9656,.F.);
#9663 = CYLINDRICAL_SURFACE('',#9664,0.4);
#9664 = AXIS2_PLACEMENT_3D('',#9665,#9666,#9667);
#9665 = CARTESIAN_POINT('',(123.119,17.489997,-4.6E-02));
#9666 = DIRECTION('',(-0.,-0.,-1.));
#9667 = DIRECTION('',(-0.,-1.,0.));
#9668 = ADVANCED_FACE('',(#9669),#9680,.F.);
#9669 = FACE_BOUND('',#9670,.T.);
#9670 = EDGE_LOOP('',(#9671,#9672,#9678,#9679));
#9671 = ORIENTED_EDGE('',*,*,#2517,.T.);
#9672 = ORIENTED_EDGE('',*,*,#9673,.T.);
#9673 = EDGE_CURVE('',#2518,#5450,#9674,.T.);
#9674 = LINE('',#9675,#9676);
#9675 = CARTESIAN_POINT('',(116.9,19.445997,-4.6E-02));
#9676 = VECTOR('',#9677,1.);
#9677 = DIRECTION('',(0.,0.,1.));
#9678 = ORIENTED_EDGE('',*,*,#5449,.F.);
#9679 = ORIENTED_EDGE('',*,*,#9673,.F.);
#9680 = CYLINDRICAL_SURFACE('',#9681,1.6);
#9681 = AXIS2_PLACEMENT_3D('',#9682,#9683,#9684);
#9682 = CARTESIAN_POINT('',(116.9,21.045997,-4.6E-02));
#9683 = DIRECTION('',(-0.,-0.,-1.));
#9684 = DIRECTION('',(-0.,-1.,0.));
#9685 = ADVANCED_FACE('',(#9686),#9697,.F.);
#9686 = FACE_BOUND('',#9687,.T.);
#9687 = EDGE_LOOP('',(#9688,#9689,#9695,#9696));
#9688 = ORIENTED_EDGE('',*,*,#2528,.T.);
#9689 = ORIENTED_EDGE('',*,*,#9690,.T.);
#9690 = EDGE_CURVE('',#2529,#5461,#9691,.T.);
#9691 = LINE('',#9692,#9693);
#9692 = CARTESIAN_POINT('',(126.177,17.089997,-4.6E-02));
#9693 = VECTOR('',#9694,1.);
#9694 = DIRECTION('',(0.,0.,1.));
#9695 = ORIENTED_EDGE('',*,*,#5460,.F.);
#9696 = ORIENTED_EDGE('',*,*,#9690,.F.);
#9697 = CYLINDRICAL_SURFACE('',#9698,0.4);
#9698 = AXIS2_PLACEMENT_3D('',#9699,#9700,#9701);
#9699 = CARTESIAN_POINT('',(126.177,17.489997,-4.6E-02));
#9700 = DIRECTION('',(-0.,0.,-1.));
#9701 = DIRECTION('',(3.5527136788E-14,-1.,-0.));
#9702 = ADVANCED_FACE('',(#9703),#9714,.F.);
#9703 = FACE_BOUND('',#9704,.T.);
#9704 = EDGE_LOOP('',(#9705,#9706,#9712,#9713));
#9705 = ORIENTED_EDGE('',*,*,#2539,.T.);
#9706 = ORIENTED_EDGE('',*,*,#9707,.T.);
#9707 = EDGE_CURVE('',#2540,#5472,#9708,.T.);
#9708 = LINE('',#9709,#9710);
#9709 = CARTESIAN_POINT('',(128.717,17.089997,-4.6E-02));
#9710 = VECTOR('',#9711,1.);
#9711 = DIRECTION('',(0.,0.,1.));
#9712 = ORIENTED_EDGE('',*,*,#5471,.F.);
#9713 = ORIENTED_EDGE('',*,*,#9707,.F.);
#9714 = CYLINDRICAL_SURFACE('',#9715,0.4);
#9715 = AXIS2_PLACEMENT_3D('',#9716,#9717,#9718);
#9716 = CARTESIAN_POINT('',(128.717,17.489997,-4.6E-02));
#9717 = DIRECTION('',(-0.,0.,-1.));
#9718 = DIRECTION('',(7.105427357601E-14,-1.,-0.));
#9719 = ADVANCED_FACE('',(#9720),#9731,.F.);
#9720 = FACE_BOUND('',#9721,.T.);
#9721 = EDGE_LOOP('',(#9722,#9723,#9729,#9730));
#9722 = ORIENTED_EDGE('',*,*,#2550,.T.);
#9723 = ORIENTED_EDGE('',*,*,#9724,.T.);
#9724 = EDGE_CURVE('',#2551,#5483,#9725,.T.);
#9725 = LINE('',#9726,#9727);
#9726 = CARTESIAN_POINT('',(120.579,24.709997,-4.6E-02));
#9727 = VECTOR('',#9728,1.);
#9728 = DIRECTION('',(0.,0.,1.));
#9729 = ORIENTED_EDGE('',*,*,#5482,.F.);
#9730 = ORIENTED_EDGE('',*,*,#9724,.F.);
#9731 = CYLINDRICAL_SURFACE('',#9732,0.4);
#9732 = AXIS2_PLACEMENT_3D('',#9733,#9734,#9735);
#9733 = CARTESIAN_POINT('',(120.579,25.109997,-4.6E-02));
#9734 = DIRECTION('',(-0.,-0.,-1.));
#9735 = DIRECTION('',(-3.552713678801E-14,-1.,0.));
#9736 = ADVANCED_FACE('',(#9737),#9748,.F.);
#9737 = FACE_BOUND('',#9738,.T.);
#9738 = EDGE_LOOP('',(#9739,#9740,#9746,#9747));
#9739 = ORIENTED_EDGE('',*,*,#2561,.T.);
#9740 = ORIENTED_EDGE('',*,*,#9741,.T.);
#9741 = EDGE_CURVE('',#2562,#5494,#9742,.T.);
#9742 = LINE('',#9743,#9744);
#9743 = CARTESIAN_POINT('',(123.119,24.709997,-4.6E-02));
#9744 = VECTOR('',#9745,1.);
#9745 = DIRECTION('',(0.,0.,1.));
#9746 = ORIENTED_EDGE('',*,*,#5493,.F.);
#9747 = ORIENTED_EDGE('',*,*,#9741,.F.);
#9748 = CYLINDRICAL_SURFACE('',#9749,0.4);
#9749 = AXIS2_PLACEMENT_3D('',#9750,#9751,#9752);
#9750 = CARTESIAN_POINT('',(123.119,25.109997,-4.6E-02));
#9751 = DIRECTION('',(-0.,-0.,-1.));
#9752 = DIRECTION('',(-0.,-1.,0.));
#9753 = ADVANCED_FACE('',(#9754),#9765,.F.);
#9754 = FACE_BOUND('',#9755,.T.);
#9755 = EDGE_LOOP('',(#9756,#9757,#9763,#9764));
#9756 = ORIENTED_EDGE('',*,*,#2572,.T.);
#9757 = ORIENTED_EDGE('',*,*,#9758,.T.);
#9758 = EDGE_CURVE('',#2573,#5505,#9759,.T.);
#9759 = LINE('',#9760,#9761);
#9760 = CARTESIAN_POINT('',(126.177,24.709997,-4.6E-02));
#9761 = VECTOR('',#9762,1.);
#9762 = DIRECTION('',(0.,0.,1.));
#9763 = ORIENTED_EDGE('',*,*,#5504,.F.);
#9764 = ORIENTED_EDGE('',*,*,#9758,.F.);
#9765 = CYLINDRICAL_SURFACE('',#9766,0.4);
#9766 = AXIS2_PLACEMENT_3D('',#9767,#9768,#9769);
#9767 = CARTESIAN_POINT('',(126.177,25.109997,-4.6E-02));
#9768 = DIRECTION('',(-0.,0.,-1.));
#9769 = DIRECTION('',(3.5527136788E-14,-1.,-0.));
#9770 = ADVANCED_FACE('',(#9771),#9782,.F.);
#9771 = FACE_BOUND('',#9772,.T.);
#9772 = EDGE_LOOP('',(#9773,#9774,#9780,#9781));
#9773 = ORIENTED_EDGE('',*,*,#2583,.T.);
#9774 = ORIENTED_EDGE('',*,*,#9775,.T.);
#9775 = EDGE_CURVE('',#2584,#5516,#9776,.T.);
#9776 = LINE('',#9777,#9778);
#9777 = CARTESIAN_POINT('',(128.717,24.709997,-4.6E-02));
#9778 = VECTOR('',#9779,1.);
#9779 = DIRECTION('',(0.,0.,1.));
#9780 = ORIENTED_EDGE('',*,*,#5515,.F.);
#9781 = ORIENTED_EDGE('',*,*,#9775,.F.);
#9782 = CYLINDRICAL_SURFACE('',#9783,0.4);
#9783 = AXIS2_PLACEMENT_3D('',#9784,#9785,#9786);
#9784 = CARTESIAN_POINT('',(128.717,25.109997,-4.6E-02));
#9785 = DIRECTION('',(-0.,0.,-1.));
#9786 = DIRECTION('',(7.105427357601E-14,-1.,-0.));
#9787 = ADVANCED_FACE('',(#9788),#9799,.F.);
#9788 = FACE_BOUND('',#9789,.T.);
#9789 = EDGE_LOOP('',(#9790,#9791,#9797,#9798));
#9790 = ORIENTED_EDGE('',*,*,#2594,.T.);
#9791 = ORIENTED_EDGE('',*,*,#9792,.T.);
#9792 = EDGE_CURVE('',#2595,#5527,#9793,.T.);
#9793 = LINE('',#9794,#9795);
#9794 = CARTESIAN_POINT('',(137.474,16.327997,-4.6E-02));
#9795 = VECTOR('',#9796,1.);
#9796 = DIRECTION('',(0.,0.,1.));
#9797 = ORIENTED_EDGE('',*,*,#5526,.F.);
#9798 = ORIENTED_EDGE('',*,*,#9792,.F.);
#9799 = CYLINDRICAL_SURFACE('',#9800,0.4);
#9800 = AXIS2_PLACEMENT_3D('',#9801,#9802,#9803);
#9801 = CARTESIAN_POINT('',(137.474,16.727997,-4.6E-02));
#9802 = DIRECTION('',(-0.,-0.,-1.));
#9803 = DIRECTION('',(-0.,-1.,0.));
#9804 = ADVANCED_FACE('',(#9805),#9816,.F.);
#9805 = FACE_BOUND('',#9806,.T.);
#9806 = EDGE_LOOP('',(#9807,#9808,#9814,#9815));
#9807 = ORIENTED_EDGE('',*,*,#2605,.T.);
#9808 = ORIENTED_EDGE('',*,*,#9809,.T.);
#9809 = EDGE_CURVE('',#2606,#5538,#9810,.T.);
#9810 = LINE('',#9811,#9812);
#9811 = CARTESIAN_POINT('',(145.094,16.327997,-4.6E-02));
#9812 = VECTOR('',#9813,1.);
#9813 = DIRECTION('',(0.,0.,1.));
#9814 = ORIENTED_EDGE('',*,*,#5537,.F.);
#9815 = ORIENTED_EDGE('',*,*,#9809,.F.);
#9816 = CYLINDRICAL_SURFACE('',#9817,0.4);
#9817 = AXIS2_PLACEMENT_3D('',#9818,#9819,#9820);
#9818 = CARTESIAN_POINT('',(145.094,16.727997,-4.6E-02));
#9819 = DIRECTION('',(-0.,-0.,-1.));
#9820 = DIRECTION('',(-0.,-1.,0.));
#9821 = ADVANCED_FACE('',(#9822),#9833,.F.);
#9822 = FACE_BOUND('',#9823,.T.);
#9823 = EDGE_LOOP('',(#9824,#9825,#9831,#9832));
#9824 = ORIENTED_EDGE('',*,*,#2616,.T.);
#9825 = ORIENTED_EDGE('',*,*,#9826,.T.);
#9826 = EDGE_CURVE('',#2617,#5549,#9827,.T.);
#9827 = LINE('',#9828,#9829);
#9828 = CARTESIAN_POINT('',(149.92,15.465997,-4.6E-02));
#9829 = VECTOR('',#9830,1.);
#9830 = DIRECTION('',(0.,0.,1.));
#9831 = ORIENTED_EDGE('',*,*,#5548,.F.);
#9832 = ORIENTED_EDGE('',*,*,#9826,.F.);
#9833 = CYLINDRICAL_SURFACE('',#9834,0.5);
#9834 = AXIS2_PLACEMENT_3D('',#9835,#9836,#9837);
#9835 = CARTESIAN_POINT('',(149.92,15.965997,-4.6E-02));
#9836 = DIRECTION('',(-0.,-0.,-1.));
#9837 = DIRECTION('',(-0.,-1.,0.));
#9838 = ADVANCED_FACE('',(#9839),#9850,.F.);
#9839 = FACE_BOUND('',#9840,.T.);
#9840 = EDGE_LOOP('',(#9841,#9842,#9848,#9849));
#9841 = ORIENTED_EDGE('',*,*,#2627,.T.);
#9842 = ORIENTED_EDGE('',*,*,#9843,.T.);
#9843 = EDGE_CURVE('',#2628,#5560,#9844,.T.);
#9844 = LINE('',#9845,#9846);
#9845 = CARTESIAN_POINT('',(144.84,19.445997,-4.6E-02));
#9846 = VECTOR('',#9847,1.);
#9847 = DIRECTION('',(0.,0.,1.));
#9848 = ORIENTED_EDGE('',*,*,#5559,.F.);
#9849 = ORIENTED_EDGE('',*,*,#9843,.F.);
#9850 = CYLINDRICAL_SURFACE('',#9851,1.6);
#9851 = AXIS2_PLACEMENT_3D('',#9852,#9853,#9854);
#9852 = CARTESIAN_POINT('',(144.84,21.045997,-4.6E-02));
#9853 = DIRECTION('',(-0.,-0.,-1.));
#9854 = DIRECTION('',(-0.,-1.,0.));
#9855 = ADVANCED_FACE('',(#9856),#9867,.F.);
#9856 = FACE_BOUND('',#9857,.T.);
#9857 = EDGE_LOOP('',(#9858,#9859,#9865,#9866));
#9858 = ORIENTED_EDGE('',*,*,#2638,.T.);
#9859 = ORIENTED_EDGE('',*,*,#9860,.T.);
#9860 = EDGE_CURVE('',#2639,#5571,#9861,.T.);
#9861 = LINE('',#9862,#9863);
#9862 = CARTESIAN_POINT('',(149.92,18.005997,-4.6E-02));
#9863 = VECTOR('',#9864,1.);
#9864 = DIRECTION('',(0.,0.,1.));
#9865 = ORIENTED_EDGE('',*,*,#5570,.F.);
#9866 = ORIENTED_EDGE('',*,*,#9860,.F.);
#9867 = CYLINDRICAL_SURFACE('',#9868,0.5);
#9868 = AXIS2_PLACEMENT_3D('',#9869,#9870,#9871);
#9869 = CARTESIAN_POINT('',(149.92,18.505997,-4.6E-02));
#9870 = DIRECTION('',(-0.,-0.,-1.));
#9871 = DIRECTION('',(-0.,-1.,0.));
#9872 = ADVANCED_FACE('',(#9873),#9884,.F.);
#9873 = FACE_BOUND('',#9874,.T.);
#9874 = EDGE_LOOP('',(#9875,#9876,#9882,#9883));
#9875 = ORIENTED_EDGE('',*,*,#2649,.T.);
#9876 = ORIENTED_EDGE('',*,*,#9877,.T.);
#9877 = EDGE_CURVE('',#2650,#5582,#9878,.T.);
#9878 = LINE('',#9879,#9880);
#9879 = CARTESIAN_POINT('',(136.512,25.925997,-4.6E-02));
#9880 = VECTOR('',#9881,1.);
#9881 = DIRECTION('',(0.,0.,1.));
#9882 = ORIENTED_EDGE('',*,*,#5581,.F.);
#9883 = ORIENTED_EDGE('',*,*,#9877,.F.);
#9884 = CYLINDRICAL_SURFACE('',#9885,0.5);
#9885 = AXIS2_PLACEMENT_3D('',#9886,#9887,#9888);
#9886 = CARTESIAN_POINT('',(136.512,26.425997,-4.6E-02));
#9887 = DIRECTION('',(-0.,-0.,-1.));
#9888 = DIRECTION('',(-0.,-1.,0.));
#9889 = ADVANCED_FACE('',(#9890),#9901,.F.);
#9890 = FACE_BOUND('',#9891,.T.);
#9891 = EDGE_LOOP('',(#9892,#9893,#9899,#9900));
#9892 = ORIENTED_EDGE('',*,*,#2660,.T.);
#9893 = ORIENTED_EDGE('',*,*,#9894,.T.);
#9894 = EDGE_CURVE('',#2661,#5593,#9895,.T.);
#9895 = LINE('',#9896,#9897);
#9896 = CARTESIAN_POINT('',(148.712,25.775997,-4.6E-02));
#9897 = VECTOR('',#9898,1.);
#9898 = DIRECTION('',(0.,0.,1.));
#9899 = ORIENTED_EDGE('',*,*,#5592,.F.);
#9900 = ORIENTED_EDGE('',*,*,#9894,.F.);
#9901 = CYLINDRICAL_SURFACE('',#9902,0.65);
#9902 = AXIS2_PLACEMENT_3D('',#9903,#9904,#9905);
#9903 = CARTESIAN_POINT('',(148.712,26.425997,-4.6E-02));
#9904 = DIRECTION('',(-0.,-0.,-1.));
#9905 = DIRECTION('',(-0.,-1.,0.));
#9906 = ADVANCED_FACE('',(#9907),#9918,.F.);
#9907 = FACE_BOUND('',#9908,.T.);
#9908 = EDGE_LOOP('',(#9909,#9910,#9916,#9917));
#9909 = ORIENTED_EDGE('',*,*,#2671,.T.);
#9910 = ORIENTED_EDGE('',*,*,#9911,.T.);
#9911 = EDGE_CURVE('',#2672,#5604,#9912,.T.);
#9912 = LINE('',#9913,#9914);
#9913 = CARTESIAN_POINT('',(123.25,32.473997,-4.6E-02));
#9914 = VECTOR('',#9915,1.);
#9915 = DIRECTION('',(0.,0.,1.));
#9916 = ORIENTED_EDGE('',*,*,#5603,.F.);
#9917 = ORIENTED_EDGE('',*,*,#9911,.F.);
#9918 = CYLINDRICAL_SURFACE('',#9919,0.51);
#9919 = AXIS2_PLACEMENT_3D('',#9920,#9921,#9922);
#9920 = CARTESIAN_POINT('',(123.25,32.983997,-4.6E-02));
#9921 = DIRECTION('',(-0.,-0.,-1.));
#9922 = DIRECTION('',(-0.,-1.,0.));
#9923 = ADVANCED_FACE('',(#9924),#9935,.F.);
#9924 = FACE_BOUND('',#9925,.T.);
#9925 = EDGE_LOOP('',(#9926,#9927,#9933,#9934));
#9926 = ORIENTED_EDGE('',*,*,#2682,.T.);
#9927 = ORIENTED_EDGE('',*,*,#9928,.T.);
#9928 = EDGE_CURVE('',#2683,#5615,#9929,.T.);
#9929 = LINE('',#9930,#9931);
#9930 = CARTESIAN_POINT('',(128.712,27.757997,-4.6E-02));
#9931 = VECTOR('',#9932,1.);
#9932 = DIRECTION('',(0.,0.,1.));
#9933 = ORIENTED_EDGE('',*,*,#5614,.F.);
#9934 = ORIENTED_EDGE('',*,*,#9928,.F.);
#9935 = CYLINDRICAL_SURFACE('',#9936,0.4);
#9936 = AXIS2_PLACEMENT_3D('',#9937,#9938,#9939);
#9937 = CARTESIAN_POINT('',(128.712,28.157997,-4.6E-02));
#9938 = DIRECTION('',(-0.,-0.,-1.));
#9939 = DIRECTION('',(-0.,-1.,0.));
#9940 = ADVANCED_FACE('',(#9941),#9952,.F.);
#9941 = FACE_BOUND('',#9942,.T.);
#9942 = EDGE_LOOP('',(#9943,#9944,#9950,#9951));
#9943 = ORIENTED_EDGE('',*,*,#2693,.T.);
#9944 = ORIENTED_EDGE('',*,*,#9945,.T.);
#9945 = EDGE_CURVE('',#2694,#5626,#9946,.T.);
#9946 = LINE('',#9947,#9948);
#9947 = CARTESIAN_POINT('',(123.25,35.013997,-4.6E-02));
#9948 = VECTOR('',#9949,1.);
#9949 = DIRECTION('',(0.,0.,1.));
#9950 = ORIENTED_EDGE('',*,*,#5625,.F.);
#9951 = ORIENTED_EDGE('',*,*,#9945,.F.);
#9952 = CYLINDRICAL_SURFACE('',#9953,0.51);
#9953 = AXIS2_PLACEMENT_3D('',#9954,#9955,#9956);
#9954 = CARTESIAN_POINT('',(123.25,35.523997,-4.6E-02));
#9955 = DIRECTION('',(-0.,-0.,-1.));
#9956 = DIRECTION('',(-0.,-1.,0.));
#9957 = ADVANCED_FACE('',(#9958),#9969,.F.);
#9958 = FACE_BOUND('',#9959,.T.);
#9959 = EDGE_LOOP('',(#9960,#9961,#9967,#9968));
#9960 = ORIENTED_EDGE('',*,*,#2704,.T.);
#9961 = ORIENTED_EDGE('',*,*,#9962,.T.);
#9962 = EDGE_CURVE('',#2705,#5637,#9963,.T.);
#9963 = LINE('',#9964,#9965);
#9964 = CARTESIAN_POINT('',(123.25,37.553997,-4.6E-02));
#9965 = VECTOR('',#9966,1.);
#9966 = DIRECTION('',(0.,0.,1.));
#9967 = ORIENTED_EDGE('',*,*,#5636,.F.);
#9968 = ORIENTED_EDGE('',*,*,#9962,.F.);
#9969 = CYLINDRICAL_SURFACE('',#9970,0.51);
#9970 = AXIS2_PLACEMENT_3D('',#9971,#9972,#9973);
#9971 = CARTESIAN_POINT('',(123.25,38.063997,-4.6E-02));
#9972 = DIRECTION('',(-0.,-0.,-1.));
#9973 = DIRECTION('',(-0.,-1.,0.));
#9974 = ADVANCED_FACE('',(#9975),#9986,.F.);
#9975 = FACE_BOUND('',#9976,.T.);
#9976 = EDGE_LOOP('',(#9977,#9978,#9984,#9985));
#9977 = ORIENTED_EDGE('',*,*,#2715,.T.);
#9978 = ORIENTED_EDGE('',*,*,#9979,.T.);
#9979 = EDGE_CURVE('',#2716,#5648,#9980,.T.);
#9980 = LINE('',#9981,#9982);
#9981 = CARTESIAN_POINT('',(125.41,34.973997,-4.6E-02));
#9982 = VECTOR('',#9983,1.);
#9983 = DIRECTION('',(0.,0.,1.));
#9984 = ORIENTED_EDGE('',*,*,#5647,.F.);
#9985 = ORIENTED_EDGE('',*,*,#9979,.F.);
#9986 = CYLINDRICAL_SURFACE('',#9987,0.55);
#9987 = AXIS2_PLACEMENT_3D('',#9988,#9989,#9990);
#9988 = CARTESIAN_POINT('',(125.41,35.523997,-4.6E-02));
#9989 = DIRECTION('',(-0.,-0.,-1.));
#9990 = DIRECTION('',(-0.,-1.,0.));
#9991 = ADVANCED_FACE('',(#9992),#10003,.F.);
#9992 = FACE_BOUND('',#9993,.T.);
#9993 = EDGE_LOOP('',(#9994,#9995,#10001,#10002));
#9994 = ORIENTED_EDGE('',*,*,#2726,.T.);
#9995 = ORIENTED_EDGE('',*,*,#9996,.T.);
#9996 = EDGE_CURVE('',#2727,#5659,#9997,.T.);
#9997 = LINE('',#9998,#9999);
#9998 = CARTESIAN_POINT('',(128.712,37.917997,-4.6E-02));
#9999 = VECTOR('',#10000,1.);
#10000 = DIRECTION('',(0.,0.,1.));
#10001 = ORIENTED_EDGE('',*,*,#5658,.F.);
#10002 = ORIENTED_EDGE('',*,*,#9996,.F.);
#10003 = CYLINDRICAL_SURFACE('',#10004,0.4);
#10004 = AXIS2_PLACEMENT_3D('',#10005,#10006,#10007);
#10005 = CARTESIAN_POINT('',(128.712,38.317997,-4.6E-02));
#10006 = DIRECTION('',(-0.,-0.,-1.));
#10007 = DIRECTION('',(-0.,-1.,0.));
#10008 = ADVANCED_FACE('',(#10009),#10020,.F.);
#10009 = FACE_BOUND('',#10010,.T.);
#10010 = EDGE_LOOP('',(#10011,#10012,#10018,#10019));
#10011 = ORIENTED_EDGE('',*,*,#2737,.T.);
#10012 = ORIENTED_EDGE('',*,*,#10013,.T.);
#10013 = EDGE_CURVE('',#2738,#5670,#10014,.T.);
#10014 = LINE('',#10015,#10016);
#10015 = CARTESIAN_POINT('',(134.562,31.825997,-4.6E-02));
#10016 = VECTOR('',#10017,1.);
#10017 = DIRECTION('',(0.,0.,1.));
#10018 = ORIENTED_EDGE('',*,*,#5669,.F.);
#10019 = ORIENTED_EDGE('',*,*,#10013,.F.);
#10020 = CYLINDRICAL_SURFACE('',#10021,0.65);
#10021 = AXIS2_PLACEMENT_3D('',#10022,#10023,#10024);
#10022 = CARTESIAN_POINT('',(134.562,32.475997,-4.6E-02));
#10023 = DIRECTION('',(-0.,-0.,-1.));
#10024 = DIRECTION('',(-0.,-1.,0.));
#10025 = ADVANCED_FACE('',(#10026),#10037,.F.);
#10026 = FACE_BOUND('',#10027,.T.);
#10027 = EDGE_LOOP('',(#10028,#10029,#10035,#10036));
#10028 = ORIENTED_EDGE('',*,*,#2748,.T.);
#10029 = ORIENTED_EDGE('',*,*,#10030,.T.);
#10030 = EDGE_CURVE('',#2749,#5681,#10031,.T.);
#10031 = LINE('',#10032,#10033);
#10032 = CARTESIAN_POINT('',(136.512,37.925997,-4.6E-02));
#10033 = VECTOR('',#10034,1.);
#10034 = DIRECTION('',(0.,0.,1.));
#10035 = ORIENTED_EDGE('',*,*,#5680,.F.);
#10036 = ORIENTED_EDGE('',*,*,#10030,.F.);
#10037 = CYLINDRICAL_SURFACE('',#10038,0.5);
#10038 = AXIS2_PLACEMENT_3D('',#10039,#10040,#10041);
#10039 = CARTESIAN_POINT('',(136.512,38.425997,-4.6E-02));
#10040 = DIRECTION('',(-0.,-0.,-1.));
#10041 = DIRECTION('',(-0.,-1.,0.));
#10042 = ADVANCED_FACE('',(#10043),#10054,.F.);
#10043 = FACE_BOUND('',#10044,.T.);
#10044 = EDGE_LOOP('',(#10045,#10046,#10052,#10053));
#10045 = ORIENTED_EDGE('',*,*,#2759,.T.);
#10046 = ORIENTED_EDGE('',*,*,#10047,.T.);
#10047 = EDGE_CURVE('',#2760,#5692,#10048,.T.);
#10048 = LINE('',#10049,#10050);
#10049 = CARTESIAN_POINT('',(148.762,37.825997,-4.6E-02));
#10050 = VECTOR('',#10051,1.);
#10051 = DIRECTION('',(0.,0.,1.));
#10052 = ORIENTED_EDGE('',*,*,#5691,.F.);
#10053 = ORIENTED_EDGE('',*,*,#10047,.F.);
#10054 = CYLINDRICAL_SURFACE('',#10055,0.65);
#10055 = AXIS2_PLACEMENT_3D('',#10056,#10057,#10058);
#10056 = CARTESIAN_POINT('',(148.762,38.475997,-4.6E-02));
#10057 = DIRECTION('',(-0.,-0.,-1.));
#10058 = DIRECTION('',(-0.,-1.,0.));
#10059 = ADVANCED_FACE('',(#10060),#10071,.F.);
#10060 = FACE_BOUND('',#10061,.T.);
#10061 = EDGE_LOOP('',(#10062,#10063,#10069,#10070));
#10062 = ORIENTED_EDGE('',*,*,#2770,.T.);
#10063 = ORIENTED_EDGE('',*,*,#10064,.T.);
#10064 = EDGE_CURVE('',#2771,#5703,#10065,.T.);
#10065 = LINE('',#10066,#10067);
#10066 = CARTESIAN_POINT('',(90.484,43.459997,-4.6E-02));
#10067 = VECTOR('',#10068,1.);
#10068 = DIRECTION('',(0.,0.,1.));
#10069 = ORIENTED_EDGE('',*,*,#5702,.F.);
#10070 = ORIENTED_EDGE('',*,*,#10064,.F.);
#10071 = CYLINDRICAL_SURFACE('',#10072,0.7);
#10072 = AXIS2_PLACEMENT_3D('',#10073,#10074,#10075);
#10073 = CARTESIAN_POINT('',(90.484,44.159997,-4.6E-02));
#10074 = DIRECTION('',(-0.,-0.,-1.));
#10075 = DIRECTION('',(-2.030122102172E-14,-1.,0.));
#10076 = ADVANCED_FACE('',(#10077),#10088,.F.);
#10077 = FACE_BOUND('',#10078,.T.);
#10078 = EDGE_LOOP('',(#10079,#10080,#10086,#10087));
#10079 = ORIENTED_EDGE('',*,*,#2781,.T.);
#10080 = ORIENTED_EDGE('',*,*,#10081,.T.);
#10081 = EDGE_CURVE('',#2782,#5714,#10082,.T.);
#10082 = LINE('',#10083,#10084);
#10083 = CARTESIAN_POINT('',(107.628,40.093997,-4.6E-02));
#10084 = VECTOR('',#10085,1.);
#10085 = DIRECTION('',(0.,0.,1.));
#10086 = ORIENTED_EDGE('',*,*,#5713,.F.);
#10087 = ORIENTED_EDGE('',*,*,#10081,.F.);
#10088 = CYLINDRICAL_SURFACE('',#10089,0.51);
#10089 = AXIS2_PLACEMENT_3D('',#10090,#10091,#10092);
#10090 = CARTESIAN_POINT('',(107.628,40.603997,-4.6E-02));
#10091 = DIRECTION('',(-0.,-0.,-1.));
#10092 = DIRECTION('',(-0.,-1.,0.));
#10093 = ADVANCED_FACE('',(#10094),#10105,.F.);
#10094 = FACE_BOUND('',#10095,.T.);
#10095 = EDGE_LOOP('',(#10096,#10097,#10103,#10104));
#10096 = ORIENTED_EDGE('',*,*,#2792,.T.);
#10097 = ORIENTED_EDGE('',*,*,#10098,.T.);
#10098 = EDGE_CURVE('',#2793,#5725,#10099,.T.);
#10099 = LINE('',#10100,#10101);
#10100 = CARTESIAN_POINT('',(82.351333,53.833997,-4.6E-02));
#10101 = VECTOR('',#10102,1.);
#10102 = DIRECTION('',(0.,0.,1.));
#10103 = ORIENTED_EDGE('',*,*,#5724,.F.);
#10104 = ORIENTED_EDGE('',*,*,#10098,.F.);
#10105 = CYLINDRICAL_SURFACE('',#10106,1.);
#10106 = AXIS2_PLACEMENT_3D('',#10107,#10108,#10109);
#10107 = CARTESIAN_POINT('',(82.351333,54.833997,-4.6E-02));
#10108 = DIRECTION('',(-0.,-0.,-1.));
#10109 = DIRECTION('',(-0.,-1.,0.));
#10110 = ADVANCED_FACE('',(#10111),#10122,.F.);
#10111 = FACE_BOUND('',#10112,.T.);
#10112 = EDGE_LOOP('',(#10113,#10114,#10120,#10121));
#10113 = ORIENTED_EDGE('',*,*,#2803,.T.);
#10114 = ORIENTED_EDGE('',*,*,#10115,.T.);
#10115 = EDGE_CURVE('',#2804,#5736,#10116,.T.);
#10116 = LINE('',#10117,#10118);
#10117 = CARTESIAN_POINT('',(87.351333,53.833997,-4.6E-02));
#10118 = VECTOR('',#10119,1.);
#10119 = DIRECTION('',(0.,0.,1.));
#10120 = ORIENTED_EDGE('',*,*,#5735,.F.);
#10121 = ORIENTED_EDGE('',*,*,#10115,.F.);
#10122 = CYLINDRICAL_SURFACE('',#10123,1.);
#10123 = AXIS2_PLACEMENT_3D('',#10124,#10125,#10126);
#10124 = CARTESIAN_POINT('',(87.351333,54.833997,-4.6E-02));
#10125 = DIRECTION('',(-0.,-0.,-1.));
#10126 = DIRECTION('',(-0.,-1.,0.));
#10127 = ADVANCED_FACE('',(#10128),#10139,.F.);
#10128 = FACE_BOUND('',#10129,.T.);
#10129 = EDGE_LOOP('',(#10130,#10131,#10137,#10138));
#10130 = ORIENTED_EDGE('',*,*,#2814,.T.);
#10131 = ORIENTED_EDGE('',*,*,#10132,.T.);
#10132 = EDGE_CURVE('',#2815,#5747,#10133,.T.);
#10133 = LINE('',#10134,#10135);
#10134 = CARTESIAN_POINT('',(92.351333,53.833997,-4.6E-02));
#10135 = VECTOR('',#10136,1.);
#10136 = DIRECTION('',(0.,0.,1.));
#10137 = ORIENTED_EDGE('',*,*,#5746,.F.);
#10138 = ORIENTED_EDGE('',*,*,#10132,.F.);
#10139 = CYLINDRICAL_SURFACE('',#10140,1.);
#10140 = AXIS2_PLACEMENT_3D('',#10141,#10142,#10143);
#10141 = CARTESIAN_POINT('',(92.351333,54.833997,-4.6E-02));
#10142 = DIRECTION('',(-0.,-0.,-1.));
#10143 = DIRECTION('',(-0.,-1.,0.));
#10144 = ADVANCED_FACE('',(#10145),#10156,.F.);
#10145 = FACE_BOUND('',#10146,.T.);
#10146 = EDGE_LOOP('',(#10147,#10148,#10154,#10155));
#10147 = ORIENTED_EDGE('',*,*,#2825,.T.);
#10148 = ORIENTED_EDGE('',*,*,#10149,.T.);
#10149 = EDGE_CURVE('',#2826,#5758,#10150,.T.);
#10150 = LINE('',#10151,#10152);
#10151 = CARTESIAN_POINT('',(82.351333,60.933997,-4.6E-02));
#10152 = VECTOR('',#10153,1.);
#10153 = DIRECTION('',(0.,0.,1.));
#10154 = ORIENTED_EDGE('',*,*,#5757,.F.);
#10155 = ORIENTED_EDGE('',*,*,#10149,.F.);
#10156 = CYLINDRICAL_SURFACE('',#10157,1.);
#10157 = AXIS2_PLACEMENT_3D('',#10158,#10159,#10160);
#10158 = CARTESIAN_POINT('',(82.351333,61.933997,-4.6E-02));
#10159 = DIRECTION('',(-0.,-0.,-1.));
#10160 = DIRECTION('',(-0.,-1.,0.));
#10161 = ADVANCED_FACE('',(#10162),#10173,.F.);
#10162 = FACE_BOUND('',#10163,.T.);
#10163 = EDGE_LOOP('',(#10164,#10165,#10171,#10172));
#10164 = ORIENTED_EDGE('',*,*,#2836,.T.);
#10165 = ORIENTED_EDGE('',*,*,#10166,.T.);
#10166 = EDGE_CURVE('',#2837,#5769,#10167,.T.);
#10167 = LINE('',#10168,#10169);
#10168 = CARTESIAN_POINT('',(87.351333,60.933997,-4.6E-02));
#10169 = VECTOR('',#10170,1.);
#10170 = DIRECTION('',(0.,0.,1.));
#10171 = ORIENTED_EDGE('',*,*,#5768,.F.);
#10172 = ORIENTED_EDGE('',*,*,#10166,.F.);
#10173 = CYLINDRICAL_SURFACE('',#10174,1.);
#10174 = AXIS2_PLACEMENT_3D('',#10175,#10176,#10177);
#10175 = CARTESIAN_POINT('',(87.351333,61.933997,-4.6E-02));
#10176 = DIRECTION('',(-0.,-0.,-1.));
#10177 = DIRECTION('',(-0.,-1.,0.));
#10178 = ADVANCED_FACE('',(#10179),#10190,.F.);
#10179 = FACE_BOUND('',#10180,.T.);
#10180 = EDGE_LOOP('',(#10181,#10182,#10188,#10189));
#10181 = ORIENTED_EDGE('',*,*,#2847,.T.);
#10182 = ORIENTED_EDGE('',*,*,#10183,.T.);
#10183 = EDGE_CURVE('',#2848,#5780,#10184,.T.);
#10184 = LINE('',#10185,#10186);
#10185 = CARTESIAN_POINT('',(92.351333,60.933997,-4.6E-02));
#10186 = VECTOR('',#10187,1.);
#10187 = DIRECTION('',(0.,0.,1.));
#10188 = ORIENTED_EDGE('',*,*,#5779,.F.);
#10189 = ORIENTED_EDGE('',*,*,#10183,.F.);
#10190 = CYLINDRICAL_SURFACE('',#10191,1.);
#10191 = AXIS2_PLACEMENT_3D('',#10192,#10193,#10194);
#10192 = CARTESIAN_POINT('',(92.351333,61.933997,-4.6E-02));
#10193 = DIRECTION('',(-0.,-0.,-1.));
#10194 = DIRECTION('',(-0.,-1.,0.));
#10195 = ADVANCED_FACE('',(#10196),#10207,.F.);
#10196 = FACE_BOUND('',#10197,.T.);
#10197 = EDGE_LOOP('',(#10198,#10199,#10205,#10206));
#10198 = ORIENTED_EDGE('',*,*,#2858,.T.);
#10199 = ORIENTED_EDGE('',*,*,#10200,.T.);
#10200 = EDGE_CURVE('',#2859,#5791,#10201,.T.);
#10201 = LINE('',#10202,#10203);
#10202 = CARTESIAN_POINT('',(99.2,53.833997,-4.6E-02));
#10203 = VECTOR('',#10204,1.);
#10204 = DIRECTION('',(0.,0.,1.));
#10205 = ORIENTED_EDGE('',*,*,#5790,.F.);
#10206 = ORIENTED_EDGE('',*,*,#10200,.F.);
#10207 = CYLINDRICAL_SURFACE('',#10208,1.);
#10208 = AXIS2_PLACEMENT_3D('',#10209,#10210,#10211);
#10209 = CARTESIAN_POINT('',(99.2,54.833997,-4.6E-02));
#10210 = DIRECTION('',(-0.,-0.,-1.));
#10211 = DIRECTION('',(-0.,-1.,0.));
#10212 = ADVANCED_FACE('',(#10213),#10224,.F.);
#10213 = FACE_BOUND('',#10214,.T.);
#10214 = EDGE_LOOP('',(#10215,#10216,#10222,#10223));
#10215 = ORIENTED_EDGE('',*,*,#2869,.T.);
#10216 = ORIENTED_EDGE('',*,*,#10217,.T.);
#10217 = EDGE_CURVE('',#2870,#5802,#10218,.T.);
#10218 = LINE('',#10219,#10220);
#10219 = CARTESIAN_POINT('',(104.2,53.833997,-4.6E-02));
#10220 = VECTOR('',#10221,1.);
#10221 = DIRECTION('',(0.,0.,1.));
#10222 = ORIENTED_EDGE('',*,*,#5801,.F.);
#10223 = ORIENTED_EDGE('',*,*,#10217,.F.);
#10224 = CYLINDRICAL_SURFACE('',#10225,1.);
#10225 = AXIS2_PLACEMENT_3D('',#10226,#10227,#10228);
#10226 = CARTESIAN_POINT('',(104.2,54.833997,-4.6E-02));
#10227 = DIRECTION('',(-0.,-0.,-1.));
#10228 = DIRECTION('',(-0.,-1.,0.));
#10229 = ADVANCED_FACE('',(#10230),#10241,.F.);
#10230 = FACE_BOUND('',#10231,.T.);
#10231 = EDGE_LOOP('',(#10232,#10233,#10239,#10240));
#10232 = ORIENTED_EDGE('',*,*,#2880,.T.);
#10233 = ORIENTED_EDGE('',*,*,#10234,.T.);
#10234 = EDGE_CURVE('',#2881,#5813,#10235,.T.);
#10235 = LINE('',#10236,#10237);
#10236 = CARTESIAN_POINT('',(109.2,53.833997,-4.6E-02));
#10237 = VECTOR('',#10238,1.);
#10238 = DIRECTION('',(0.,0.,1.));
#10239 = ORIENTED_EDGE('',*,*,#5812,.F.);
#10240 = ORIENTED_EDGE('',*,*,#10234,.F.);
#10241 = CYLINDRICAL_SURFACE('',#10242,1.);
#10242 = AXIS2_PLACEMENT_3D('',#10243,#10244,#10245);
#10243 = CARTESIAN_POINT('',(109.2,54.833997,-4.6E-02));
#10244 = DIRECTION('',(-0.,-0.,-1.));
#10245 = DIRECTION('',(-0.,-1.,0.));
#10246 = ADVANCED_FACE('',(#10247),#10258,.F.);
#10247 = FACE_BOUND('',#10248,.T.);
#10248 = EDGE_LOOP('',(#10249,#10250,#10256,#10257));
#10249 = ORIENTED_EDGE('',*,*,#2891,.T.);
#10250 = ORIENTED_EDGE('',*,*,#10251,.T.);
#10251 = EDGE_CURVE('',#2892,#5824,#10252,.T.);
#10252 = LINE('',#10253,#10254);
#10253 = CARTESIAN_POINT('',(114.68,55.547997,-4.6E-02));
#10254 = VECTOR('',#10255,1.);
#10255 = DIRECTION('',(0.,0.,1.));
#10256 = ORIENTED_EDGE('',*,*,#5823,.F.);
#10257 = ORIENTED_EDGE('',*,*,#10251,.F.);
#10258 = CYLINDRICAL_SURFACE('',#10259,0.55);
#10259 = AXIS2_PLACEMENT_3D('',#10260,#10261,#10262);
#10260 = CARTESIAN_POINT('',(114.68,56.097997,-4.6E-02));
#10261 = DIRECTION('',(-0.,-0.,-1.));
#10262 = DIRECTION('',(-0.,-1.,0.));
#10263 = ADVANCED_FACE('',(#10264),#10275,.F.);
#10264 = FACE_BOUND('',#10265,.T.);
#10265 = EDGE_LOOP('',(#10266,#10267,#10273,#10274));
#10266 = ORIENTED_EDGE('',*,*,#2902,.T.);
#10267 = ORIENTED_EDGE('',*,*,#10268,.T.);
#10268 = EDGE_CURVE('',#2903,#5835,#10269,.T.);
#10269 = LINE('',#10270,#10271);
#10270 = CARTESIAN_POINT('',(99.2,60.933997,-4.6E-02));
#10271 = VECTOR('',#10272,1.);
#10272 = DIRECTION('',(0.,0.,1.));
#10273 = ORIENTED_EDGE('',*,*,#5834,.F.);
#10274 = ORIENTED_EDGE('',*,*,#10268,.F.);
#10275 = CYLINDRICAL_SURFACE('',#10276,1.);
#10276 = AXIS2_PLACEMENT_3D('',#10277,#10278,#10279);
#10277 = CARTESIAN_POINT('',(99.2,61.933997,-4.6E-02));
#10278 = DIRECTION('',(-0.,-0.,-1.));
#10279 = DIRECTION('',(-0.,-1.,0.));
#10280 = ADVANCED_FACE('',(#10281),#10292,.F.);
#10281 = FACE_BOUND('',#10282,.T.);
#10282 = EDGE_LOOP('',(#10283,#10284,#10290,#10291));
#10283 = ORIENTED_EDGE('',*,*,#2913,.T.);
#10284 = ORIENTED_EDGE('',*,*,#10285,.T.);
#10285 = EDGE_CURVE('',#2914,#5846,#10286,.T.);
#10286 = LINE('',#10287,#10288);
#10287 = CARTESIAN_POINT('',(104.2,60.933997,-4.6E-02));
#10288 = VECTOR('',#10289,1.);
#10289 = DIRECTION('',(0.,0.,1.));
#10290 = ORIENTED_EDGE('',*,*,#5845,.F.);
#10291 = ORIENTED_EDGE('',*,*,#10285,.F.);
#10292 = CYLINDRICAL_SURFACE('',#10293,1.);
#10293 = AXIS2_PLACEMENT_3D('',#10294,#10295,#10296);
#10294 = CARTESIAN_POINT('',(104.2,61.933997,-4.6E-02));
#10295 = DIRECTION('',(-0.,-0.,-1.));
#10296 = DIRECTION('',(-0.,-1.,0.));
#10297 = ADVANCED_FACE('',(#10298),#10309,.F.);
#10298 = FACE_BOUND('',#10299,.T.);
#10299 = EDGE_LOOP('',(#10300,#10301,#10307,#10308));
#10300 = ORIENTED_EDGE('',*,*,#2924,.T.);
#10301 = ORIENTED_EDGE('',*,*,#10302,.T.);
#10302 = EDGE_CURVE('',#2925,#5857,#10303,.T.);
#10303 = LINE('',#10304,#10305);
#10304 = CARTESIAN_POINT('',(109.2,60.933997,-4.6E-02));
#10305 = VECTOR('',#10306,1.);
#10306 = DIRECTION('',(0.,0.,1.));
#10307 = ORIENTED_EDGE('',*,*,#5856,.F.);
#10308 = ORIENTED_EDGE('',*,*,#10302,.F.);
#10309 = CYLINDRICAL_SURFACE('',#10310,1.);
#10310 = AXIS2_PLACEMENT_3D('',#10311,#10312,#10313);
#10311 = CARTESIAN_POINT('',(109.2,61.933997,-4.6E-02));
#10312 = DIRECTION('',(-0.,-0.,-1.));
#10313 = DIRECTION('',(-0.,-1.,0.));
#10314 = ADVANCED_FACE('',(#10315),#10326,.F.);
#10315 = FACE_BOUND('',#10316,.T.);
#10316 = EDGE_LOOP('',(#10317,#10318,#10324,#10325));
#10317 = ORIENTED_EDGE('',*,*,#2935,.T.);
#10318 = ORIENTED_EDGE('',*,*,#10319,.T.);
#10319 = EDGE_CURVE('',#2936,#5868,#10320,.T.);
#10320 = LINE('',#10321,#10322);
#10321 = CARTESIAN_POINT('',(114.68,60.627997,-4.6E-02));
#10322 = VECTOR('',#10323,1.);
#10323 = DIRECTION('',(0.,0.,1.));
#10324 = ORIENTED_EDGE('',*,*,#5867,.F.);
#10325 = ORIENTED_EDGE('',*,*,#10319,.F.);
#10326 = CYLINDRICAL_SURFACE('',#10327,0.55);
#10327 = AXIS2_PLACEMENT_3D('',#10328,#10329,#10330);
#10328 = CARTESIAN_POINT('',(114.68,61.177997,-4.6E-02));
#10329 = DIRECTION('',(-0.,-0.,-1.));
#10330 = DIRECTION('',(-0.,-1.,0.));
#10331 = ADVANCED_FACE('',(#10332),#10343,.F.);
#10332 = FACE_BOUND('',#10333,.T.);
#10333 = EDGE_LOOP('',(#10334,#10335,#10341,#10342));
#10334 = ORIENTED_EDGE('',*,*,#2946,.T.);
#10335 = ORIENTED_EDGE('',*,*,#10336,.T.);
#10336 = EDGE_CURVE('',#2947,#5879,#10337,.T.);
#10337 = LINE('',#10338,#10339);
#10338 = CARTESIAN_POINT('',(123.25,40.093997,-4.6E-02));
#10339 = VECTOR('',#10340,1.);
#10340 = DIRECTION('',(0.,0.,1.));
#10341 = ORIENTED_EDGE('',*,*,#5878,.F.);
#10342 = ORIENTED_EDGE('',*,*,#10336,.F.);
#10343 = CYLINDRICAL_SURFACE('',#10344,0.51);
#10344 = AXIS2_PLACEMENT_3D('',#10345,#10346,#10347);
#10345 = CARTESIAN_POINT('',(123.25,40.603997,-4.6E-02));
#10346 = DIRECTION('',(-0.,-0.,-1.));
#10347 = DIRECTION('',(-0.,-1.,0.));
#10348 = ADVANCED_FACE('',(#10349),#10360,.F.);
#10349 = FACE_BOUND('',#10350,.T.);
#10350 = EDGE_LOOP('',(#10351,#10352,#10358,#10359));
#10351 = ORIENTED_EDGE('',*,*,#2957,.T.);
#10352 = ORIENTED_EDGE('',*,*,#10353,.T.);
#10353 = EDGE_CURVE('',#2958,#5890,#10354,.T.);
#10354 = LINE('',#10355,#10356);
#10355 = CARTESIAN_POINT('',(133.426,46.895997,-4.6E-02));
#10356 = VECTOR('',#10357,1.);
#10357 = DIRECTION('',(0.,0.,1.));
#10358 = ORIENTED_EDGE('',*,*,#5889,.F.);
#10359 = ORIENTED_EDGE('',*,*,#10353,.F.);
#10360 = CYLINDRICAL_SURFACE('',#10361,0.55);
#10361 = AXIS2_PLACEMENT_3D('',#10362,#10363,#10364);
#10362 = CARTESIAN_POINT('',(133.426,47.445997,-4.6E-02));
#10363 = DIRECTION('',(-0.,-0.,-1.));
#10364 = DIRECTION('',(-0.,-1.,0.));
#10365 = ADVANCED_FACE('',(#10366),#10377,.F.);
#10366 = FACE_BOUND('',#10367,.T.);
#10367 = EDGE_LOOP('',(#10368,#10369,#10375,#10376));
#10368 = ORIENTED_EDGE('',*,*,#2968,.T.);
#10369 = ORIENTED_EDGE('',*,*,#10370,.T.);
#10370 = EDGE_CURVE('',#2969,#5901,#10371,.T.);
#10371 = LINE('',#10372,#10373);
#10372 = CARTESIAN_POINT('',(135.966,46.895997,-4.6E-02));
#10373 = VECTOR('',#10374,1.);
#10374 = DIRECTION('',(0.,0.,1.));
#10375 = ORIENTED_EDGE('',*,*,#5900,.F.);
#10376 = ORIENTED_EDGE('',*,*,#10370,.F.);
#10377 = CYLINDRICAL_SURFACE('',#10378,0.55);
#10378 = AXIS2_PLACEMENT_3D('',#10379,#10380,#10381);
#10379 = CARTESIAN_POINT('',(135.966,47.445997,-4.6E-02));
#10380 = DIRECTION('',(-0.,-0.,-1.));
#10381 = DIRECTION('',(-0.,-1.,0.));
#10382 = ADVANCED_FACE('',(#10383),#10394,.F.);
#10383 = FACE_BOUND('',#10384,.T.);
#10384 = EDGE_LOOP('',(#10385,#10386,#10392,#10393));
#10385 = ORIENTED_EDGE('',*,*,#2979,.T.);
#10386 = ORIENTED_EDGE('',*,*,#10387,.T.);
#10387 = EDGE_CURVE('',#2980,#5912,#10388,.T.);
#10388 = LINE('',#10389,#10390);
#10389 = CARTESIAN_POINT('',(138.506,46.895997,-4.6E-02));
#10390 = VECTOR('',#10391,1.);
#10391 = DIRECTION('',(0.,0.,1.));
#10392 = ORIENTED_EDGE('',*,*,#5911,.F.);
#10393 = ORIENTED_EDGE('',*,*,#10387,.F.);
#10394 = CYLINDRICAL_SURFACE('',#10395,0.55);
#10395 = AXIS2_PLACEMENT_3D('',#10396,#10397,#10398);
#10396 = CARTESIAN_POINT('',(138.506,47.445997,-4.6E-02));
#10397 = DIRECTION('',(-0.,-0.,-1.));
#10398 = DIRECTION('',(-0.,-1.,0.));
#10399 = ADVANCED_FACE('',(#10400),#10411,.F.);
#10400 = FACE_BOUND('',#10401,.T.);
#10401 = EDGE_LOOP('',(#10402,#10403,#10409,#10410));
#10402 = ORIENTED_EDGE('',*,*,#2990,.T.);
#10403 = ORIENTED_EDGE('',*,*,#10404,.T.);
#10404 = EDGE_CURVE('',#2991,#5923,#10405,.T.);
#10405 = LINE('',#10406,#10407);
#10406 = CARTESIAN_POINT('',(149.158,45.875997,-4.6E-02));
#10407 = VECTOR('',#10408,1.);
#10408 = DIRECTION('',(0.,0.,1.));
#10409 = ORIENTED_EDGE('',*,*,#5922,.F.);
#10410 = ORIENTED_EDGE('',*,*,#10404,.F.);
#10411 = CYLINDRICAL_SURFACE('',#10412,0.65);
#10412 = AXIS2_PLACEMENT_3D('',#10413,#10414,#10415);
#10413 = CARTESIAN_POINT('',(149.158,46.525997,-4.6E-02));
#10414 = DIRECTION('',(-0.,-0.,-1.));
#10415 = DIRECTION('',(-4.372570681601E-14,-1.,0.));
#10416 = ADVANCED_FACE('',(#10417),#10428,.F.);
#10417 = FACE_BOUND('',#10418,.T.);
#10418 = EDGE_LOOP('',(#10419,#10420,#10426,#10427));
#10419 = ORIENTED_EDGE('',*,*,#3001,.T.);
#10420 = ORIENTED_EDGE('',*,*,#10421,.T.);
#10421 = EDGE_CURVE('',#3002,#5934,#10422,.T.);
#10422 = LINE('',#10423,#10424);
#10423 = CARTESIAN_POINT('',(131.426,53.395997,-4.6E-02));
#10424 = VECTOR('',#10425,1.);
#10425 = DIRECTION('',(0.,0.,1.));
#10426 = ORIENTED_EDGE('',*,*,#5933,.F.);
#10427 = ORIENTED_EDGE('',*,*,#10421,.F.);
#10428 = CYLINDRICAL_SURFACE('',#10429,0.4);
#10429 = AXIS2_PLACEMENT_3D('',#10430,#10431,#10432);
#10430 = CARTESIAN_POINT('',(131.426,53.795997,-4.6E-02));
#10431 = DIRECTION('',(-0.,-0.,-1.));
#10432 = DIRECTION('',(-0.,-1.,0.));
#10433 = ADVANCED_FACE('',(#10434),#10445,.F.);
#10434 = FACE_BOUND('',#10435,.T.);
#10435 = EDGE_LOOP('',(#10436,#10437,#10443,#10444));
#10436 = ORIENTED_EDGE('',*,*,#3012,.T.);
#10437 = ORIENTED_EDGE('',*,*,#10438,.T.);
#10438 = EDGE_CURVE('',#3013,#5945,#10439,.T.);
#10439 = LINE('',#10440,#10441);
#10440 = CARTESIAN_POINT('',(133.426,53.395997,-4.6E-02));
#10441 = VECTOR('',#10442,1.);
#10442 = DIRECTION('',(0.,0.,1.));
#10443 = ORIENTED_EDGE('',*,*,#5944,.F.);
#10444 = ORIENTED_EDGE('',*,*,#10438,.F.);
#10445 = CYLINDRICAL_SURFACE('',#10446,0.4);
#10446 = AXIS2_PLACEMENT_3D('',#10447,#10448,#10449);
#10447 = CARTESIAN_POINT('',(133.426,53.795997,-4.6E-02));
#10448 = DIRECTION('',(-0.,-0.,-1.));
#10449 = DIRECTION('',(-0.,-1.,0.));
#10450 = ADVANCED_FACE('',(#10451),#10462,.F.);
#10451 = FACE_BOUND('',#10452,.T.);
#10452 = EDGE_LOOP('',(#10453,#10454,#10460,#10461));
#10453 = ORIENTED_EDGE('',*,*,#3023,.T.);
#10454 = ORIENTED_EDGE('',*,*,#10455,.T.);
#10455 = EDGE_CURVE('',#3024,#5956,#10456,.T.);
#10456 = LINE('',#10457,#10458);
#10457 = CARTESIAN_POINT('',(138.506,53.395997,-4.6E-02));
#10458 = VECTOR('',#10459,1.);
#10459 = DIRECTION('',(0.,0.,1.));
#10460 = ORIENTED_EDGE('',*,*,#5955,.F.);
#10461 = ORIENTED_EDGE('',*,*,#10455,.F.);
#10462 = CYLINDRICAL_SURFACE('',#10463,0.4);
#10463 = AXIS2_PLACEMENT_3D('',#10464,#10465,#10466);
#10464 = CARTESIAN_POINT('',(138.506,53.795997,-4.6E-02));
#10465 = DIRECTION('',(-0.,-0.,-1.));
#10466 = DIRECTION('',(-0.,-1.,0.));
#10467 = ADVANCED_FACE('',(#10468),#10479,.F.);
#10468 = FACE_BOUND('',#10469,.T.);
#10469 = EDGE_LOOP('',(#10470,#10471,#10477,#10478));
#10470 = ORIENTED_EDGE('',*,*,#3034,.T.);
#10471 = ORIENTED_EDGE('',*,*,#10472,.T.);
#10472 = EDGE_CURVE('',#3035,#5967,#10473,.T.);
#10473 = LINE('',#10474,#10475);
#10474 = CARTESIAN_POINT('',(140.506,53.395997,-4.6E-02));
#10475 = VECTOR('',#10476,1.);
#10476 = DIRECTION('',(0.,0.,1.));
#10477 = ORIENTED_EDGE('',*,*,#5966,.F.);
#10478 = ORIENTED_EDGE('',*,*,#10472,.F.);
#10479 = CYLINDRICAL_SURFACE('',#10480,0.4);
#10480 = AXIS2_PLACEMENT_3D('',#10481,#10482,#10483);
#10481 = CARTESIAN_POINT('',(140.506,53.795997,-4.6E-02));
#10482 = DIRECTION('',(-0.,-0.,-1.));
#10483 = DIRECTION('',(-0.,-1.,0.));
#10484 = ADVANCED_FACE('',(#10485),#10496,.F.);
#10485 = FACE_BOUND('',#10486,.T.);
#10486 = EDGE_LOOP('',(#10487,#10488,#10494,#10495));
#10487 = ORIENTED_EDGE('',*,*,#3045,.T.);
#10488 = ORIENTED_EDGE('',*,*,#10489,.T.);
#10489 = EDGE_CURVE('',#3046,#5978,#10490,.T.);
#10490 = LINE('',#10491,#10492);
#10491 = CARTESIAN_POINT('',(149.158,50.875997,-4.6E-02));
#10492 = VECTOR('',#10493,1.);
#10493 = DIRECTION('',(0.,0.,1.));
#10494 = ORIENTED_EDGE('',*,*,#5977,.F.);
#10495 = ORIENTED_EDGE('',*,*,#10489,.F.);
#10496 = CYLINDRICAL_SURFACE('',#10497,0.65);
#10497 = AXIS2_PLACEMENT_3D('',#10498,#10499,#10500);
#10498 = CARTESIAN_POINT('',(149.158,51.525997,-4.6E-02));
#10499 = DIRECTION('',(-0.,-0.,-1.));
#10500 = DIRECTION('',(-4.372570681601E-14,-1.,0.));
#10501 = ADVANCED_FACE('',(#10502),#10513,.F.);
#10502 = FACE_BOUND('',#10503,.T.);
#10503 = EDGE_LOOP('',(#10504,#10505,#10511,#10512));
#10504 = ORIENTED_EDGE('',*,*,#3056,.T.);
#10505 = ORIENTED_EDGE('',*,*,#10506,.T.);
#10506 = EDGE_CURVE('',#3057,#5989,#10507,.T.);
#10507 = LINE('',#10508,#10509);
#10508 = CARTESIAN_POINT('',(150.5,59.1,-4.6E-02));
#10509 = VECTOR('',#10510,1.);
#10510 = DIRECTION('',(0.,0.,1.));
#10511 = ORIENTED_EDGE('',*,*,#5988,.F.);
#10512 = ORIENTED_EDGE('',*,*,#10506,.F.);
#10513 = CYLINDRICAL_SURFACE('',#10514,1.6);
#10514 = AXIS2_PLACEMENT_3D('',#10515,#10516,#10517);
#10515 = CARTESIAN_POINT('',(150.5,60.7,-4.6E-02));
#10516 = DIRECTION('',(-0.,-0.,-1.));
#10517 = DIRECTION('',(-0.,-1.,0.));
#10518 = ( GEOMETRIC_REPRESENTATION_CONTEXT(3) 
GLOBAL_UNCERTAINTY_ASSIGNED_CONTEXT((#10522)) 
GLOBAL_UNIT_ASSIGNED_CONTEXT((#10519,#10520,#10521)) 
REPRESENTATION_CONTEXT('Context #1',
  '3D Context with UNIT and UNCERTAINTY') );
#10519 = ( LENGTH_UNIT() NAMED_UNIT(*) SI_UNIT(.MILLI.,.METRE.) );
#10520 = ( NAMED_UNIT(*) PLANE_ANGLE_UNIT() SI_UNIT($,.RADIAN.) );
#10521 = ( NAMED_UNIT(*) SI_UNIT($,.STERADIAN.) SOLID_ANGLE_UNIT() );
#10522 = UNCERTAINTY_MEASURE_WITH_UNIT(LENGTH_MEASURE(1.E-07),#10519,
  'distance_accuracy_value','confusion accuracy');
#10523 = CONTEXT_DEPENDENT_SHAPE_REPRESENTATION(#10524,#10526);
#10524 = ( REPRESENTATION_RELATIONSHIP('','',#32,#10) 
REPRESENTATION_RELATIONSHIP_WITH_TRANSFORMATION(#10525) 
SHAPE_REPRESENTATION_RELATIONSHIP() );
#10525 = ITEM_DEFINED_TRANSFORMATION('','',#11,#15);
#10526 = PRODUCT_DEFINITION_SHAPE('Placement','Placement of an item',
  #10527);
#10527 = NEXT_ASSEMBLY_USAGE_OCCURRENCE('1','=>[0:1:1:2]','',#5,#27,$);
#10528 = PRODUCT_RELATED_PRODUCT_CATEGORY('part',$,(#29));
#10529 = MECHANICAL_DESIGN_GEOMETRIC_PRESENTATION_REPRESENTATION('',(
    #10530),#10518);
#10530 = STYLED_ITEM('color',(#10531),#33);
#10531 = PRESENTATION_STYLE_ASSIGNMENT((#10532));
#10532 = SURFACE_STYLE_USAGE(.BOTH.,#10533);
#10533 = SURFACE_SIDE_STYLE('',(#10534));
#10534 = SURFACE_STYLE_FILL_AREA(#10535);
#10535 = FILL_AREA_STYLE('',(#10536));
#10536 = FILL_AREA_STYLE_COLOUR('',#10537);
#10537 = COLOUR_RGB('',0.277846546019,0.436627062838,0.370214030736);
ENDSEC;
END-ISO-10303-21;
